,id,name,portrait,laning,class,skills,speciality,counters,synergies
0,h001,Miya,https://akmweb.youngjoygame.com/web/svnres/img/mlbb/homepage/100_da894b37bfb5cadb32307f371f31918a.png,['gold lane'],Marksman,"[{'skill_name': 'Moon Blessing', 'skill_icon': 'hero-skills-images/miya/passive.png', 'type': 'passive', 'cooldown': 'null', 'manacost': 'null', 'description': 'Moon BlessingBuff | Attack Effects: 20% | Lifesteal Ratio: 0%Each time Miya hits a target with her Basic Attack, she gains 5% Attack Speed for 4 seconds. Stacks up to 5 times.After reaching full stacks, Miya summons a Moonlight Shadow with each Basic Attack that deals 30 (+30% Total Physical Attack) Physical Damage and inherits a portion of Attack Effects.Skill terms\nAttack Speed\nCurrent Attack Speed = Base Attack Speed + Extra Attack Speed × Attack Speed Ratio. The current total Attack Speed de'}, {'skill_name': 'Moon Arrow', 'skill_icon': 'hero-skills-images/miya/skill_1.png', 'type': 'active', 'cooldown': '11.0', 'manacost': '50 / 55 / 60 / 65 / 70 / 75', 'description': 'Moon ArrowBuff\xa0AOE | Attack Effects: 20% | Lifesteal Ratio: 0%Miya shoots two extra arrows with each Basic Attack, dealing 10–35 (+100% Total Physical Attack) Physical Damage to the target enemy and 30% damage to nearby targets. This effect lasts 4 seconds. Each extra arrow inherits a portion of Attack Effects.Skill terms\nPhysical Basic Attack\nDeal Physical Damage to enemies. Triggers ATK Effects and Lifesteal.\nAttack Effect\nBoth Physical and Magic Basic Attacks can trigger Attack Effects Attack'}, {'skill_name': 'Arrow of Eclipse', 'skill_icon': 'hero-skills-images/miya/skill_2.png', 'type': 'active', 'cooldown': '8.0', 'manacost': '80 / 90 / 100 / 110 / 120 / 130', 'description': 'Arrow of EclipseCC\xa0AOEMiya launches an empowered arrow on the target area, dealing 270–420 (+45% Total Physical Attack) Physical Damage to enemies within and immobilizing them for 1.2 seconds. The arrow then splits into 6 scattering minor arrows, each dealing 40–105 (+20% Total Physical Attack) Physical Damage to the first enemy hit and slowing them by 30% for 2 seconds.Skill terms\nImmobilize\nLow level Crowd Control: Prevents a target from moving or using Blink/Charge skills. Cannot interrupt sk'}, {'skill_name': 'Hidden Moonlight', 'skill_icon': 'hero-skills-images/miya/ultimate.png', 'type': 'active', 'cooldown': '46.0', 'manacost': '120 / 145 / 170', 'description': 'Hidden MoonlightConceal\xa0Remove CCMiya removes all debuffs on her and conceals herself, gaining 35%–65% extra Movement Speed. This state lasts 2 seconds or until she launches an attack.Miya gains full stacks of  Moon Blessing upon leaving the state.Skill terms\nExceptional Status\nDebuff applied to the enemy.\nConceal\n\nMovement Speed\nMovement Speed on the battlefield. Usually Calculated and Actual Movement Speed is equal. But when Movement Speed is below 230 or over 420 both Slowdown and Speedup Eff'}]","['Finisher', 'Damage']","[{'heroid': 70, 'heroname': 'Belerick'}, {'heroid': 87, 'heroname': 'Baxia'}, {'heroid': 72, 'heroname': 'Thamuz'}, {'heroid': 86, 'heroname': 'Lylia'}, {'heroid': 98, 'heroname': 'Khaleed'}, {'heroid': 41, 'heroname': 'Gatotkaca'}, {'heroid': 82, 'heroname': 'Terizla'}, {'heroid': 117, 'heroname': 'Fredrinn'}, {'heroid': 99, 'heroname': 'Barats'}, {'heroid': 101, 'heroname': 'Yve'}]","[{'heroid': 104, 'heroname': 'Gloo'}, {'heroid': 70, 'heroname': 'Belerick'}, {'heroid': 56, 'heroname': 'Gusion'}, {'heroid': 10, 'heroname': 'Franco'}, {'heroid': 54, 'heroname': 'Jawhead'}, {'heroid': 42, 'heroname': 'Harley'}, {'heroid': 17, 'heroname': 'Fanny'}, {'heroid': 23, 'heroname': 'Gord'}, {'heroid': 113, 'heroname': 'Yin'}, {'heroid': 97, 'heroname': 'Benedetta'}]"
1,h002,Balmond,https://akmweb.youngjoygame.com/web/svnres/img/mlbb/homepage_2_1_18_2/100_df9a6990b1946d045e4d3a46c90725cf.png,"['jungle, exp lane']",Fighter,"[{'skill_name': 'Bloodthirst', 'skill_icon': 'hero-skills-images/balmond/passive.png', 'type': 'passive', 'cooldown': 'null', 'manacost': 'null', 'description': 'BloodthirstHealBalmond recovers 5% Max HP after killing a Minion or Creep, and 20% Max HP after killing a hero.Skill terms\nMax HP\nThe maximum HP currently can have.'}, {'skill_name': 'Soul Lock', 'skill_icon': 'hero-skills-images/balmond/skill_1.png', 'type': 'active', 'cooldown': '8.0', 'manacost': 'null', 'description': 'Soul LockMobility\xa0SlowBalmond charges to the target direction for a set distance or until he hits an enemy hero, dealing 150–275 (+60% Total Physical Attack) Physical Damage to enemies along the way. The enemy hero hit will be knocked back slightly and slowed by 60% for 2 seconds.Skill terms\nBlink\nMovement ability that can pass through obstacles.\nPhysical Damage Skill\nDeal Physical DMG to enemies. Triggers Spell Vamp.\nMovement Speed\nMovement Speed on the battlefield. Usually Calculated and Actua'}, {'skill_name': 'Cyclone Sweep', 'skill_icon': 'hero-skills-images/balmond/skill_2.png', 'type': 'active', 'cooldown': '6.0', 'manacost': 'null', 'description': 'Cyclone SweepAOE\xa0BuffBalmond gains 15% Movement Speed that decays over time and spins his axe for 3 seconds, dealing 25–100 (+25% Total Physical Attack) Physical Damage to nearby enemies up to 14 times. Each subsequent hit on the same enemy will deal 7.5% increased damage (up to 60%).The Physical Attack bonus portion of the damage can Crit.Skill terms\nPhysical Damage Skill\nDeal Physical DMG to enemies. Triggers Spell Vamp.\n\nLevel scaling\n\n\nProperties\n\n1\n\n2\n\n3\n\n4\n\n5\n\n6\n\n\nCooldown\n\n6.0\n\n\nBase Dama'}, {'skill_name': 'Lethal Counter', 'skill_icon': 'hero-skills-images/balmond/ultimate.png', 'type': 'active', 'cooldown': '34.0', 'manacost': 'null', 'description': ""Lethal CounterBurst\xa0SlowBalmond unleashes a huge strike in the target direction (cannot be interrupted), dealing [150 (+70% Total Physical Attack) (+target's 30%–45% Lost HP) True Damage.]This skill deals up to 1000–2000 damage to non-hero units.Skill terms\nTrue Damage Skill\nDeal True Damage to enemies. Triggers Spell Vamp.\nLost HP\nLost HP = Max HP - Current HP.\nTrue Damage\nIf there is no way to reduce damage taken, you can try increasing Max HP.\n\nLevel scaling\n\n\nProperties\n\n1\n\n2\n\n3\n\n\nCooldown""}]","['Damage', 'Regen']","[{'heroid': 123, 'heroname': 'Cici'}, {'heroid': 83, 'heroname': 'X.Borg'}, {'heroid': 34, 'heroname': 'Estes'}, {'heroid': 55, 'heroname': 'Angela'}, {'heroid': 48, 'heroname': 'Diggie'}, {'heroid': 57, 'heroname': 'Valir'}, {'heroid': 68, 'heroname': 'Lunox'}, {'heroid': 102, 'heroname': 'Mathilda'}, {'heroid': 101, 'heroname': 'Yve'}]","[{'heroid': 45, 'heroname': 'Argus'}, {'heroid': 80, 'heroname': 'Guinevere'}, {'heroid': 74, 'heroname': 'Minsitthar'}, {'heroid': 93, 'heroname': 'Atlas'}, {'heroid': 51, 'heroname': 'Helcurt'}, {'heroid': 55, 'heroname': 'Angela'}, {'heroid': 64, 'heroname': 'Aldous'}, {'heroid': 77, 'heroname': 'Badang'}, {'heroid': 115, 'heroname': 'Xavier'}, {'heroid': 97, 'heroname': 'Benedetta'}]"
2,h003,Saber,https://akmweb.youngjoygame.com/web/svnres/img/mlbb/homepage/100_6bbfac806f29d29f17fea9e98d2d2fee.png,"['jungle, roam']",Assassin,"[{'skill_name': 'Deduction of Physical', 'skill_icon': 'hero-skills-images/saber/passive.png', 'type': 'passive', 'cooldown': 'null', 'manacost': 'null', 'description': ""Enemy's BaneDebuffSaber's attacks reduce enemies' Physical Defense by 3–8 for 5 seconds on hit. This effect stacks up to 5 times.Skill terms\nPhysical Defense\nDeduction of Physical Damage taken. Physical Defense will be affected by the enemy’s Physical PEN but not lower than 0.  Actual Physical Damage taken = Physical Damage dealt by enemy 120/(120 + Physical Defense). Physical Defense will be affected by the enemy's Physical PEN, but will not be lower than -60.\n\nIcon\xa0variants\n\n\nLevel scaling\n\n\nP""}, {'skill_name': 'Orbiting Swords', 'skill_icon': 'hero-skills-images/saber/skill_1.png', 'type': 'active', 'cooldown': '9.0', 'manacost': '75 / 85 / 95 / 105 / 115 / 125', 'description': 'Orbiting SwordsAOE\xa0BuffSaber shoots out 5 swords that orbit around him, dealing 80–105 (+30% Extra Physical Attack) Physical Damage to enemies'}, {'skill_name': 'Charge', 'skill_icon': 'hero-skills-images/saber/skill_2.png', 'type': 'active', 'cooldown': '7.0', 'manacost': '70 / 65 / 60 / 55 / 50 / 45', 'description': 'ChargeMobility\xa0AOESaber dashes in the target direction, dealing 75–150 (+50% Extra Physical Attack) Physical Damage to enemies along the way while enhancing his next Basic Attack. Saber can dash to the target, and his enhanced Basic Attack deals 75–150 (+120% Total Physical Attack) Physical Damage and slows the target by 60% for 1 second.Skill terms\nBlink\nMovement ability that can pass through obstacles.\nPhysical Damage Skill\nDeal Physical DMG to enemies. Triggers Spell Vamp.\nPhysical Basic Atta'}, {'skill_name': 'Triple Sweep', 'skill_icon': 'hero-skills-images/saber/ultimate.png', 'type': 'active', 'cooldown': '44.0', 'manacost': '100 / 120 / 140', 'description': 'Triple SweepBurst\xa0CCSaber charges at the target enemy hero, knocking them airborne for 1.2 seconds and striking them 3 times over the duration. The first two strikes deal 120–180 (+100% Extra Physical Attack) Physical Damage each, while the third strike deals 240–360 (+200% Extra Physical Attack) Physical Damage.Skill terms\nAirborne\nHigh level Crowd Control: Prevents a target from moving, and using Basic Attacks and skills. Can interrupt a large number of skills, and Blink/Charge effects.\nPhysic'}]","['Charge', 'Finisher']","[{'heroid': 99, 'heroname': 'Barats'}, {'heroid': 1, 'heroname': 'Miya'}, {'heroid': 88, 'heroname': 'Masha'}, {'heroid': 45, 'heroname': 'Argus'}, {'heroid': 27, 'heroname': 'Sun'}, {'heroid': 117, 'heroname': 'Fredrinn'}, {'heroid': 70, 'heroname': 'Belerick'}]","[{'heroid': 20, 'heroname': 'Lolita'}, {'heroid': 70, 'heroname': 'Belerick'}, {'heroid': 19, 'heroname': 'Minotaur'}, {'heroid': 104, 'heroname': 'Gloo'}, {'heroid': 107, 'heroname': 'Natan'}, {'heroid': 111, 'heroname': 'Edith'}, {'heroid': 9, 'heroname': 'Akai'}, {'heroid': 14, 'heroname': 'Rafaela'}, {'heroid': 34, 'heroname': 'Estes'}, {'heroid': 62, 'heroname': 'Kaja'}]"
3,h004,Alice,https://akmweb.youngjoygame.com/web/svnres/img/mlbb/homepage_2_1_18/100_18300163a5a912a84adb52b8d59b4618.png,"['exp lane, jungle']","Tank, Mage","[{'skill_name': 'Crimson Blood Banquet', 'skill_icon': 'hero-skills-images/alice/passive.png', 'type': 'passive', 'cooldown': 'null', 'manacost': 'null', 'description': ""Crimson Blood BanquetAOE\xa0HealWhen Alice's skills hit, she gains 1 stack(s) of Crimson, lasting 4 seconds. Once Crimson reaches 2 stacks, Blood Banquet activates, dealing 25 (+30% Total Magic Power) plus 0.5%~2.5% (scales with level) of the target's Max HP as  Magic Damage to nearby enemies (Blood Banquet refreshes duration when hitting heroes) and recovering 10 (+3% Extra HP)  for Alice every 0.5 seconds.  Blood Banquet HP recovery from minions is reduced by 0%. Can deal up to 45(+12*Hero Level)""}, {'skill_name': 'Crimson Gleam', 'skill_icon': 'hero-skills-images/alice/skill_1.png', 'type': 'active', 'cooldown': '18.0', 'manacost': 'null', 'description': ""Crimson GleamMobility\xa0AOE | Spell Vamp Ratio: 50%Alice fires blood energy forward, dealing 100–200 (+50% Total Magic Power) Magic Damage. Before the blood energy dissipates, this skill can be cast again to activate Scarlet Shadow, allowing Alice to blink to the blood energy's location.Skill terms\nBlink\nMovement ability that can pass through obstacles.\nMagic Damage\nMagic Damage taken can be reduced by increasing Magic Defense.\n\nLevel scaling\n\n\nProperties\n\n1\n\n2\n\n3\n\n4\n\n5\n\n6\n\n\nCooldown\n\n18.0\n\n16.0""}, {'skill_name': 'Doom Waltz', 'skill_icon': 'hero-skills-images/alice/skill_2.png', 'type': 'active', 'cooldown': '4.0', 'manacost': 'null', 'description': ""Doom WaltzSlow\xa0AOE | Spell Vamp Ratio: 50%Alice performs a deadly dance, dealing 350–550 (+130% Total Magic Power) Magic Damage to nearby enemies and slowing them by 70% for 1 second. If Blood Banquet is active at this time, it also scorches enemies, dealing 300% of Blood Banquet's damage and healing Alice for the same amount.\n\nLevel scaling\n\n\nProperties\n\n1\n\n2\n\n3\n\n4\n\n5\n\n6\n\n\nCooldown\n\n4.0\n\n\nBase Damage\n\n350\n\n390\n\n430\n\n470\n\n510\n\n550""}, {'skill_name': 'Throne of Ruin', 'skill_icon': 'hero-skills-images/alice/ultimate.png', 'type': 'active', 'cooldown': '60.0', 'manacost': 'null', 'description': 'Throne of RuinCC\xa0AOE | Spell Vamp Ratio: 50%Alice surrounds herself with blood, gaining Control Immunity and 50% Damage Reduction while slowing herself by 50%. After 1.5 seconds, she descends with force, dealing 500–700 (+150% Total Magic Power) (+20% Extra HP) Magic Damage to all enemies in range, and immobilizing them for 1 second.  While charging her Ultimate, Alice can only use Scarlet Shadow\n\nLevel scaling\n\n\nProperties\n\n1\n\n2\n\n3\n\n\nCooldown\n\n60.0\n\n55.0\n\n50.0\n\n\nBase Damage\n\n500\n\n600\n\n700'}]","['Charge', 'Regen']","[{'heroid': 112, 'heroname': 'Floryn'}, {'heroid': 55, 'heroname': 'Angela'}, {'heroid': 34, 'heroname': 'Estes'}, {'heroid': 123, 'heroname': 'Cici'}, {'heroid': 48, 'heroname': 'Diggie'}, {'heroid': 108, 'heroname': 'Aulus'}, {'heroid': 40, 'heroname': 'Karrie'}, {'heroid': 68, 'heroname': 'Lunox'}, {'heroid': 87, 'heroname': 'Baxia'}]","[{'heroid': 110, 'heroname': 'Valentina'}, {'heroid': 24, 'heroname': 'Natalia'}, {'heroid': 51, 'heroname': 'Helcurt'}, {'heroid': 55, 'heroname': 'Angela'}, {'heroid': 3, 'heroname': 'Saber'}, {'heroid': 45, 'heroname': 'Argus'}, {'heroid': 88, 'heroname': 'Masha'}, {'heroid': 48, 'heroname': 'Diggie'}, {'heroid': 129, 'heroname': 'Zetian'}, {'heroid': 101, 'heroname': 'Yve'}]"
4,h005,Nana,https://akmweb.youngjoygame.com/web/svnres/img/mlbb/homepage/100_ee1e0d80d87bb614a0c552ef028f85ce.png,['mid lane'],Mage,"[{'skill_name': 'Passive', 'skill_icon': 'hero-skills-images/nana/passive.png', 'type': 'passive', 'cooldown': 'null', 'manacost': 'null', 'description': ""Molina's GiftDeath ImmuneUpon taking fatal damage, Nana removes all debuffs on her and transforms, becoming untargetable and invincible, and gains 70% Movement Speed for 2 seconds. She also recovers 10% Max HP over the duration.Nana can only transform once every 150 seconds and cannot cast skills in the transformed form.""}, {'skill_name': 'Magic Boomerang', 'skill_icon': 'hero-skills-images/nana/skill_1.png', 'type': 'active', 'cooldown': '5.5', 'manacost': '50 / 55 / 60 / 65 / 70 / 75', 'description': 'Magic BoomerangAOENana hurls her Magical Boomerang in the target direction, dealing damage to enemies hit on its way out and back. The boomerang deals 320–440 (+100% Total Magic Power) Magic Damage to the first enemy For every additional enemy hit, the damage is reduced by 20%  (max reduction of 60%).Skill terms\nMagic Damage Skill\nDeal Magic DMG to enemies. Triggers Spell Vamp.\n\nLevel scaling\n\n\nProperties\n\n1\n\n2\n\n3\n\n4\n\n5\n\n6\n\n\nCooldown\n\n5.5\n\n5.2\n\n4.9\n\n4.6\n\n4.3\n\n4.0\n\n\nMana Cost\n\n50\n\n55\n\n60\n\n65\n\n70'}, {'skill_name': 'Molina Smooch', 'skill_icon': 'hero-skills-images/nana/skill_2.png', 'type': 'active', 'cooldown': '14.5', 'manacost': '80 / 85 / 90 / 95 / 100 / 105', 'description': 'Molina SmoochCC\xa0DebuffNana summons Molina at the target location. After a short delay. Molina will chase the nearest enemy hero in range for 2.5 seconds. Molina Will deal 250–375 (+50% Total Magic Power) Magic Damage to the first enemy hero it collides with and transform them for 1.5 seconds, and also slow them by 50% and reduce their Magic Defense by 25% for the duration.If there are no enemy heroes in range, Molina will disappear after 12 seconds.Skill terms\nTransform\n\nMagic Damage Skill\nDeal'}, {'skill_name': 'Molina Blitz', 'skill_icon': 'hero-skills-images/nana/ultimate.png', 'type': 'active', 'cooldown': '36.0', 'manacost': '135 / 150 / 165', 'description': 'Molina BlitzBurst\xa0CCNana summons Molina to strike the target area 3 times, each time dealing  440–660 (+160% Total Magic Power) Magic Damage to enemies within the area and slowing them by 50% for 1 second.  Enemies hit consecutively will be stunned for 1 second.Skill terms\nStunn\n\nMagic Damage Skill\nDeal Magic DMG to enemies. Triggers Spell Vamp.\nMovement Speed\nMovement Speed on the battlefield. Usually Calculated and Actual Movement Speed is equal. But when Movement Speed is below 230 or over 42'}]","['Poke', 'Burst']","[{'heroid': 104, 'heroname': 'Gloo'}, {'heroid': 49, 'heroname': 'Hylos'}, {'heroid': 93, 'heroname': 'Atlas'}, {'heroid': 2, 'heroname': 'Balmond'}, {'heroid': 4, 'heroname': 'Alice'}, {'heroid': 9, 'heroname': 'Akai'}, {'heroid': 81, 'heroname': 'Esmeralda'}, {'heroid': 118, 'heroname': 'Joy'}, {'heroid': 124, 'heroname': 'Chip'}, {'heroid': 98, 'heroname': 'Khaleed'}]","[{'heroid': 42, 'heroname': 'Harley'}, {'heroid': 116, 'heroname': 'Julian'}, {'heroid': 104, 'heroname': 'Gloo'}, {'heroid': 93, 'heroname': 'Atlas'}, {'heroid': 107, 'heroname': 'Natan'}, {'heroid': 64, 'heroname': 'Aldous'}, {'heroid': 14, 'heroname': 'Rafaela'}, {'heroid': 73, 'heroname': 'Harith'}, {'heroid': 94, 'heroname': 'Popol and Kupa'}, {'heroid': 4, 'heroname': 'Alice'}]"
5,h006,Tigreal,https://akmweb.youngjoygame.com/web/svnres/img/mlbb/homepage/100_8b30576754be1a4f8bebd09df8d6bec7.png,['roam'],Tank,"[{'skill_name': 'Fearless', 'skill_icon': 'hero-skills-images/tigreal/passive.png', 'type': 'passive', 'cooldown': 'null', 'manacost': 'null', 'description': 'FearlessBuffTigreal gains a stack of Fearless each time he casts a skills or is hit by Basic Attack. After getting 4 stacks, Tigreal will consume all Fearless stacks to block the next incoming Basic Attack (including attacks from turrets).Attacks from Minions do not grant Fearless atacks nor trigger this effect.Skill terms\nPhysical Basic Attack\nDeal Physical Damage to enemies. Triggers ATK Effects and Lifesteal.\nMagic Basic Attack\nDeal Magic DMG to enemies. It can trigger ATK Effect and Magic Li'}, {'skill_name': 'Attack Wave', 'skill_icon': 'hero-skills-images/tigreal/skill_1.png', 'type': 'active', 'cooldown': '7.0', 'manacost': '45', 'description': 'Attack WaveAOE\xa0SlowTigreal smashes the ground with his hammer and sends a shockwave forward that erupts 3 times, each time dealing 270–520 (+70% Total Physical Attack) Physical Damage to enemies along the fan-shaped area and slowing them by 20%/40%/60% for 1.5 seconds.Skill terms\nPhysical Damage Skill\nDeal Physical DMG to enemies. Triggers Spell Vamp.\nMovement Speed\nMovement Speed on the battlefield. Usually Calculated and Actual Movement Speed is equal. But when Movement Speed is below 230 or o'}, {'skill_name': 'Sacred Hammer', 'skill_icon': 'hero-skills-images/tigreal/skill_2.png', 'type': 'active', 'cooldown': '12.5', 'manacost': '70', 'description': 'Sacred HammerMobility\xa0CCTigreal charges in a target direction, dealing (+100% Total Physical Attack) Physical Damage to enemies along the way and pushing them to the end of the charge.Used Again: Tigreal can cast this skill again within 4 seconds, dealing 280–380 (+60% Total Physical Attack) Physical Damage to enemies in front of him and knocking them airborne for 1 second.Skill terms\nPhysical Skill\nDeal Physical DMG to enemies. Triggers Spell Vamp.\nCharge\nMovement ability that cannot pass throu'}, {'skill_name': 'Implosion', 'skill_icon': 'hero-skills-images/tigreal/ultimate.png', 'type': 'active', 'cooldown': '45.0', 'manacost': '120 / 140 / 160', 'description': 'ImplosionCC\xa0AOETigreal unleashes the power of his hammer, stunning and pulling nearby enemies to him for 2 seconds while dealing 270–430 (+130% Total Physical Attack) Physical Damage.The first half of the channeling can be interrupted by control effects. The second part of the channeling cannot be interrupted except by Suppression.Skill terms\nPull\nTarget Displacement: Cannot interrupt skills or Blink.\nStun\nBasic level Crowd Control: Prevents a target from moving, and using Basic Attacks and skil'}]",['Crowd Control'],"[{'heroid': 4, 'heroname': 'Alice'}, {'heroid': 83, 'heroname': 'X.Borg'}, {'heroid': 2, 'heroname': 'Balmond'}, {'heroid': 57, 'heroname': 'Valir'}, {'heroid': 48, 'heroname': 'Diggie'}, {'heroid': 129, 'heroname': 'Zetian'}, {'heroid': 76, 'heroname': 'Faramis'}, {'heroid': 119, 'heroname': 'Novaria'}]","[{'heroid': 64, 'heroname': 'Aldous'}, {'heroid': 108, 'heroname': 'Aulus'}, {'heroid': 16, 'heroname': 'Zilong'}, {'heroid': 24, 'heroname': 'Natalia'}, {'heroid': 7, 'heroname': 'Alucard'}, {'heroid': 116, 'heroname': 'Julian'}, {'heroid': 90, 'heroname': 'Silvanna'}, {'heroid': 107, 'heroname': 'Natan'}, {'heroid': 76, 'heroname': 'Faramis'}, {'heroid': 60, 'heroname': 'Hanabi'}]"
6,h007,Alucard,https://akmweb.youngjoygame.com/web/svnres/img/mlbb/homepage/100_0f51b6906e08897aa02330d65b0deeac.png,['jungle'],"Fighter, Assassin","[{'skill_name': 'Pursuit', 'skill_icon': 'hero-skills-images/alucard/passive.png', 'type': 'passive', 'cooldown': 'null', 'manacost': 'null', 'description': ""PursuitBuffAfter each skill cast, Alucard's next Basic Attack allows him to dash to the target's location and deal (+140% Total Physical Attack) Physical Damage.Skill terms\nPhysical Basic Attack\nDeal Physical Damage to enemies. Triggers ATK Effects and Lifesteal.\n\nIcon\xa0variants\n\n\n\n\nNotes\nThe range of Pursuit can be increased by \xa0Malefic Gun and its passive Malefic Energy.""}, {'skill_name': 'Groundsplitter', 'skill_icon': 'hero-skills-images/alucard/skill_1.png', 'type': 'active', 'cooldown': '8.5', 'manacost': 'null', 'description': 'GroundsplitterMobility\xa0AOEAlucard rolls to the target location and slams his blade on the ground, dealing 270–370 (+110% Extra Physical Attack) Physical Damage to enemies hit and slowing them by 40% for 2 seconds.Skill terms\nBlink\nMovement ability that can pass through obstacles.\nPhysical Damage Skill\nDeal Physical DMG to enemies. Triggers Spell Vamp.\nMovement Speed\nMovement Speed on the battlefield. Usually Calculated and Actual Movement Speed is equal. But when Movement Speed is below 230 or o'}, {'skill_name': 'Whirling Smash', 'skill_icon': 'hero-skills-images/alucard/skill_2.png', 'type': 'active', 'cooldown': '6.0', 'manacost': 'null', 'description': 'Whirling SmashAOEAlucard launches a whirling slash, dealing 345–570 (+120% Extra Physical Attack) Physical Damage to nearby enemies.Skill terms\nPhysical Damage Skill\nDeal Physical DMG to enemies. Triggers Spell Vamp.\n\nIcon\xa0variants\n\n\n\n\nLevel scaling\n\n\nProperties\n\n1\n\n2\n\n3\n\n4\n\n5\n\n6\n\n\nCooldown\n\n6.0\n\n5.6\n\n5.2\n\n4.8\n\n4.4\n\n4.0\n\n\nBase Damage\n\n345\n\n390\n\n435\n\n480\n\n525\n\n570'}, {'skill_name': 'Fission Wave', 'skill_icon': 'hero-skills-images/alucard/ultimate.png', 'type': 'active', 'cooldown': '40.0', 'manacost': 'null', 'description': 'Fission WaveBuff\xa0BurstPassive: Alucard permanently gains 10%-30% extra Hybrid Lifesteal.Active: Alucard absorbs the energy of enemies in the target area, reducing their Movement Speed by 30% and Hybrid Defense by 10-20. Alucard gains 10-20 Hybrid Defense for each enemy hero hit and reduces the cooldown of his other skills to 50% for 6 seconds. Use Again: Alucard releases a shockwave in the target direction, dealing 400–700 (+200% Extra Physical Attack) Physical Damage to enemies hit.Skill terms'}]","['Chase', 'Damage']","[{'heroid': 99, 'heroname': 'Barats'}, {'heroid': 114, 'heroname': 'Melissa'}, {'heroid': 72, 'heroname': 'Thamuz'}, {'heroid': 117, 'heroname': 'Fredrinn'}, {'heroid': 28, 'heroname': 'Alpha'}, {'heroid': 106, 'heroname': 'Phoveus'}, {'heroid': 78, 'heroname': 'Khufra'}, {'heroid': 85, 'heroname': 'Dyrroth'}]","[{'heroid': 80, 'heroname': 'Guinevere'}, {'heroid': 6, 'heroname': 'Tigreal'}, {'heroid': 107, 'heroname': 'Natan'}, {'heroid': 97, 'heroname': 'Benedetta'}, {'heroid': 79, 'heroname': 'Granger'}, {'heroid': 52, 'heroname': 'Pharsa'}, {'heroid': 73, 'heroname': 'Harith'}, {'heroid': 120, 'heroname': 'Arlott'}, {'heroid': 62, 'heroname': 'Kaja'}, {'heroid': 48, 'heroname': 'Diggie'}]"
7,h008,Karina,https://akmweb.youngjoygame.com/web/svnres/img/mlbb/homepage/100_f49394186dc0e55d545da8377be83280.png,['jungle'],Assassin,"[{'skill_name': 'Shadow Combo', 'skill_icon': 'hero-skills-images/karina/passive.png', 'type': 'passive', 'cooldown': 'null', 'manacost': 'null', 'description': ""Shadow ComboBuffKarina's third consecutive attack on the same enemy deals extra True Damage equal to 50 plus 5 (+2.5% Total Magic Power)% of their lost HP (up to 2000 True Damage against creeps).If the target is an enemy hero, the cooldowns Karina's non-Ultimate skills are reduced by 1.5 seconds.Skill terms\nLost HP\nLost HP = Max HP - Current HP.\nTrue Damage Skill\nDeal True Damage to enemies. Triggers Spell Vamp.\nTrue Damage\nIf there is no way to reduce damage taken, you can try increasing Max HP""}, {'skill_name': 'Dance of Blades', 'skill_icon': 'hero-skills-images/karina/skill_1.png', 'type': 'active', 'cooldown': '7.0', 'manacost': '70 / 80 / 90 / 100 / 110 / 120', 'description': ""Dance of BladesBuff\xa0Speed UpKarina enters the Dance of Blades state for 3.5 seconds, during which she gains 45% extra Movement Speed, blocks all incoming Basic Attacks, and reflects 100–200 (+30% Total Magic Power) Magic Damage back to the attacker (the damage reflection effect has a cooldown of 0.4 seconds).Karina's Basic Attack within the duration deals 150–255 (+55% Total Magic Power) Magic Damage, slows the target by 45% for 1 second, and is guaranteed critical strike. Casting the enhanced B""}, {'skill_name': 'Dance of Death', 'skill_icon': 'hero-skills-images/karina/skill_2.png', 'type': 'active', 'cooldown': '6.0', 'manacost': '60 / 68 / 76 / 84 / 92 / 100', 'description': 'Dance of DeathAOEKarina launces a spinning slash, dealing 375–600 (+125% Total Magic Power) Magic Damage to nearby enemies.Skill terms\nMagic Damage Skill\nDeal Magic DMG to enemies. Triggers Spell Vamp.\n\nIcon\xa0variants\n\n\nLevel scaling\n\n\nProperties\n\n1\n\n2\n\n3\n\n4\n\n5\n\n6\n\n\nCooldown\n\n6.0\n\n5.7\n\n5.4\n\n5.1\n\n4.8\n\n4.5\n\n\nMana Cost\n\n60\n\n68\n\n76\n\n84\n\n92\n\n100\n\n\nBase Damage\n\n375\n\n420\n\n465\n\n510\n\n555\n\n600'}, {'skill_name': 'Shadow Assault', 'skill_icon': 'hero-skills-images/karina/ultimate.png', 'type': 'active', 'cooldown': '34.0', 'manacost': '100 / 120 / 140', 'description': ""Shadow AssaultBurst\xa0MobilityKarina dashes to the target enemy hero, dealing 350–750 (+160% Total Magic Power) Magic Damage, applying a Shadow Mark to them, and leaving a Shadowform behind them. The Shadow Mark and Shadowform both last 5 seconds. If the enemy dies within the duration, the cooldown of this skill is reset.Use Again: Karina dashes back to the Shadowform's location, dealing 150–250 (+50% Total Magic Power) Magic Damage to enemies along the way.Skill terms\nBlink\nMovement ability that""}]","['Finisher', 'Magic Damage']","[{'heroid': 79, 'heroname': 'Granger'}, {'heroid': 68, 'heroname': 'Lunox'}, {'heroid': 104, 'heroname': 'Gloo'}, {'heroid': 46, 'heroname': 'Odette'}, {'heroid': 100, 'heroname': 'Brody'}, {'heroid': 114, 'heroname': 'Melissa'}, {'heroid': 118, 'heroname': 'Joy'}, {'heroid': 103, 'heroname': 'Paquito'}, {'heroid': 125, 'heroname': 'Zhuxin'}, {'heroid': 29, 'heroname': 'Ruby'}]","[{'heroid': 124, 'heroname': 'Chip'}, {'heroid': 37, 'heroname': 'Lapu-Lapu'}, {'heroid': 129, 'heroname': 'Zetian'}, {'heroid': 97, 'heroname': 'Benedetta'}, {'heroid': 62, 'heroname': 'Kaja'}, {'heroid': 29, 'heroname': 'Ruby'}, {'heroid': 72, 'heroname': 'Thamuz'}, {'heroid': 105, 'heroname': 'Beatrix'}, {'heroid': 127, 'heroname': 'Lukas'}]"
8,h009,Akai,https://akmweb.youngjoygame.com/web/svnres/img/mlbb/homepage/100_28f223447f0174336ff0922d364d81d3.png,['roam'],Tank,"[{'skill_name': 'Tai Chi', 'skill_icon': 'hero-skills-images/akai/passive.png', 'type': 'passive', 'cooldown': 'null', 'manacost': 'null', 'description': ""Tai ChiBuffAkai gains a 25 (+5% Total HP) shield for 4 seconds on each skill cast and can marks enemy heroes and Creeps hit by his skills.Akai's Basic Attacks deal 25 (+5% Total HP) extra Physical Damage to mark enemies.Skill terms\nShield\nSpecial HP is preferentially deducted when taking damage. The shield with shorter duration or lower points is usually preferentially deducted when multiple shields are stacked.\n\nIcon\xa0variants\n\nNotes\nThe duration and absorption of the shield are refreshed upon s""}, {'skill_name': 'Headbutt', 'skill_icon': 'hero-skills-images/akai/skill_1.png', 'type': 'active', 'cooldown': '13.0', 'manacost': '70 / 80 / 90 / 100 / 110 / 120', 'description': ""HeadbuttMobility\xa0CCAkai charges in the target direction, dealing 300–400 (+50% Total Physical Attack) Physical Damage to enemies along the away. If Akai hits an enemy hero during this process, he'll knocks them airborne for 0.5 seconds and be able to roll in the Joystick's direction once.Akai can cast Headbutt during  Heavy Spin to quickly adjust his position.Skill terms\nBlink\nMovement ability that can pass through obstacles.\nStunn\n\nMovement Speed\nMovement Speed on the battlefield. Usually Calcu""}, {'skill_name': 'Body Slam', 'skill_icon': 'hero-skills-images/akai/skill_2.png', 'type': 'active', 'cooldown': '7.0', 'manacost': '70 / 75 / 80 / 85 / 90 / 95', 'description': 'Body SlamAOEAkai smashes the ground with his body, dealing 270–420 (+6% Total HP) Physical Damage to nearby enemies and slowing them by 45% for 2 seconds.Skill terms\nPhysical Damage Skill\nDeal Physical DMG to enemies. Triggers Spell Vamp.\nMax HP\nThe maximum HP currently can have.\n\nIcon\xa0variants\n\n\nLevel scaling\n\n\nProperties\n\n1\n\n2\n\n3\n\n4\n\n5\n\n6\n\n\nCooldown\n\n7.0\n\n6.7\n\n6.4\n\n6.1\n\n5.8\n\n5.5\n\n\nMana Cost\n\n70\n\n75\n\n80\n\n85\n\n90\n\n95\n\n\nBase Damage\n\n270\n\n300\n\n330\n\n360\n\n390\n\n420'}, {'skill_name': 'Heavy Spin', 'skill_icon': 'hero-skills-images/akai/ultimate.png', 'type': 'active', 'cooldown': '40.0', 'manacost': '120', 'description': 'Heavy SpinCC\xa0AOEAkai removes all debuffs on him and spins for 4 seconds, gaining Slow Immunity while continuously dealing 200–450 (+100% Extra Physical Attack) Physical Damage to nearby enemies and knocking them back. Enemies heroes knocked back will knock back other heroes they collide with during the process.Akai also gradually increases his Movement Speed to 70% over the duration. This skill can only be interrupted by Suppression and Morph effects.Skill terms\nDisplacement\nTarget Displacement;'}]","['Guard', 'Crowd Control']","[{'heroid': 4, 'heroname': 'Alice'}, {'heroid': 81, 'heroname': 'Esmeralda'}, {'heroid': 40, 'heroname': 'Karrie'}, {'heroid': 60, 'heroname': 'Hanabi'}, {'heroid': 2, 'heroname': 'Balmond'}, {'heroid': 123, 'heroname': 'Cici'}, {'heroid': 33, 'heroname': 'Cyclops'}, {'heroid': 48, 'heroname': 'Diggie'}, {'heroid': 87, 'heroname': 'Baxia'}]","[{'heroid': 24, 'heroname': 'Natalia'}, {'heroid': 51, 'heroname': 'Helcurt'}, {'heroid': 16, 'heroname': 'Zilong'}, {'heroid': 76, 'heroname': 'Faramis'}, {'heroid': 110, 'heroname': 'Valentina'}, {'heroid': 90, 'heroname': 'Silvanna'}]"
9,h010,Franco,https://akmweb.youngjoygame.com/web/svnres/img/mlbb/homepage/100_2928027062e3c2a97bc3fd4a84897012.png,['roam'],Tank,"[{'skill_name': 'Wasteland Force', 'skill_icon': 'hero-skills-images/franco/passive.png', 'type': 'passive', 'cooldown': 'null', 'manacost': 'null', 'description': ""Wasteland ForceBuffIf no damage is taken within 5 seconds, Franco gains 10% Movement Speed, recovers 1% Max HP per second, and begins accumulating Wasteland Force (up to 10 stacks).Franco will consume all Wasteland Force stacks on his next skill cast to increase the skill's damage by up to 150%.Skill terms\nMovement Speed\nMovement Speed on the battlefield. Usually Calculated and Actual Movement Speed is equal. But when Movement Speed is below 230 or over 420 both Slowdown and Speedup Effect will""}, {'skill_name': 'Iron Hook', 'skill_icon': 'hero-skills-images/franco/skill_1.png', 'type': 'active', 'cooldown': '15.0', 'manacost': '135 / 140 / 145 / 150 / 155 / 160', 'description': 'Iron HookCC\xa0DamageFranco launches an iron hook in the target direction. The hook will snag the first enemy unit hit, dealing 400–650 (+100% Total Physical Attack) Physical Damage dragging them to Franco.Skill terms\nPhysical Damage Skill\nDeal Physical DMG to enemies. Triggers Spell Vamp.\nDisplacement\nTarget Displacement; Can interrupt certain skills and Blink or Charge effects (interrupts the same skills as Knock Airborne effect). Including but not limited to Knockback, Drag and effects that pull'}, {'skill_name': 'Fury Shock', 'skill_icon': 'hero-skills-images/franco/skill_2.png', 'type': 'active', 'cooldown': '7.0', 'manacost': '40 / 45 / 50 / 55 / 60 / 65', 'description': 'Fury ShockSlowFranco lashes out, dealing Physical Damage equal to 300–450 plus 4% of his Max HP to nearby enemies and slowing them by 70% for 1.5 seconds.Skill terms\nPhysical Damage Skill\nDeal Physical DMG to enemies. Triggers Spell Vamp.\nMax HP\nThe maximum HP currently can have.\nMovement Speed\nMovement Speed on the battlefield. Usually Calculated and Actual Movement Speed is equal. But when Movement Speed is below 230 or over 420 both Slowdown and Speedup Effect will decay. Calculated Movement'}, {'skill_name': 'Bloody Hunt', 'skill_icon': 'hero-skills-images/franco/ultimate.png', 'type': 'active', 'cooldown': '62.0', 'manacost': '110 / 125 / 140', 'description': 'Bloody HuntBurst\xa0CCFranco suppresses the target enemy hero for 1.8 seconds and strikes them 6 times over the duration, each time dealing 50 (+70% Total Physical Attack) Physical Damage.Skill terms\nSuppress\nUltimate level Crowd Control: Prevents a target from moving, and using Basic Attacks and skills. Can interrupt a large number of skills, and Blink or Charge effects. Cannot be removed.\nPhysical Damage Skill\nDeal Physical DMG to enemies. Triggers Spell Vamp.\n\nIcon\xa0variants\n\n\nLevel scaling\n\n\nPro'}]","['Initiator', 'Control']","[{'heroid': 69, 'heroname': 'Hanzo'}, {'heroid': 27, 'heroname': 'Sun'}, {'heroid': 93, 'heroname': 'Atlas'}, {'heroid': 32, 'heroname': 'Johnson'}, {'heroid': 6, 'heroname': 'Tigreal'}, {'heroid': 83, 'heroname': 'X.Borg'}]","[{'heroid': 108, 'heroname': 'Aulus'}, {'heroid': 105, 'heroname': 'Beatrix'}, {'heroid': 11, 'heroname': 'Bane'}, {'heroid': 24, 'heroname': 'Natalia'}, {'heroid': 1, 'heroname': 'Miya'}, {'heroid': 27, 'heroname': 'Sun'}, {'heroid': 45, 'heroname': 'Argus'}, {'heroid': 107, 'heroname': 'Natan'}, {'heroid': 76, 'heroname': 'Faramis'}, {'heroid': 88, 'heroname': 'Masha'}]"
10,h011,Bane,https://akmweb.youngjoygame.com/web/svnres/img/mlbb/homepage/100_7e4e74bb161da0f477cc0d1819fa39e6.png,"['jungle, exp lane']","Fighter, Mage","[{'skill_name': 'Shark Bite', 'skill_icon': 'hero-skills-images/bane/passive.png', 'type': 'passive', 'cooldown': 'null', 'manacost': 'null', 'description': ""Shark BiteBurstBane infuses his weapon with a stack of Tidal Energy each time he uses a skill (up to 2 stacks). Each of his subsequent Basic Attacks consumes a stack to deal Physical Damage equal to (+100% Total Physical Attack) plus 3.5 (+0.3 × Hero Level) of the target's Max HP to nearby enemies.(Percent damage dealt based on Max HP Damage Cap against Creeps: 200 (+20 × Hero Level). (see Patch Notes 1.7.82 Balance Adjustment))Skill terms\nPhysical Basic Attack\nDeal Physical Damage to enemies. T""}, {'skill_name': 'Crab Claw Cannon', 'skill_icon': 'hero-skills-images/bane/skill_1.png', 'type': 'active', 'cooldown': '8.0', 'manacost': '40', 'description': ""Crab Claw CannonDamageBane fires his Crab Claw Cannon in the target direction, dealing 150–350 (+160% Total Physical Attack) Physical Damage to the first enemy hit and then 150%–200% damage to a random enemy behind them (prioritizes enemy heroes). Enemies hit are slowed by 10 (+10% Total Magic Power)% for 1 second.Every 100 Physical Attack that Bane possesses reduces this skill's cooldown by an additional 8%.Skill terms\nPhysical Damage Skill\nDeal Physical DMG to enemies. Triggers Spell Vamp.\n\nLe""}, {'skill_name': 'Ale', 'skill_icon': 'hero-skills-images/bane/skill_2.png', 'type': 'active', 'cooldown': '7.5', 'manacost': '60 / 70 / 80 / 90 / 100 / 110', 'description': ""AleHeal\xa0AOEBane chugs his ale, recovering 200 (+150% Total Magic Power) plus 5–10 (+1.5% Total Magic Power)% of his lost HP and gaining 50% extra Movement Speed that decays over 2.5 seconds.Use Again: Bane spits venom in the target direction, dealing 250–450 (+180% Total Magic Power) Magic Damage  (scales up to 150% with charging time) to enemies in a fan-shaped area.Every 100 Magic Power Bane possesses additionally reduces this skill's cooldown by 7%.Skill terms\nMagic Damage Skill\nDeal Magic DM""}, {'skill_name': 'Deadly Catch', 'skill_icon': 'hero-skills-images/bane/ultimate.png', 'type': 'active', 'cooldown': '40.0', 'manacost': '120 / 140 / 160', 'description': 'Deadly CatchAOE\xa0CCBane summons a school of sharks to charge in a target direction, dealing 600–1000 (+100% Total Physical Attack) (+170% Total Magic Power) Magic Damage, knocking them airborne for 0.8 seconds, and slowing them by 65% (decays over 3 seconds).This skill deals 40% of damage to turrets.Skill terms\nAirborne\nHigh level Crowd Control: Prevents a target from moving, and using Basic Attacks and skills. Can interrupt a large number of skills, and Blink/Charge effects.\nMovement Speed\nMovem'}]","['Push', 'Burst']","[{'heroid': 20, 'heroname': 'Lolita'}, {'heroid': 101, 'heroname': 'Yve'}, {'heroid': 122, 'heroname': 'Nolan'}, {'heroid': 110, 'heroname': 'Valentina'}, {'heroid': 93, 'heroname': 'Atlas'}, {'heroid': 69, 'heroname': 'Hanzo'}, {'heroid': 113, 'heroname': 'Yin'}, {'heroid': 88, 'heroname': 'Masha'}, {'heroid': 119, 'heroname': 'Novaria'}]","[{'heroid': 10, 'heroname': 'Franco'}, {'heroid': 93, 'heroname': 'Atlas'}, {'heroid': 15, 'heroname': 'Eudora'}, {'heroid': 54, 'heroname': 'Jawhead'}, {'heroid': 35, 'heroname': 'Hilda'}, {'heroid': 120, 'heroname': 'Arlott'}, {'heroid': 128, 'heroname': 'Kalea'}, {'heroid': 123, 'heroname': 'Cici'}, {'heroid': 124, 'heroname': 'Chip'}, {'heroid': 98, 'heroname': 'Khaleed'}]"
11,h012,Bruno,https://akmweb.youngjoygame.com/web/svnres/img/mlbb/homepage/100_ff39deb9c6afec3d977fdbe9d86f78cb.png,['gold lane'],Marksman,"[{'skill_name': 'Mecha Legs', 'skill_icon': 'hero-skills-images/bruno/passive.png', 'type': 'passive', 'cooldown': 'null', 'manacost': 'null', 'description': ""Mecha LegsBuffBruno gains 2% extra Crit Chance each time he deals damage with his skills (up to 10 stacks).Bruno has higher Physical Attack but only gains 80% extra Attack Speed from all sources.Skill terms\nCrit Rate\nChance to cause Crit Damage with Basic ATK (including Physical and Magic). The default is 0. A Crit Damage is guaranteed when it is over 100%. Some skills trigger this effect. For example: Layla's Malefic Bomb and the Typhoon effect of Windtalker.\n[[Extra ATK Speed\nStack(s) lasts fo""}, {'skill_name': 'Volley Shot', 'skill_icon': 'hero-skills-images/bruno/skill_1.png', 'type': 'active', 'cooldown': '10.0', 'manacost': '75 / 85 / 95 / 105 / 115 / 125', 'description': 'Volley ShotDamage\xa0SlowBruno kicks a Powerball on his next Basic Attack, dealing 145–320 (+100% Total Physical Attack) Physical Damage to the target and slowing them by 30% for 0.5 seconds.The Powerball then bounces back toward Bruno and lands on the ground. He or allied heroes can retrieve the Powerball , after which he can perform another enhanced Basic Attack and have the cooldown of  Flying Tackle reduced by 1 second.Skill terms\nPhysical Basic Attack\nDeal Physical Damage to enemies. Triggers'}, {'skill_name': 'Flying Tackle', 'skill_icon': 'hero-skills-images/bruno/skill_2.png', 'type': 'active', 'cooldown': '7.0', 'manacost': '60 / 55 / 50 / 45 / 40 / 35', 'description': 'Flying TackleMobility\xa0CCBruno makes a slide tackle in the target direction dealing 140–265 (+40% Total Physical Attack) Physical Damage to enemies in his path and stunning them for 0.5 seconds.If the Powerball is bouncing back, Bruno also draws the Powerball toward him.Skill terms\nBlink\nMovement ability that can pass through obstacles.\nStun\nBasic level Crowd Control: Prevents a target from moving, and using Basic Attacks and skills. Can interrupt some skills.\nPhysical Damage Skill\nDeal Physical'}, {'skill_name': 'Worldie', 'skill_icon': 'hero-skills-images/bruno/ultimate.png', 'type': 'active', 'cooldown': '38.0', 'manacost': '140 / 160 / 180', 'description': ""WorldieBurst\xa0CCBruno kicks his Energy Ball at the target enemy hero, 250–450 (+83% Total Physical Attack) Physical Damage and knocking them back. The Energy Ball then bounces between nearby enemies up to 10 times, each time dealing 150–270 (+50% Total Physical Attack) Physical Damage. Each hit also reduces the enemy's Physical Defense by 4%–8% for 8 seconds (up to 3 stacks).Skill terms\nDisplacement\nTarget Displacement; Can interrupt certain skills and Blink or Charge effects (interrupts the same""}]","['Finisher', 'Burst']","[{'heroid': 20, 'heroname': 'Lolita'}, {'heroid': 53, 'heroname': 'Lesley'}, {'heroid': 99, 'heroname': 'Barats'}, {'heroid': 121, 'heroname': 'Ixia'}, {'heroid': 8, 'heroname': 'Karina'}, {'heroid': 109, 'heroname': 'Aamon'}, {'heroid': 18, 'heroname': 'Layla'}, {'heroid': 104, 'heroname': 'Gloo'}, {'heroid': 94, 'heroname': 'Popol and Kupa'}, {'heroid': 111, 'heroname': 'Edith'}]","[{'heroid': 76, 'heroname': 'Faramis'}, {'heroid': 17, 'heroname': 'Fanny'}, {'heroid': 58, 'heroname': 'Martis'}, {'heroid': 52, 'heroname': 'Pharsa'}, {'heroid': 122, 'heroname': 'Nolan'}, {'heroid': 48, 'heroname': 'Diggie'}, {'heroid': 101, 'heroname': 'Yve'}, {'heroid': 125, 'heroname': 'Zhuxin'}, {'heroid': 78, 'heroname': 'Khufra'}, {'heroid': 94, 'heroname': 'Popol and Kupa'}]"
12,h013,Clint,https://akmweb.youngjoygame.com/web/svnres/img/mlbb/homepage/100_5a8345c69a4c9c611fdfce91089fe74a.png,['gold lane'],Marksman,"[{'skill_name': 'Double Shot', 'skill_icon': 'hero-skills-images/clint/passive.png', 'type': 'passive', 'cooldown': 'null', 'manacost': 'null', 'description': 'Double ShotBurstAfter each skill cast, Clint\'s next Basic Attack within 4 seconds penetrates a line of enemies, dealing 150 (+100% Total Physical Attack) Physical Damage. This damage can trigger attack effects, and the part affected by Physical Attack can critically strike.Skill terms\nPhysical Basic Attack\nDeal Physical Damage to enemies. Triggers ATK Effects and Lifesteal.\nAttack Effect\nBoth Physical and Magic Basic Attacks can trigger Attack Effects Attack Effects include the ""Devour"" effect o'}, {'skill_name': 'Quick Draw', 'skill_icon': 'hero-skills-images/clint/skill_1.png', 'type': 'active', 'cooldown': '8.0', 'manacost': '50', 'description': 'Quick DrawAOEClint fires 5 bullets in quick succession in the target direction, each dealing 250–400 (+85% Total Physical Attack) Physical Damage to the enemy hit.The bullets will spread evenly across enemies in a fan-shaped area. Enemies hit by multiple bullet will take [30%–50%] damage after the first bullet.Skill terms\nPhysical Damage Skill\nDeal Physical DMG to enemies. Triggers Spell Vamp.\n\nLevel scaling\n\n\nProperties\n\n1\n\n2\n\n3\n\n4\n\n5\n\n6\n\n\nCooldown\n\n8.0\n\n7.4\n\n6.8\n\n6.2\n\n5.6\n\n5.0\n\n\nMana Cost\n\n50'}, {'skill_name': 'Trapping Recoil', 'skill_icon': 'hero-skills-images/clint/skill_2.png', 'type': 'active', 'cooldown': '10.0', 'manacost': '65 / 75 / 85 / 95 / 105 / 115', 'description': 'Trapping RecoilMobility\xa0CCClint shoots a trap net in the target direction, slightly jumping back while dealing 140–240 (+30% Total Physical Attack) (+150% Total Magic Power) Physical Damage to the first enemy hit and immobilizing them for 1.2 seconds.Succesfuly hitting and enemy reduces the cooldown of this skill by 40%.Skill terms\nBlink\nMovement ability that can pass through obstacles.\nImmobilize\nLow level Crowd Control: Prevents a target from moving or using Blink/Charge skills. Cannot interru'}, {'skill_name': 'Grenade Bombardment', 'skill_icon': 'hero-skills-images/clint/ultimate.png', 'type': 'active', 'cooldown': '3.0', 'manacost': '50 / 55 / 60', 'description': 'Grenade BombardmentAOE\xa0SlowClint launches a grenade in the target direction that explodes in the first enemy hit, dealing 280–400 (+100% Total Physical Attack) Physical Damage and slowing them by 25% for 1.2 seconds.Clint gains a grenade recharge every 12–10 seconds (up to 5).Skill terms\nPhysical Damage Skill\nDeal Physical DMG to enemies. Triggers Spell Vamp.\nMovement Speed\nMovement Speed on the battlefield. Usually Calculated and Actual Movement Speed is equal. But when Movement Speed is below'}]","['Finisher', 'Burst']","[{'heroid': 17, 'heroname': 'Fanny'}, {'heroid': 18, 'heroname': 'Layla'}, {'heroid': 104, 'heroname': 'Gloo'}, {'heroid': 19, 'heroname': 'Minotaur'}, {'heroid': 78, 'heroname': 'Khufra'}, {'heroid': 79, 'heroname': 'Granger'}, {'heroid': 90, 'heroname': 'Silvanna'}, {'heroid': 102, 'heroname': 'Mathilda'}, {'heroid': 3, 'heroname': 'Saber'}, {'heroid': 88, 'heroname': 'Masha'}]","[{'heroid': 94, 'heroname': 'Popol and Kupa'}, {'heroid': 39, 'heroname': 'Roger'}, {'heroid': 19, 'heroname': 'Minotaur'}, {'heroid': 11, 'heroname': 'Bane'}, {'heroid': 33, 'heroname': 'Cyclops'}, {'heroid': 71, 'heroname': 'Kimmy'}, {'heroid': 76, 'heroname': 'Faramis'}, {'heroid': 62, 'heroname': 'Kaja'}, {'heroid': 118, 'heroname': 'Joy'}, {'heroid': 115, 'heroname': 'Xavier'}]"
13,h014,Rafaela,https://akmweb.youngjoygame.com/web/svnres/img/mlbb/homepage/100_68277dce415742c4a98883151c693a07.png,['roam'],Support,"[{'skill_name': 'Divine Resurrection', 'skill_icon': 'hero-skills-images/rafaela/passive.png', 'type': 'passive', 'cooldown': 'null', 'manacost': 'null', 'description': 'Divine ResurrectionBuffAt regular intervals, Rafaela can use a special skill to instantly resurrect a fallen allied hero after a brief channeling. The resurrected allied hero will respawn at the base and is granted increased Movement Speed.'}, {'skill_name': 'Light of Retribution', 'skill_icon': 'hero-skills-images/rafaela/skill_1.png', 'type': 'active', 'cooldown': '4.0', 'manacost': '70 / 85 / 100 / 115 / 130 / 145', 'description': 'Light of RetributionAOE\xa0SlowRafaela strikes the three nearest enemies With Light of Retribution, dealing them 225–500 (+120% Total Magic Power) Magic Damage, briefly revealing their positions, and slowing them by 40% for 1.5s. Enemies hit by Light of Retribution again within 5 seconds will take 20% extra damage (this effect stacks up to 3 times).Skill terms\nMagic Damage Skill\nDeal Magic DMG to enemies. Triggers Spell Vamp.\n[[Movement Speed\n,]]\n\n\n\nLevel scaling\n\n\nProperties\n\n1\n\n2\n\n3\n\n4\n\n5\n\n6\n\n\nCo'}, {'skill_name': 'Holy Healing', 'skill_icon': 'hero-skills-images/rafaela/skill_2.png', 'type': 'active', 'cooldown': '10.5', 'manacost': '100 / 110 / 120 / 130 / 140 / 150', 'description': 'Holy HealingHeal\xa0Speed UpRafaela calls upon Holy Light, restoring 100–125 (+35% Total Magic Power) HP to nearby allied heroes, plus and additional 150–250 (+45% Total Magic Power) HP to herself and the most injured allied hero in range. Also increases Movement Speed of nearby allied heroes by 30% and grants Slow Immunity for 1 seconds.Every 20 point(s) of Magic Power will add 1% to the Movement Speed bonus, up to 80%.Skill terms\nHealing Effect\nThe actual ratio of self HP Regen caused to shield v'}, {'skill_name': 'Holy Baptism', 'skill_icon': 'hero-skills-images/rafaela/ultimate.png', 'type': 'active', 'cooldown': '42.0', 'manacost': '150 / 175 / 200', 'description': 'Holy BaptismCC\xa0AOERafaela unleashes the true power of Holy Light in the target direction, dealing 460–660 (+120% Total Magic Power) Magic Damage to enemies in a line and stunning them for 1.5 seconds.Skill terms\nStun\nBasic level Crowd Control: Prevents a target from moving, and using Basic Attacks and skills. Can interrupt some skills.\nMagic Damage Skill\nDeal Magic DMG to enemies. Triggers Spell Vamp.\nMovement Speed\nMovement Speed on the battlefield. Usually Calculated and Actual Movement Speed'}]","['Regen', 'Guard']","[{'heroid': 46, 'heroname': 'Odette'}, {'heroid': 90, 'heroname': 'Silvanna'}, {'heroid': 15, 'heroname': 'Eudora'}, {'heroid': 122, 'heroname': 'Nolan'}, {'heroid': 18, 'heroname': 'Layla'}, {'heroid': 121, 'heroname': 'Ixia'}, {'heroid': 103, 'heroname': 'Paquito'}, {'heroid': 120, 'heroname': 'Arlott'}, {'heroid': 76, 'heroname': 'Faramis'}]","[{'heroid': 99, 'heroname': 'Barats'}, {'heroid': 46, 'heroname': 'Odette'}, {'heroid': 117, 'heroname': 'Fredrinn'}, {'heroid': 74, 'heroname': 'Minsitthar'}, {'heroid': 37, 'heroname': 'Lapu-Lapu'}, {'heroid': 3, 'heroname': 'Saber'}, {'heroid': 87, 'heroname': 'Baxia'}, {'heroid': 100, 'heroname': 'Brody'}, {'heroid': 68, 'heroname': 'Lunox'}, {'heroid': 111, 'heroname': 'Edith'}]"
14,h015,Eudora,https://akmweb.youngjoygame.com/web/svnres/img/mlbb/homepage/100_60956060c4cbb86f3c6343da05b70568.png,['mid lane'],Mage,"[{'skill_name': 'Superconductor', 'skill_icon': 'hero-skills-images/eudora/passive.png', 'type': 'passive', 'cooldown': 'null', 'manacost': 'null', 'description': ""SuperconductorBuffEudora's skills inflict  Superconductor for 3 seconds on hit and can trigger additional effects affected by Superconductor.""}, {'skill_name': 'Forked Lightning', 'skill_icon': 'hero-skills-images/eudora/skill_1.png', 'type': 'active', 'cooldown': '7.0', 'manacost': '65 / 70 / 75 / 80 / 85 / 90', 'description': 'Forked LightningAOEEudora casts forked lightning, dealing 350–650 (+150% Total Magic Power) Magic Damage to enemies in a fan-shaped area.Enemies affected by  Superconductor will take 190–390 (+30% Total Magic Power) extra Magic Damage after a short delay.Skill terms\nMagic Damage Skill\nDeal Magic DMG to enemies. Triggers Spell Vamp.\n\nLevel scaling\n\n\nProperties\n\n1\n\n2\n\n3\n\n4\n\n5\n\n6\n\n\nCooldown\n\n7.0\n\n6.6\n\n6.2\n\n5.8\n\n5.4\n\n5.0\n\n\nMana Cost\n\n65\n\n70\n\n75\n\n80\n\n85\n\n90\n\n\nSpell Vamp Ratio\n\n50%\n\n\nBase Damage\n\n350'}, {'skill_name': 'Ball Lightning', 'skill_icon': 'hero-skills-images/eudora/skill_2.png', 'type': 'active', 'cooldown': '11.0', 'manacost': '90 / 100 / 110 / 120 / 130 / 140', 'description': ""Ball LightningCC\xa0DamageEudora hurls an orb of lightning at the target enemy, dealing 350–450 (+80% Total Magic Power) Magic Damage, stunning the target for 1.2 seconds, and reducing the target's Magic Defense by 10–25 for 1.8 seconds.  If the target is affected by  Superconductor, the lightning orb will bounce up to 3 nearby enemies (prioritizes enemy heroes), dealing 175–225 (+40% Total Magic Power) Magic Damage and stunning them for 0.6 second.Skill terms\nStun\nBasic level Crowd Control: Preven""}, {'skill_name': 'Magic', 'skill_icon': 'hero-skills-images/eudora/ultimate.png', 'type': 'active', 'cooldown': '32.0', 'manacost': '130 / 160 / 190', 'description': ""Thunder's WrathBurstEudora calls down a blast of lightning on the target [non-minion enemy,] dealing 480–840 (+180% Total Magic Power) Magic Damage.  If the enemy is affected by  Superconductor, dark clouds appear over their head and unleash an additional lightning strike on an area after 0.8 seconds, dealing 440–770 (+150% Total Magic Power) Magic Damage to enemies within and 360–630 (+150% Total Magic Power) Magic Damage to nearby enemies.Skill terms\nMagic Damage Skill\nDeal Magic DMG to enemie""}]","['Control', 'Burst']","[{'heroid': 99, 'heroname': 'Barats'}, {'heroid': 93, 'heroname': 'Atlas'}, {'heroid': 49, 'heroname': 'Hylos'}, {'heroid': 104, 'heroname': 'Gloo'}, {'heroid': 2, 'heroname': 'Balmond'}, {'heroid': 27, 'heroname': 'Sun'}, {'heroid': 117, 'heroname': 'Fredrinn'}, {'heroid': 88, 'heroname': 'Masha'}]","[{'heroid': 4, 'heroname': 'Alice'}, {'heroid': 107, 'heroname': 'Natan'}, {'heroid': 11, 'heroname': 'Bane'}, {'heroid': 104, 'heroname': 'Gloo'}, {'heroid': 47, 'heroname': 'Lancelot'}, {'heroid': 60, 'heroname': 'Hanabi'}, {'heroid': 14, 'heroname': 'Rafaela'}, {'heroid': 116, 'heroname': 'Julian'}, {'heroid': 63, 'heroname': 'Selena'}, {'heroid': 70, 'heroname': 'Belerick'}]"
15,h016,Zilong,https://akmweb.youngjoygame.com/web/svnres/img/mlbb/homepage/100_9db57da4f0daef6d432676e4f19101ed.png,['exp lane'],"Fighter, Assassin","[{'skill_name': 'Dragon Flurry', 'skill_icon': 'hero-skills-images/zilong/passive.png', 'type': 'passive', 'cooldown': 'null', 'manacost': 'null', 'description': 'Dragon FlurryBuff\xa0HealAfter every 3 Basic Attacks, Zilong triggers Dragon Flurry on the next Basic Attack, hitting the target 3 times. Each hit deals 30 (+40% Total Physical Attack) [Physical Basic Attack damage] and heals himself for 30 (+20% Total Physical Attack) HP.Skill terms\nPhysical Basic Attack\nDeal Physical Damage to enemies. Triggers ATK Effects and Lifesteal.'}, {'skill_name': 'Spear Flip', 'skill_icon': 'hero-skills-images/zilong/skill_1.png', 'type': 'active', 'cooldown': '12.0', 'manacost': '80 / 85 / 90 / 95 / 100 / 105', 'description': 'Spear FlipCC\xa0DamageZilong flings the target enemy over his head, dealing 250–350 (+80% Total Physical Attack) Physical Damage.Skill terms\nAirborne\nHigh level Crowd Control: Prevents a target from moving, and using Basic Attacks and skills. Can interrupt a large number of skills, and Blink/Charge effects.\nPhysical Skill Damage\n\n\nLevel scaling\n\n\nProperties\n\n1\n\n2\n\n3\n\n4\n\n5\n\n6\n\n\nCooldown\n\n12.0\n\n11.5\n\n11.0\n\n10.5\n\n10.0\n\n9.5\n\n\nMana Cost\n\n80\n\n85\n\n90\n\n95\n\n100\n\n105\n\n\nBase Damage\n\n250\n\n270\n\n290\n\n310\n\n330\n\n3'}, {'skill_name': 'Spear Strike', 'skill_icon': 'hero-skills-images/zilong/skill_2.png', 'type': 'active', 'cooldown': '12.0', 'manacost': '40', 'description': 'Spear StrikeMobility\xa0DebuffZilong lunges at the target enemy, dealing 250–450 (+60% Total Physical Attack) Physical Damage and reducing their Physical Defense by 15–30 for 2 seconds. He then launches a Basic Attack on the same target.The cooldown of Spear Strike is reset if Zilong kills an enemy.Skill terms\nBlink\nMovement ability that can pass through obstacles.\nPhysical Damage Skill\nDeal Physical DMG to enemies. Triggers Spell Vamp.\nPhysical Basic Attack\nDeal Physical Damage to enemies. Trigger'}, {'skill_name': 'Supreme WarriorSpeed Up\xa0BuffZilong removes all', 'skill_icon': 'hero-skills-images/zilong/ultimate.png', 'type': 'active', 'cooldown': '35.0', 'manacost': '120 / 140 / 160', 'description': 'Supreme WarriorSpeed Up\xa0BuffZilong removes all Slow Effects on himself and gains 40% Movement Speed, 45%–75% Attack Speed, and Slow Immunity for 7.5 seconds. For the duration, he can trigger Dragon Furry after every 2 Basic Attacks (instead of the previous 3).Skill terms\nSlow Immunity\nYou are immune to enemy slow effects within the duration.\nExceptional Status\nDebuff applied to the enemy.\n\nLevel scaling\n\n\nProperties\n\n1\n\n2\n\n3\n\n\nCooldown\n\n35.0\n\n31.0\n\n27.0\n\n\nMana Cost\n\n120\n\n140\n\n160\n\n\nAttack Speed'}]","['Chase', 'Damage']","[{'heroid': 15, 'heroname': 'Eudora'}, {'heroid': 8, 'heroname': 'Karina'}, {'heroid': 94, 'heroname': 'Popol and Kupa'}, {'heroid': 32, 'heroname': 'Johnson'}, {'heroid': 109, 'heroname': 'Aamon'}, {'heroid': 127, 'heroname': 'Lukas'}, {'heroid': 54, 'heroname': 'Jawhead'}, {'heroid': 99, 'heroname': 'Barats'}, {'heroid': 41, 'heroname': 'Gatotkaca'}, {'heroid': 124, 'heroname': 'Chip'}]","[{'heroid': 104, 'heroname': 'Gloo'}, {'heroid': 70, 'heroname': 'Belerick'}, {'heroid': 87, 'heroname': 'Baxia'}, {'heroid': 77, 'heroname': 'Badang'}, {'heroid': 9, 'heroname': 'Akai'}, {'heroid': 99, 'heroname': 'Barats'}, {'heroid': 117, 'heroname': 'Fredrinn'}, {'heroid': 62, 'heroname': 'Kaja'}, {'heroid': 78, 'heroname': 'Khufra'}, {'heroid': 118, 'heroname': 'Joy'}]"
16,h017,Fanny,https://akmweb.youngjoygame.com/web/svnres/img/mlbb/homepage/100_3391df36d6dcc54dd1c417098e15ec59.png,['jungle'],Assassin,"[{'skill_name': 'Air Superiority', 'skill_icon': 'hero-skills-images/fanny/passive.png', 'type': 'passive', 'cooldown': 'null', 'manacost': 'null', 'description': 'Air SuperiorityBuffDuring fight, Fanny deals 10%–20% extra damage to enemies hit (scales with flying speed[speed unknown]) and applies a stack of Prey Mark to them (up to 2 stacks) on each attack. Her subsequent skill hits on marked enemy heroes restore 7 energy per stack for her. The energy restoration is reduced[amount unknown] if she hits multiple enemy heroes within a short period of time.[duration unknown] Icon\xa0variants'}, {'skill_name': 'Tornado Strike', 'skill_icon': 'hero-skills-images/fanny/skill_1.png', 'type': 'active', 'cooldown': '3.5', 'manacost': 'null', 'description': 'Tornado StrikeAOEFanny whirls her blades, dealing 300–540 (+80% Total Physical Attack) Physical Damage to nearby enemies.Skill terms\nPhysical Damage Skill\nDeal Physical DMG to enemies. Triggers Spell Vamp.\n\nIcon\xa0variants\n\n\n\n\nLevel scaling\n\n\nProperties\n\n1\n\n2\n\n3\n\n4\n\n5\n\n6\n\n\nCooldown\n\n3.5\n\n3.3\n\n3.1\n\n2.9\n\n2.7\n\n2.5\n\n\nEnergy Cost\n\n15\n\n\nBase Damage\n\n300\n\n348\n\n396\n\n444\n\n492\n\n540'}, {'skill_name': 'Steel Cable', 'skill_icon': 'hero-skills-images/fanny/skill_2.png', 'type': 'active', 'cooldown': '0.0', 'manacost': 'null', 'description': ""Steel CableMobilityNo way I'm going on foot!Fanny shoots a cable in the target direction that pulls her to the first obstacle hit. She can cast this skill again within 2 seconds until her energy runs out. Each successive cast reduces the skill's energy cost by 2.Fanny automatically casts  Tornado Strike upon hitting an enemy mid-flight, as long as her energy is sufficient.Skill terms\nCharge\nMovement ability that cannot pass through obstacles.\n\nIcon\xa0variants\n\n\n\n\nLevel scaling\n\n\nProperties\n\n1\n\n2""}, {'skill_name': 'Cut Throat', 'skill_icon': 'hero-skills-images/fanny/ultimate.png', 'type': 'active', 'cooldown': '35.0', 'manacost': 'null', 'description': 'Cut ThroatBurst\xa0MobilityFanny leaps at the target enemy hero or Creep with her blades, dealing 500–860 (+240% Extra Physical Attack) Physical Damage. Each stack of Prey Mark of the target increases  this damage by 20%.Skill terms\nBlink\nMovement ability that can pass through obstacles.\nPhysical Damage Skill\nDeal Physical DMG to enemies. Triggers Spell Vamp.\n\nIcon\xa0variants\n\n\n\n\nLevel scaling\n\n\nProperties\n\n1\n\n2\n\n3\n\n\nCooldown\n\n35.0\n\n30.0\n\n25.0\n\n\nEnergy Cost\n\n30\n\n\nBase Damage\n\n500\n\n680\n\n860\n\n\nExtra Da'}]","['Chase', 'Finisher']","[{'heroid': 12, 'heroname': 'Bruno'}, {'heroid': 100, 'heroname': 'Brody'}, {'heroid': 88, 'heroname': 'Masha'}, {'heroid': 10, 'heroname': 'Franco'}, {'heroid': 15, 'heroname': 'Eudora'}, {'heroid': 16, 'heroname': 'Zilong'}, {'heroid': 31, 'heroname': 'Moskov'}, {'heroid': 130, 'heroname': 'Obsidia'}, {'heroid': 3, 'heroname': 'Saber'}]","[{'heroid': 107, 'heroname': 'Natan'}, {'heroid': 12, 'heroname': 'Bruno'}, {'heroid': 111, 'heroname': 'Edith'}, {'heroid': 71, 'heroname': 'Kimmy'}, {'heroid': 114, 'heroname': 'Melissa'}, {'heroid': 62, 'heroname': 'Kaja'}, {'heroid': 88, 'heroname': 'Masha'}, {'heroid': 92, 'heroname': 'Carmilla'}, {'heroid': 49, 'heroname': 'Hylos'}, {'heroid': 102, 'heroname': 'Mathilda'}]"
17,h018,Layla,https://akmweb.youngjoygame.com/web/svnres/img/mlbb/homepage/100_b2b38e9406ea0de0b866db7674feea0f.png,['gold lane'],Marksman,"[{'skill_name': 'Malefic Gun', 'skill_icon': 'hero-skills-images/layla/passive.png', 'type': 'passive', 'cooldown': 'null', 'manacost': 'null', 'description': 'Malefic GunBuffTarget locked. Fire!Layla deals increased damage to enemies farther away from her (starting at 100% and increasing to 130% at 6 units away). This does not include Turrets.Skill terms\nPhysical Basic Attack\nDeal Physical Damage to enemies. Triggers ATK Effects and Lifesteal.\n\nIcon\xa0variants\n\nCalculation\n\n  \n    \n      \n        \n          \n            t\n            o\n            t\n            a\n            l\n            \xa0\n            D\n            M\n            G'}, {'skill_name': 'Malefic Bomb', 'skill_icon': 'hero-skills-images/layla/skill_1.png', 'type': 'active', 'cooldown': '6.0', 'manacost': '40 / 45 / 50 / 55 / 60 / 65', 'description': ""Malefic BombBurst\xa0BuffLayla fires a Malefic Bomb in the target direction, dealing 200–400 (+80% Total Physical Attack) Physical Damage to the first enemy hit (can critically strike).Upon hitting an enemy, Layla's Basic Attacks and  Void Projectile gain extra range for 3 seconds, and she gains 60% Movement Speed that decays over 1.2 seconds. The duration of the Movement Speed boost is doubled if an enemy hero is hit.Skill terms\nPhysical Damage Skill\nDeal Physical DMG to enemies. Triggers Spell Va""}, {'skill_name': 'Void Projectile', 'skill_icon': 'hero-skills-images/layla/skill_2.png', 'type': 'active', 'cooldown': '7.5', 'manacost': '65 / 70 / 75 / 80 / 85 / 90', 'description': 'Void ProjectileAOE\xa0SlowLayla fires an orb of Malefic Energy that explodes on hit, dealing 170–320 (+65% Total Physical Attack) Physical Damage to targets in the area and applying Magic Mark on them for 3 seconds. When Layla hits an enemy with a Magic Mark, she deals 100–200 (+35% Total Physical Attack) Physical Damage to nearby enemies and stuns them for 0.25 seconds.Skill terms\nPhysical Damage Skill\nDeal Physical DMG to enemies. Triggers Spell Vamp.\nMovement Speed\nMovement Speed on the battlefi'}, {'skill_name': 'Destruction Rush', 'skill_icon': 'hero-skills-images/layla/ultimate.png', 'type': 'active', 'cooldown': '37.0', 'manacost': '130 / 150 / 170', 'description': ""Destruction RushBurst\xa0BuffLayla fires a blast of Malefic Energy in the target direction, dealing 500–800 (+150% Total Physical Attack) Physical Damage to enemies in a line.Passive: The range of Layla's  Void Projectile and Basic Attacks is increased by 0.6–1.8 units. Her sight range is also slightly increased each time this skill is upgraded.Skill terms\nPhysical Damage Skill\nDeal Physical DMG to enemies. Triggers Spell Vamp.\n\nIcon\xa0variants\n\n\nLevel scaling\n\n\nProperties\n\n1\n\n2\n\n3\n\n\nCooldown\n\n37.0""}]","['Finisher', 'Damage']","[{'heroid': 93, 'heroname': 'Atlas'}, {'heroid': 32, 'heroname': 'Johnson'}, {'heroid': 27, 'heroname': 'Sun'}, {'heroid': 49, 'heroname': 'Hylos'}, {'heroid': 81, 'heroname': 'Esmeralda'}, {'heroid': 51, 'heroname': 'Helcurt'}, {'heroid': 41, 'heroname': 'Gatotkaca'}, {'heroid': 44, 'heroname': 'Grock'}, {'heroid': 6, 'heroname': 'Tigreal'}]","[{'heroid': 10, 'heroname': 'Franco'}, {'heroid': 14, 'heroname': 'Rafaela'}, {'heroid': 62, 'heroname': 'Kaja'}, {'heroid': 104, 'heroname': 'Gloo'}, {'heroid': 42, 'heroname': 'Harley'}, {'heroid': 94, 'heroname': 'Popol and Kupa'}, {'heroid': 63, 'heroname': 'Selena'}, {'heroid': 39, 'heroname': 'Roger'}, {'heroid': 125, 'heroname': 'Zhuxin'}, {'heroid': 76, 'heroname': 'Faramis'}]"
18,h019,Minotaur,https://akmweb.youngjoygame.com/web/svnres/img/mlbb/homepage/100_3ecd2c0843df7ec85044dafff6bf4553.png,['roam'],"Tank, Support","[{'skill_name': 'Rage Incarnate', 'skill_icon': 'hero-skills-images/minotaur/passive.png', 'type': 'passive', 'cooldown': 'null', 'manacost': 'null', 'description': 'Rage IncarnateBuffWhen Minotaur applies a control effect to an enemy hero with a skill, he will reduce their Hybrid Defense by 5 (+0.5 × Hero Level) for 2 seconds. When Minotaur heals an ally hero with a skill, he will also increase their Hybrid Defense by 5 (+0.5 × Hero Level) for 2 seconds. These effects are doubled in Enraged state.Skill terms\nPhysical Defense\nDeduction of Physical Damage taken. Physical Defense will be affected by the enemy’s Physical PEN but not lower than 0.  Actual Physic'}, {'skill_name': 'Despair Stomp', 'skill_icon': 'hero-skills-images/minotaur/skill_1.png', 'type': 'active', 'cooldown': '12.5', 'manacost': 'null', 'description': 'Despair StompCC\xa0SlowMinotaur jumps to the target location, dealing 280–355 (+60% Total Physical Attack) Physical Damage to enemies in the area and briefly knocking them airborne. Enemies hit will be slowed by 40% while enhancing his Minotaur enhances his Basic Attacks to deal (+3% Total HP) extra Physical Damage for 2 seconds.Enraged: Increases the AOE range and the damage dealt by (+3% Total HP) Physical Damage.Skill terms\nBlink\nMovement ability that can pass through obstacles.\nPhysical Damage'}, {'skill_name': 'Motivation Roar', 'skill_icon': 'hero-skills-images/minotaur/skill_2.png', 'type': 'active', 'cooldown': '10.5', 'manacost': 'null', 'description': ""Motivation RoarHeal\xa0BuffMinotaur motivates himself and nearby allied heroes, restoring 260–360 (+100% Total Magic Power) HP for them and healing himself based on his [5%][verification needed] lost HP.Enraged: Minotaur gains Enraged Regen for 2 seconds, during which he restores HP each time he's hit by a Basic Attack.Skill terms\nLost HP\nLost HP = Max HP - Current HP.\nHealing Effect\nThe actual ratio of self HP Regen caused to shield values. The default is 100%. Actual Value = Original Value × (100""}, {'skill_name': 'Minoan Fury', 'skill_icon': 'hero-skills-images/minotaur/ultimate.png', 'type': 'active', 'cooldown': '60.0', 'manacost': 'null', 'description': ""Minoan FuryCCRage grants me the power of destruction!Minotaur enters Enraged State and smashes the ground 3 times. The first 2 hits deal 180–300 (+85% Total Physical Attack) Physical Damage to nearby enemies and slow them by 70% while the final hit deals 200–300 (+85% Total Physical Attack) True Damage, while knocks targets airborne. Minotaur is immune to control effects during this attack.The Enraged state lasts 12 seconds and enhances Minotaur's skills for the duration.Skill terms\nAirborne\nHig""}]",['Crowd Control'],"[{'heroid': 4, 'heroname': 'Alice'}, {'heroid': 71, 'heroname': 'Kimmy'}, {'heroid': 37, 'heroname': 'Lapu-Lapu'}, {'heroid': 17, 'heroname': 'Fanny'}, {'heroid': 101, 'heroname': 'Yve'}, {'heroid': 60, 'heroname': 'Hanabi'}, {'heroid': 121, 'heroname': 'Ixia'}, {'heroid': 92, 'heroname': 'Carmilla'}, {'heroid': 102, 'heroname': 'Mathilda'}, {'heroid': 110, 'heroname': 'Valentina'}]","[{'heroid': 3, 'heroname': 'Saber'}, {'heroid': 74, 'heroname': 'Minsitthar'}, {'heroid': 24, 'heroname': 'Natalia'}, {'heroid': 26, 'heroname': 'Chou'}, {'heroid': 85, 'heroname': 'Dyrroth'}, {'heroid': 80, 'heroname': 'Guinevere'}, {'heroid': 42, 'heroname': 'Harley'}, {'heroid': 90, 'heroname': 'Silvanna'}, {'heroid': 120, 'heroname': 'Arlott'}, {'heroid': 101, 'heroname': 'Yve'}]"
19,h020,Lolita,https://akmweb.youngjoygame.com/web/svnres/img/mlbb/homepage/100_474cea36a4bfdc7bf7d94530853a99b2.png,['roam'],"Support, Tank","[{'skill_name': 'Noumenon Energy Core', 'skill_icon': 'hero-skills-images/lolita/passive.png', 'type': 'passive', 'cooldown': 'null', 'manacost': 'null', 'description': 'Noumenon Energy CoreShieldEvery 2.5 seconds, the Noumenon Energy Core grants a 50 (+10 × Hero Level) shield to Lolita and nearby allies.This shield can stack up to 6 times and lasts 30 seconds.Skill terms\nShield\nSpecial HP is preferentially deducted when taking damage. The shield with shorter duration or lower points is usually preferentially deducted when multiple shields are stacked.'}, {'skill_name': 'Power Charge', 'skill_icon': 'hero-skills-images/lolita/skill_1.png', 'type': 'active', 'cooldown': '10.0', 'manacost': '70 / 80 / 90 / 100 / 110 / 120', 'description': 'Power ChargeMobility\xa0CCLolita dashes in the target direction. Her next Basic Attack within 4 seconds will perform a short dash to the target, dealing 300–550 (+100% Total Physical Attack) Physical Damage and stunning them for 0.5 seconds. This damage is doubled against Minions.Skill terms\nBlink\nMovement ability that can pass through obstacles.\nStun\nBasic level Crowd Control: Prevents a target from moving, and using Basic Attacks and skills. Can interrupt some skills.\n\nLevel scaling\n\n\nProperties'}, {'skill_name': 'Skill 2', 'skill_icon': 'hero-skills-images/lolita/skill_2.png', 'type': 'active', 'cooldown': '17.5', 'manacost': '90 / 95 / 100 / 105 / 110 / 115', 'description': ""Guardian's ReflectionShield\xa0DamageRight back at you!Lolita raises her shield and reflects all incoming ranged Basic Attacks and Projectiles in the direction of the shield for 3 seconds. The shield will break after taking 1500–3000 (+15% Total HP) damage.The damage and effects from the Unique Passives of an attacker's equipment will not apply to the shield and will not be reflected.""}, {'skill_name': 'Noumenon Blast', 'skill_icon': 'hero-skills-images/lolita/ultimate.png', 'type': 'active', 'cooldown': '55.0', 'manacost': '120 / 140 / 160', 'description': 'Noumenon BlastCC\xa0AOELolita begins charging for 2 seconds while slowing enemies in a fan-shaped area by 50%. When the charging is complete or is stopped, Lolita slams her hammer on the ground, dealing up to 500–900 (+100% Total Physical Attack) Physical Damage to enemies in the area and stunning them for up to 2 seconds (the damage and stun duration are based on the charge time).Use Again: Lolita immediately stops charging and slams her hammer on the ground.Skill terms\nStun\nBasic level Crowd Cont'}]","['Guard', 'Crowd Control']","[{'heroid': 101, 'heroname': 'Yve'}, {'heroid': 81, 'heroname': 'Esmeralda'}, {'heroid': 36, 'heroname': 'Aurora'}, {'heroid': 125, 'heroname': 'Zhuxin'}, {'heroid': 75, 'heroname': 'Kadita'}, {'heroid': 108, 'heroname': 'Aulus'}, {'heroid': 73, 'heroname': 'Harith'}, {'heroid': 110, 'heroname': 'Valentina'}]","[{'heroid': 60, 'heroname': 'Hanabi'}, {'heroid': 3, 'heroname': 'Saber'}, {'heroid': 90, 'heroname': 'Silvanna'}, {'heroid': 24, 'heroname': 'Natalia'}, {'heroid': 46, 'heroname': 'Odette'}, {'heroid': 74, 'heroname': 'Minsitthar'}, {'heroid': 88, 'heroname': 'Masha'}, {'heroid': 76, 'heroname': 'Faramis'}, {'heroid': 85, 'heroname': 'Dyrroth'}, {'heroid': 111, 'heroname': 'Edith'}]"
20,h021,Hayabusa,https://akmweb.youngjoygame.com/web/svnres/img/mlbb/homepage/100_9cc074562291a02644a0ddae28eeaa42.png,['jungle'],Assassin,"[{'skill_name': 'Passive', 'skill_icon': 'hero-skills-images/hayabusa/passive.png', 'type': 'passive', 'cooldown': 'null', 'manacost': 'null', 'description': ""Ninjutsu: Trace of ShadowBuffHayabusa's attacks apply a stack of Shadow Mark on hit (up to 4 stacks). Each stack lasts 6 seconds and increases Hayabusa's damage to the enemy by 5%. Icon\xa0variants Notes Hayabusa's basic attacks and non-ultimate skills can only apply Shadow Marks.""}, {'skill_name': 'Physical', 'skill_icon': 'hero-skills-images/hayabusa/skill_1.png', 'type': 'active', 'cooldown': '4.0', 'manacost': 'null', 'description': 'Ninjutsu: Phantom ShurikenDamage\xa0BuffHayabusa throws three returning shurikens in the target direction, each dealing 150–250 (+70% Extra Physical Attack) Physical Damage to enemies hit and slowing them by 35% for 2 seconds. Enemies hit by multiple shurikens take only 30% of the damage after the first hit. Hayabusa restores 10 energy for each non-Minion enemy hit.Passive: Hayabusa permanently gains 3%–18% Spell Vamp.Skill terms\nPhysical Damage Skill\nDeal Physical DMG to enemies. Triggers Spell Va'}, {'skill_name': 'Skill 2', 'skill_icon': 'hero-skills-images/hayabusa/skill_2.png', 'type': 'active', 'cooldown': '20.0', 'manacost': 'null', 'description': ""Ninjutsu: Quad ShadowMobility\xa0SummonHayabusa dashes in the target direction and releases four phantoms that travel in separate directions. The phantoms will remain at the end of their paths or attach themselves to the first enemy hero hit, dealing 130–180 (+30% Extra Physical Attack) Physical Damage and slowing them by 40% for 2 seconds. Hayabusa will immediately stop if he hits an enemy hero during the dash.Use Again: Hayabusa teleports to a phantom's location and reduces the cooldown of  Ninju""}, {'skill_name': 'Physical', 'skill_icon': 'hero-skills-images/hayabusa/ultimate.png', 'type': 'active', 'cooldown': '50.0', 'manacost': 'null', 'description': 'Ougi: Shadow KillBurstI, will be Akakage.Hayabusa blends into the shadows and launches 6 single-target attacks on enemies in the area, each dealing 140 (+75% Extra Physical Attack) Physical Damage.The attacks prioritize enemies with Shadow Mark and each will consume a mark to deal 45–85 (+20% Extra Physical Attack) extra Physical Damage. Does not apply Shadow Mark.Skill terms\nPhysical Damage Skill\nDeal Physical DMG to enemies. Triggers Spell Vamp.\nExtra Physical Attack\nTotal Physical Attack bonu'}]","['Chase', 'Burst']","[{'heroid': 3, 'heroname': 'Saber'}, {'heroid': 15, 'heroname': 'Eudora'}, {'heroid': 113, 'heroname': 'Yin'}, {'heroid': 94, 'heroname': 'Popol and Kupa'}, {'heroid': 27, 'heroname': 'Sun'}, {'heroid': 1, 'heroname': 'Miya'}, {'heroid': 33, 'heroname': 'Cyclops'}, {'heroid': 124, 'heroname': 'Chip'}, {'heroid': 64, 'heroname': 'Aldous'}]","[{'heroid': 73, 'heroname': 'Harith'}, {'heroid': 107, 'heroname': 'Natan'}, {'heroid': 41, 'heroname': 'Gatotkaca'}, {'heroid': 111, 'heroname': 'Edith'}, {'heroid': 59, 'heroname': 'Uranus'}, {'heroid': 78, 'heroname': 'Khufra'}, {'heroid': 81, 'heroname': 'Esmeralda'}, {'heroid': 110, 'heroname': 'Valentina'}, {'heroid': 88, 'heroname': 'Masha'}, {'heroid': 37, 'heroname': 'Lapu-Lapu'}]"
21,h022,Freya,https://akmweb.youngjoygame.com/web/svnres/img/mlbb/homepage_2_1_18_2/100_b9c34c88762ca8e66ccd4d84071bf0bc.png,"['exp lane, jungle']",Fighter,"[{'skill_name': 'Power of Einherjar', 'skill_icon': 'hero-skills-images/freya/passive.png', 'type': 'passive', 'cooldown': 'null', 'manacost': 'null', 'description': 'Power of EinherjarBurstAfter casting a skill, Freya gains 200% Attack Speed for her next 2 Basic Attacks (this effect can stack up to 6 times).  Freya gains 1 stack of Sacred Orb on each Basic Attack and can spend Sacred Orb stacks to cast  Spirit Combo consecutively.Skill terms\nAttack Speed\nCurrent Attack Speed = Base Attack Speed + Extra Attack Speed × Attack Speed Ratio. The current total Attack Speed determines the number of attacks per second (capped at 3 attacks per second).\n\nIcon\xa0variants'}, {'skill_name': 'Leap of Faith', 'skill_icon': 'hero-skills-images/freya/skill_1.png', 'type': 'active', 'cooldown': '8.0', 'manacost': 'null', 'description': 'Leap of FaithMobilityFreya jumps to the target location, dealing 200–300 (+80% Extra Physical Attack) Physical Damage to enemies hit and pulling them towards her.Skill terms\nBlink\nMovement ability that can pass through obstacles.\nDisplacement\nTarget Displacement; Can interrupt certain skills and Blink or Charge effects (interrupts the same skills as Knock Airborne effect). Including but not limited to Knockback, Drag and effects that pull targets together.\nMovement Speed\nMovement Speed on the ba'}, {'skill_name': 'Spirit Combo', 'skill_icon': 'hero-skills-images/freya/skill_2.png', 'type': 'active', 'cooldown': '10.0', 'manacost': 'null', 'description': 'Spirit ComboBurst\xa0MobilityFreya strikes in the target direction, gaining a 60–260 (+70% Extra Physical Attack) shield while dealing 20–230 (+90% Extra Physical Attack) Physical Damage to enemies hit and slowing them by 30% for 0.5 seconds. Freya can cast this skill again withnin 3.5 seconds at the cost of 2 stacks of Sacred Orb.  On the 3rd cast, Freya leaps into the air and smashes the area below, dealing 26–276 (+108% Extra Physical Attack) Physical Damage to enemies within range and knocking'}, {'skill_name': 'Valkyrie DescentMorph', 'skill_icon': 'hero-skills-images/freya/ultimate.png', 'type': 'active', 'cooldown': '54.0', 'manacost': 'null', 'description': 'Valkyrie DescentMorph\xa0ShieldMy faith is my guardian!Freya gains 6 stacks of Sacred Orb and enters the Valkyrie state, gaining a 600–900 (+180% Extra Physical Attack) shield and 30&Ndash;70 Physical Attack. Meanwhile, her Basic Attacks become ranged and deal splash damage. The Valkyrie state lasts for 10 seconds.Skill terms\nPhysical Basic Attack\nDeal Physical Damage to enemies. Triggers ATK Effects and Lifesteal.\nShield\nSpecial HP is preferentially deducted when taking damage. The shield with sho'}]","['Chase', 'Damage']","[{'heroid': 106, 'heroname': 'Phoveus'}, {'heroid': 74, 'heroname': 'Minsitthar'}, {'heroid': 72, 'heroname': 'Thamuz'}, {'heroid': 10, 'heroname': 'Franco'}, {'heroid': 94, 'heroname': 'Popol and Kupa'}, {'heroid': 87, 'heroname': 'Baxia'}, {'heroid': 99, 'heroname': 'Barats'}, {'heroid': 81, 'heroname': 'Esmeralda'}, {'heroid': 50, 'heroname': 'Zhask'}]","[{'heroid': 124, 'heroname': 'Chip'}, {'heroid': 80, 'heroname': 'Guinevere'}, {'heroid': 37, 'heroname': 'Lapu-Lapu'}, {'heroid': 95, 'heroname': 'Yu Zhong'}, {'heroid': 29, 'heroname': 'Ruby'}, {'heroid': 48, 'heroname': 'Diggie'}, {'heroid': 83, 'heroname': 'X.Borg'}, {'heroid': 101, 'heroname': 'Yve'}, {'heroid': 98, 'heroname': 'Khaleed'}, {'heroid': 110, 'heroname': 'Valentina'}]"
22,h023,Gord,https://akmweb.youngjoygame.com/web/svnres/img/mlbb/homepage_1_9_47/100_9513f5e10ec33f76747732eaf2082259.png,['mid lane'],Mage,"[{'skill_name': 'Mystic Favor', 'skill_icon': 'hero-skills-images/gord/passive.png', 'type': 'passive', 'cooldown': 'null', 'manacost': 'null', 'description': 'Mystic FavorBuff\xa0SlowAfter Gord hits an enemy 4 times with Basic Attacks or skills within a short period of time, the next attack on the target will deal an additional 140 (+60% Total Magic Power) True Damage and slow them by 20% for 1 second (the slow effect stacks up to 2 times).Skill terms\nTrue Damage Skill\nDeal True Damage to enemies. Triggers Spell Vamp.\nTrue Damage\nIf there is no way to reduce damage taken, you can try increasing Max HP.\n\nIcon\xa0variants'}, {'skill_name': 'Mystic Projectile', 'skill_icon': 'hero-skills-images/gord/skill_1.png', 'type': 'active', 'cooldown': '10.0', 'manacost': '90 / 100 / 110 / 120 / 130 / 140', 'description': 'Mystic ProjectileCCGord conjures a Mystic Orb that bounces in the target direction and explodes on the first enemy hit, dealing 270–495 (+80% Total Magic Power) Magic Damage to enemies in the area, while stunning them and revealing their locations for 1 second.Skill terms\nStun\nBasic level Crowd Control: Prevents a target from moving, and using Basic Attacks and skills. Can interrupt some skills.\nMagic Damage Skill\nDeal Magic DMG to enemies. Triggers Spell Vamp.\n\nIcon\xa0variants\n\n\nLevel scaling\n\n\nP'}, {'skill_name': 'Mystic Injunction', 'skill_icon': 'hero-skills-images/gord/skill_2.png', 'type': 'active', 'cooldown': '8.0', 'manacost': '55 / 65 / 75 / 85 / 95 / 105', 'description': 'Mystic InjunctionAOEGord create an energy field in the target area, dealing 55–105 (+16% Total Magic Power) Magic Damage every 0.3 second to enemies within (up to 13 times).Skill terms\nMagic Damage Skill\nDeal Magic DMG to enemies. Triggers Spell Vamp.\n\nIcon\xa0variants\n\n\nLevel scaling\n\n\nProperties\n\n1\n\n2\n\n3\n\n4\n\n5\n\n6\n\n\nCooldown\n\n8.0\n\n7.6\n\n7.2\n\n6.8\n\n6.4\n\n6.0\n\n\nMana Cost\n\n55\n\n65\n\n75\n\n85\n\n95\n\n105\n\n\nDamage Per Hit\n\n55\n\n65\n\n75\n\n85\n\n95\n\n105'}, {'skill_name': 'Mystic Gush', 'skill_icon': 'hero-skills-images/gord/ultimate.png', 'type': 'active', 'cooldown': '44.0', 'manacost': '150 / 170 / 190', 'description': 'Mystic GushBurstGord unleashes an energy beam in the target direction, dealing 110–210 (+32% Total Magic Power) Magic Damage to enemies hit every 0.2 seconds (up to 16 times).  The direction of the beam can be adjusted using the Joystick.Skill terms\nMagic Damage Skill\nDeal Magic DMG to enemies. Triggers Spell Vamp.\n\nIcon\xa0variants\n\n\nLevel scaling\n\n\nProperties\n\n1\n\n2\n\n3\n\n\nCooldown\n\n44.0\n\n40.0\n\n36.0\n\n\nMana Cost\n\n150\n\n170\n\n190\n\n\nSpell Vamp Ratio\n\n50%\n\n\nDamage Per Hit\n\n110\n\n160\n\n210\nNotes\nGord is stat'}]","['Poke', 'Burst']","[{'heroid': 24, 'heroname': 'Natalia'}, {'heroid': 69, 'heroname': 'Hanzo'}, {'heroid': 84, 'heroname': 'Ling'}, {'heroid': 51, 'heroname': 'Helcurt'}, {'heroid': 17, 'heroname': 'Fanny'}, {'heroid': 64, 'heroname': 'Aldous'}, {'heroid': 42, 'heroname': 'Harley'}, {'heroid': 118, 'heroname': 'Joy'}, {'heroid': 97, 'heroname': 'Benedetta'}, {'heroid': 65, 'heroname': 'Claude'}]","[{'heroid': 40, 'heroname': 'Karrie'}, {'heroid': 130, 'heroname': 'Obsidia'}, {'heroid': 94, 'heroname': 'Popol and Kupa'}, {'heroid': 27, 'heroname': 'Sun'}, {'heroid': 39, 'heroname': 'Roger'}, {'heroid': 1, 'heroname': 'Miya'}, {'heroid': 88, 'heroname': 'Masha'}, {'heroid': 87, 'heroname': 'Baxia'}, {'heroid': 49, 'heroname': 'Hylos'}, {'heroid': 73, 'heroname': 'Harith'}]"
23,h024,Natalia,https://akmweb.youngjoygame.com/web/svnres/img/mlbb/homepage/100_fbb5065b6ff174d1a20ccf5b7f523514.png,"['jungle, roam']",Assassin,"[{'skill_name': 'Assassin Instinct', 'skill_icon': 'hero-skills-images/natalia/passive.png', 'type': 'passive', 'cooldown': 'null', 'manacost': 'null', 'description': ""Assassin InstinctBuffIf Natalia stays in a bush without taking damage for 1 second, she will enter Camouflage state and gain 15% Movement Speed. In this state, Natalia's next Basic Attack will teleport her behind her target and deal 200 (+110%% Total Physical Attack) Physical Damage while silencing the target for 0.25 seconds.Dealing damage, taking damage or using skills will immediately end the Camouflage state, but her next Basic Attack will remain enhanced for another 1 second.Natalia's base""}, {'skill_name': 'Claw Dash', 'skill_icon': 'hero-skills-images/natalia/skill_1.png', 'type': 'active', 'cooldown': '10.0', 'manacost': '50 / 55 / 60 / 65 / 70 / 75', 'description': 'Claw DashMobility\xa0AOENatalia dashes in the target direction, dealing 250–350 (+50% Total Physical Attack) Physical Damage to enemies in her path.After hitting an enemy, she can cast this skill again within 5 seconds.Skill terms\nBlink\nMovement ability that can pass through obstacles.\nPhysical Damage Skill\nDeal Physical DMG to enemies. Triggers Spell Vamp.\n\nLevel scaling\n\n\nProperties\n\n1\n\n2\n\n3\n\n4\n\n5\n\n6\n\n\nCooldown\n\n10.0\n\n9.6\n\n9.2\n\n8.8\n\n8.4\n\n8.0\n\n\nMana Cost\n\n50\n\n55\n\n60\n\n65\n\n70\n\n75\n\n\nBase Damage\n\n250'}, {'skill_name': 'Smoke Bomb', 'skill_icon': 'hero-skills-images/natalia/skill_2.png', 'type': 'active', 'cooldown': '12.0', 'manacost': '80 / 85 / 90 / 95 / 100 / 105', 'description': 'Smoke BombBuff\xa0SlowNo one beats me in my own game.Natalia releases a Smoke Bomb at her location, slowing enemies within by 25%–75% while Natalia becomes immune to enemy Basic Attacks for 4 seconds.Skill terms\nDodge\nYou are immune to enemy Basic Attack damage and effects within the duration.\nMovement Speed\nMovement Speed on the battlefield. Usually Calculated and Actual Movement Speed is equal. But when Movement Speed is below 230 or over 420 both Slowdown and Speedup Effect will decay. Calculate'}, {'skill_name': 'The Hunt', 'skill_icon': 'hero-skills-images/natalia/ultimate.png', 'type': 'active', 'cooldown': '3.0', 'manacost': '90 / 110 / 130', 'description': 'The HuntConceal\xa0BuffPassive: Natalia gains 15%–45% extra Crit Chance.Active: Natalia immediately enters Assassin Instinct state. Natalia can store up to 2 charges of her'}]","['Chase', 'Finisher']","[{'heroid': 8, 'heroname': 'Karina'}, {'heroid': 3, 'heroname': 'Saber'}, {'heroid': 15, 'heroname': 'Eudora'}, {'heroid': 33, 'heroname': 'Cyclops'}, {'heroid': 7, 'heroname': 'Alucard'}, {'heroid': 125, 'heroname': 'Zhuxin'}, {'heroid': 100, 'heroname': 'Brody'}, {'heroid': 62, 'heroname': 'Kaja'}, {'heroid': 124, 'heroname': 'Chip'}]","[{'heroid': 9, 'heroname': 'Akai'}, {'heroid': 70, 'heroname': 'Belerick'}, {'heroid': 92, 'heroname': 'Carmilla'}, {'heroid': 78, 'heroname': 'Khufra'}, {'heroid': 104, 'heroname': 'Gloo'}, {'heroid': 87, 'heroname': 'Baxia'}, {'heroid': 111, 'heroname': 'Edith'}, {'heroid': 4, 'heroname': 'Alice'}, {'heroid': 82, 'heroname': 'Terizla'}, {'heroid': 99, 'heroname': 'Barats'}]"
24,h025,Kagura,https://akmweb.youngjoygame.com/web/svnres/img/mlbb/homepage/100_da424b020b8ac8235d64a1b8a09aa749.png,['mid lane'],Mage,"[{'skill_name': 'Yin Yang Gathering', 'skill_icon': 'hero-skills-images/kagura/passive.png', 'type': 'passive', 'cooldown': 'null', 'manacost': 'null', 'description': 'Yin Yang GatheringShield\xa0CCUpon retrieving the Seimei Umbrella, Kagura gains a 280 (+50% Total Magic Power) shield, stuns nearby enemies for 0.5 second, and slows them by 60% for 1 second. Cooldown 4.5 seconds.\n\nIcon\xa0variants\n\n\nLevel scaling\n\n\nProperty\n\n1\n\n\nCooldown\n\n4.5'}, {'skill_name': 'Seimei Umbrella Open', 'skill_icon': 'hero-skills-images/kagura/skill_1.png', 'type': 'active', 'cooldown': '5.0', 'manacost': '50 / 56 / 62 / 68 / 74 / 80', 'description': ""Seimei Umbrella OpenDamage\xa0SlowKagura sends the Seimei Umbrella to the target location, dealing 315–590 (+105% Total Magic Power) Magic Damage to enemies in its path and slowing them by 60% for 0.5 second. The Umbrella will automatically return to Kagura when she's too far away.  This skill deals 130% damage to non-hero enemies. Icon\xa0variants""}, {'skill_name': 'With UmbrellaWithout Umbrella Rasho Umbrella Flee', 'skill_icon': 'hero-skills-images/kagura/skill_2.png', 'type': 'active', 'cooldown': 'null', 'manacost': 'null', 'description': 'With UmbrellaWithout Umbrella Rasho Umbrella FleeRemove CC\xa0MobilityKagura removes all debuffs on her and dashes in the target direction, while leaving the Seimei Umbrella behind. Icon\xa0variants'}, {'skill_name': 'With UmbrellaWithout Umbrella Yin Yang Overturn', 'skill_icon': 'hero-skills-images/kagura/ultimate.png', 'type': 'active', 'cooldown': 'null', 'manacost': 'null', 'description': ""With UmbrellaWithout Umbrella Yin Yang OverturnCC\xa0BurstDon't get too close to my Seimei Umbrella.Kagura invokes the power of the Seimei Umbrella, dealing 330–470 (+105% Total Magic Power) Magic Damage to nearby enemies, knocking them back, and slowing them by 60% for 0.5 second. Icon\xa0variants""}]","['Poke', 'Finisher']","[{'heroid': 106, 'heroname': 'Phoveus'}, {'heroid': 81, 'heroname': 'Esmeralda'}, {'heroid': 62, 'heroname': 'Kaja'}, {'heroid': 73, 'heroname': 'Harith'}, {'heroid': 35, 'heroname': 'Hilda'}, {'heroid': 72, 'heroname': 'Thamuz'}, {'heroid': 130, 'heroname': 'Obsidia'}, {'heroid': 74, 'heroname': 'Minsitthar'}, {'heroid': 124, 'heroname': 'Chip'}, {'heroid': 48, 'heroname': 'Diggie'}]","[{'heroid': 42, 'heroname': 'Harley'}, {'heroid': 112, 'heroname': 'Floryn'}, {'heroid': 14, 'heroname': 'Rafaela'}, {'heroid': 72, 'heroname': 'Thamuz'}, {'heroid': 1, 'heroname': 'Miya'}, {'heroid': 108, 'heroname': 'Aulus'}, {'heroid': 62, 'heroname': 'Kaja'}, {'heroid': 88, 'heroname': 'Masha'}, {'heroid': 4, 'heroname': 'Alice'}, {'heroid': 30, 'heroname': 'Yi Sun-shin'}]"
25,h026,Chou,https://akmweb.youngjoygame.com/web/svnres/img/mlbb/homepage/100_158209b180032c4564b8f3bde8c48888.png,"['exp lane, roam']",Fighter,"[{'skill_name': 'Only Fast', 'skill_icon': 'hero-skills-images/chou/passive.png', 'type': 'passive', 'cooldown': 'null', 'manacost': 'null', 'description': ""Only FastBuffAfter travelling 5 units, Chou's deals 180% damage on his next Basic Attack (cannot Crit), briefly slows the target by 80% and reduces their Physical Defense by 10(+1*Hero Level) for 3s (up to 2 stacks).Skill terms\nPhysical Basic Attack\nDeal Physical Damage to enemies. Triggers ATK Effects and Lifesteal.\nPhysical Defense\nDeduction of Physical Damage taken. Physical Defense will be affected by the enemy’s Physical PEN but not lower than 0.  Actual Physical Damage taken = Physical Dam""}, {'skill_name': 'Jeet Kune Do', 'skill_icon': 'hero-skills-images/chou/skill_1.png', 'type': 'active', 'cooldown': '9.5', 'manacost': 'null', 'description': 'Jeet Kune DoAOE\xa0MobilityChou strikes in the target direction, dealing 180 (+70% Total Physical Attack) Physical Damage to enemies hit. This skill can be cast 3 times before it goes on coldown. On the 3rd cast, Chou also knocks enemies hit airborne.Hitting an enemy hero with the 3rd cast resets the cooldown of Shunpo.Skill terms\nBlink\nMovement ability that can pass through obstacles.\nAirborne\nHigh level Crowd Control: Prevents a target from moving, and using Basic Attacks and skills. Can interrup'}, {'skill_name': 'ShunpoMobilityChou charges in the target direction gaining', 'skill_icon': 'hero-skills-images/chou/skill_2.png', 'type': 'active', 'cooldown': '5.0', 'manacost': 'null', 'description': 'ShunpoMobilityChou charges in the target direction gaining Control Immunity and a 200 (+200% Extra Physical Attack) Physical Damage shield.Skill terms\nBlink\nMovement ability that can pass through obstacles.\nControl Immunity\nYou are immune to enemy CC effects (Suppressed excluded) within the duration.\n\nIcon\xa0variants\n\n\n\n\n\n\nLevel scaling\n\n\nProperties\n\n1\n\n2\n\n3\n\n4\n\n5\n\n6\n\n\nCooldown\n\n5.0\n\n\nBase Shield\n\n200\n\n230\n\n260\n\n290\n\n320\n\n350'}, {'skill_name': 'The Way of Dragon', 'skill_icon': 'hero-skills-images/chou/ultimate.png', 'type': 'active', 'cooldown': '34.0', 'manacost': 'null', 'description': 'The Way of DragonCC\xa0BurstChou strikes the target enemy hero with a roundhouse kick at the target enemy hero, dealing them 400 (+200% Extra Physical Attack) Physical Damage and knocking them back.Cast this skill again to chase up the target, dealing a total of 480 (+220% Extra Physical Attack) Physical Damage.Skill terms\nBlink\nMovement ability that can pass through obstacles.\nPhysical Damage Skill\nDeal Physical DMG to enemies. Triggers Spell Vamp.\nDisplacement\nTarget Displacement; Can interrupt c'}]","['Chase', 'Control']","[{'heroid': 106, 'heroname': 'Phoveus'}, {'heroid': 33, 'heroname': 'Cyclops'}, {'heroid': 81, 'heroname': 'Esmeralda'}, {'heroid': 127, 'heroname': 'Lukas'}, {'heroid': 130, 'heroname': 'Obsidia'}, {'heroid': 15, 'heroname': 'Eudora'}, {'heroid': 78, 'heroname': 'Khufra'}]","[{'heroid': 108, 'heroname': 'Aulus'}, {'heroid': 19, 'heroname': 'Minotaur'}, {'heroid': 60, 'heroname': 'Hanabi'}, {'heroid': 124, 'heroname': 'Chip'}, {'heroid': 114, 'heroname': 'Melissa'}, {'heroid': 27, 'heroname': 'Sun'}, {'heroid': 70, 'heroname': 'Belerick'}, {'heroid': 11, 'heroname': 'Bane'}, {'heroid': 92, 'heroname': 'Carmilla'}, {'heroid': 20, 'heroname': 'Lolita'}]"
26,h027,Sun,https://akmweb.youngjoygame.com/web/svnres/img/mlbb/homepage/100_117b5cdcc13232157075ce7b7f6177e9.png,"['exp lane, jungle']",Fighter,"[{'skill_name': 'Simian God', 'skill_icon': 'hero-skills-images/sun/passive.png', 'type': 'passive', 'cooldown': 'null', 'manacost': 'null', 'description': ""Simian GodDebuff\xa0HealEnemies hit by Sun and his Doppelgangers will have their Physical Defense reduced by 4% (stacks up to 10 times). Sun recovers HP equal to 50% of the Doppelganger's Physical Attack each time a Doppelganger deals damage.Skill terms\nPhysical Defense\nDeduction of Physical Damage taken. Physical Defense will be affected by the enemy’s Physical PEN but not lower than 0.  Actual Physical Damage taken = Physical Damage dealt by enemy 120/(120 + Physical Defense). Physical Defense wi""}, {'skill_name': 'Endless Variety', 'skill_icon': 'hero-skills-images/sun/skill_1.png', 'type': 'active', 'cooldown': '10.0', 'manacost': '70 / 80 / 90 / 100 / 110 / 120', 'description': ""Endless VarietyAOE | Attack Effects: 40%/43%/46%/49%/52%/55%Sun hurls his Golden Staff in the target direction, dealing 200–400 (+40% Total Physical Attack) Physical Damage to enemies in its path. Upon hitting an enemy hero or Creep, or reaching the maximum range, the Golden Staff morphs into a Doppelganger that lasts 5 seconds and inherits 40%–55% of Sun's attributes (and a portion of his Attack Effects).Endless Variety and  Swift Exchange are learned and upgraded together and share the same co""}, {'skill_name': 'Swift Exchange', 'skill_icon': 'hero-skills-images/sun/skill_2.png', 'type': 'active', 'cooldown': '10.0', 'manacost': '70 / 80 / 90 / 100 / 110 / 120', 'description': 'Swift ExchangeMobility\xa0AOE | Attack Effects: 40%/43%/46%/49%/52%/55%Sun hurls his Golden Staff in the target direction, dealing 200–400 (+40% Total Physical Attack) Physical Damage to enemies in its path.He conjures a Doppelganger at his location that lasts 5 seconds and inherits 40%–55% of his attributes (and a portion of Attack Effects), conceals himself, and moves with the Golden Staff.Sun reappears and retrieves the Golden Staff when it hits an enemy hero or reaches the maximum range.Skill t'}, {'skill_name': 'Ultimate', 'skill_icon': 'hero-skills-images/sun/ultimate.png', 'type': 'active', 'cooldown': '36.0', 'manacost': '0', 'description': ""Clone TechniquesSummonNo one can tell what's false and what's real.Sun summons a Doppelganger that lasts 12 seconds and inherits 70%&nash;100% of his attributes and a portion [100%] of his Attack Effects. The Doppelganger takes increased damage.""}]","['Push', 'Damage']","[{'heroid': 29, 'heroname': 'Ruby'}, {'heroid': 107, 'heroname': 'Natan'}, {'heroid': 64, 'heroname': 'Aldous'}, {'heroid': 7, 'heroname': 'Alucard'}, {'heroid': 114, 'heroname': 'Melissa'}, {'heroid': 76, 'heroname': 'Faramis'}, {'heroid': 118, 'heroname': 'Joy'}, {'heroid': 4, 'heroname': 'Alice'}, {'heroid': 71, 'heroname': 'Kimmy'}]","[{'heroid': 104, 'heroname': 'Gloo'}, {'heroid': 83, 'heroname': 'X.Borg'}, {'heroid': 77, 'heroname': 'Badang'}, {'heroid': 54, 'heroname': 'Jawhead'}, {'heroid': 70, 'heroname': 'Belerick'}, {'heroid': 95, 'heroname': 'Yu Zhong'}, {'heroid': 37, 'heroname': 'Lapu-Lapu'}, {'heroid': 97, 'heroname': 'Benedetta'}, {'heroid': 120, 'heroname': 'Arlott'}, {'heroid': 106, 'heroname': 'Phoveus'}]"
27,h028,Alpha,https://akmweb.youngjoygame.com/web/svnres/img/mlbb/homepage/100_86c9f91f530727db6498f920d19180d1.png,"['jungle, exp lane']",Fighter,"[{'skill_name': 'True', 'skill_icon': 'hero-skills-images/alpha/passive.png', 'type': 'passive', 'cooldown': 'null', 'manacost': 'null', 'description': 'Beta, Advance!Damage\xa0SlowWhen Alpha uses a skill, Beta will be summoned to attack. [Non-minion enemies] that are hit by Beta 2 time(s) will be Locked On.Locked On: After Alpha deals damage to the target, Beta will fire a laser at them, dealing 80 (+8 × Hero Level) (+100% Extra Physical Attack) True Damage and briefly applying a powerful [90% slow for 0.2 seconds].Skill terms\nTrue Damage Skill\nDeal True Damage to enemies. Triggers Spell Vamp.\nTrue Damage\nIf there is no way to reduce damage taken,'}, {'skill_name': 'Rotary Impact', 'skill_icon': 'hero-skills-images/alpha/skill_1.png', 'type': 'active', 'cooldown': '4.0', 'manacost': '50', 'description': 'Rotary ImpactAOE\xa0SlowAlpha unleashes an energy wave in the target direction, dealing 100–200 (+90% Extra Physical Attack) Physical Damage to enemies in its path and slowing them by 40% for 1 second.Beta then strafes enemies along the same path, dealing 60–120 (+30% Extra Physical Attack) True Damage.Skill terms\nPhysical Damage Skill\nDeal Physical DMG to enemies. Triggers Spell Vamp.\nMovement Speed\nMovement Speed on the battlefield. Usually Calculated and Actual Movement Speed is equal. But when'}, {'skill_name': 'Force Swing', 'skill_icon': 'hero-skills-images/alpha/skill_2.png', 'type': 'active', 'cooldown': '6.0', 'manacost': '45 / 50 / 55 / 60 / 65 / 70', 'description': 'Force SwingAOE\xa0HealAfter a short delay, Alpha swings his blade in the target direction, dealing 250–500 (+100% Total Physical Attack) Physical Damage to enemies in a fan-shaped area and recovering 100–200 (+30% Extra Physical Attack) HP for each enemy hit.Beta then strafes enemies in the same area, dealing 60–120 (+30% Extra Physical Attack) True Damage.Skill terms\nPhysical Damage Skill\nDeal Physical DMG to enemies. Triggers Spell Vamp.\nMovement Speed\nMovement Speed on the battlefield. Usually C'}, {'skill_name': 'Spear of Alpha', 'skill_icon': 'hero-skills-images/alpha/ultimate.png', 'type': 'active', 'cooldown': '20.0', 'manacost': '70 / 80 / 90', 'description': 'Spear of AlphaMobility\xa0CCBeta dives into target location, dealing 100–200 (+20% Total Physical Attack) Physical Damage to enemies hit and stunning them for 1 second. Alpha then leaps towards the same location, knocking enemies in his path airborne and carrying them to the landing location. Alpha then slams down, dealing 250–500 (+100% Total Physical Attack) Physical Damage and slowing the enemies by 40% for 1.5 seconds.Beta then strafes enemies in the same area 5 times, dealing 15–30 (+30% Extra'}]","['Charge', 'Damage']","[{'heroid': 48, 'heroname': 'Diggie'}, {'heroid': 97, 'heroname': 'Benedetta'}, {'heroid': 83, 'heroname': 'X.Borg'}, {'heroid': 101, 'heroname': 'Yve'}, {'heroid': 86, 'heroname': 'Lylia'}, {'heroid': 57, 'heroname': 'Valir'}, {'heroid': 102, 'heroname': 'Mathilda'}, {'heroid': 84, 'heroname': 'Ling'}, {'heroid': 47, 'heroname': 'Lancelot'}]","[{'heroid': 93, 'heroname': 'Atlas'}, {'heroid': 97, 'heroname': 'Benedetta'}, {'heroid': 95, 'heroname': 'Yu Zhong'}, {'heroid': 64, 'heroname': 'Aldous'}, {'heroid': 104, 'heroname': 'Gloo'}, {'heroid': 120, 'heroname': 'Arlott'}, {'heroid': 98, 'heroname': 'Khaleed'}, {'heroid': 24, 'heroname': 'Natalia'}, {'heroid': 76, 'heroname': 'Faramis'}, {'heroid': 106, 'heroname': 'Phoveus'}]"
28,h029,Ruby,https://akmweb.youngjoygame.com/web/svnres/img/mlbb/homepage/100_4b96c75b136290576d849309722d4d20.png,['exp lane'],Fighter,"[{'skill_name': 'Percentage of HP recovered from dealing Skill', 'skill_icon': 'hero-skills-images/ruby/passive.png', 'type': 'passive', 'cooldown': 'null', 'manacost': 'null', 'description': ""Let's Dance!BuffRuby gains 6%-20% Spell Vamp (based on level) and inherits 125% Spell Vamp Ratio  (Basic Attacks cannot trigger Lifesteal).After each skill cast, Ruby can dash to another location, gaining 7.5 (+1.5 × Hero Level) Physical & Magic Defense (scales with level) for 4 seconds. (stacks up to 3 times).Skill terms\nBlink\nMovement ability that can pass through obstacles.\nSpell Vamp\nPercentage of HP recovered from dealing Skill Damage to an enemy. HP recovered = Skill Damage × Spell Vamp ×""}, {'skill_name': 'Physical', 'skill_icon': 'hero-skills-images/ruby/skill_1.png', 'type': 'active', 'cooldown': '4.0', 'manacost': '25', 'description': 'Be Good!AOE\xa0Slow | Spell Vamp Ratio: 125%Ruby swings her scythe, dealing 90 (+70%–130% Total Physical Attack) Physical Damage to enemies hit. She then unleashes a shockwave In the same direction, dealing 90 (+70%–130% Total Physical Attack) Physical Damage to enemies hit and slowing them by 40% for 1 second.Skill terms\nPhysical Damage Skill\nDeal Physical DMG to enemies. Triggers Spell Vamp.\nMovement Speed\nMovement Speed on the battlefield. Usually Calculated and Actual Movement Speed is equal. B'}, {'skill_name': 'Physical', 'skill_icon': 'hero-skills-images/ruby/skill_2.png', 'type': 'active', 'cooldown': '7.0', 'manacost': '50 / 55 / 60 / 65 / 70 / 75', 'description': ""Don't Run, Wolf King!CC\xa0AOE | Spell Vamp Ratio: 125%Ruby swings her scythe herself twice, each swing dealing 60–185 (+55% Total Physical Attack) Physical Damage to nearby enemies, stunning them for 0.5 seconds, and slowly pulling them toward her.Skill terms\nPhysical Damage Skill\nDeal Physical DMG to enemies. Triggers Spell Vamp.\nStun\nBasic level Crowd Control: Prevents a target from moving, and using Basic Attacks and skills. Can interrupt some skills.\nDisplacement\nTarget Displacement; Can inter""}, {'skill_name': 'Physical', 'skill_icon': 'hero-skills-images/ruby/ultimate.png', 'type': 'active', 'cooldown': '26.0', 'manacost': '80 / 100 / 120', 'description': ""I'm Offended!CC\xa0AOE | Spell Vamp Ratio: 125%Ruby sweeps scythe in the target direction, dealing 200–480 (+200% Total Physical Attack) Physical Damage to enemies hit, pulling them toward her, and stunning them for 0.5 seconds.Skill terms\nPhysical Damage Skill\nDeal Physical DMG to enemies. Triggers Spell Vamp.\nStun\nBasic level Crowd Control: Prevents a target from moving, and using Basic Attacks and skills. Can interrupt some skills.\nDisplacement\nTarget Displacement; Can interrupt certain skills a""}]","['Crowd Control', 'Regen']","[{'heroid': 83, 'heroname': 'X.Borg'}, {'heroid': 106, 'heroname': 'Phoveus'}, {'heroid': 23, 'heroname': 'Gord'}, {'heroid': 99, 'heroname': 'Barats'}, {'heroid': 48, 'heroname': 'Diggie'}, {'heroid': 120, 'heroname': 'Arlott'}, {'heroid': 20, 'heroname': 'Lolita'}, {'heroid': 95, 'heroname': 'Yu Zhong'}, {'heroid': 78, 'heroname': 'Khufra'}, {'heroid': 121, 'heroname': 'Ixia'}]","[{'heroid': 27, 'heroname': 'Sun'}, {'heroid': 22, 'heroname': 'Freya'}, {'heroid': 76, 'heroname': 'Faramis'}, {'heroid': 108, 'heroname': 'Aulus'}, {'heroid': 55, 'heroname': 'Angela'}, {'heroid': 8, 'heroname': 'Karina'}, {'heroid': 126, 'heroname': 'Suyou'}, {'heroid': 48, 'heroname': 'Diggie'}, {'heroid': 121, 'heroname': 'Ixia'}, {'heroid': 12, 'heroname': 'Bruno'}]"
29,h030,Yi Sun-shin,https://akmweb.youngjoygame.com/web/svnres/img/mlbb/homepage/100_961378be3f498d42c25b3defd1635ad1.png,['jungle'],"Assassin, Marksman","[{'skill_name': 'Heavenly Vow', 'skill_icon': 'hero-skills-images/yi_sun-shin/passive.png', 'type': 'passive', 'cooldown': 'null', 'manacost': 'null', 'description': 'Heavenly VowBuffYi Sun-shin attacks with his longbow and glaive according to his distance from the target.  Weapon Mastery: After each weapon switch, the next two \xa0Basic Attacks will gain extra Attack Speed, dealing 70% and 55% Crit Damage respectively, and gain 15% Movement Speed for 1 second. Notes The attack range of Glaive is 1.9 unit. The differentiation range is indicated by a red ring around  Yi Sun-shin. His current weapon is displayed below the health bar, with glaive on the left and lo'}, {'skill_name': 'Traceless', 'skill_icon': 'hero-skills-images/yi_sun-shin/skill_1.png', 'type': 'active', 'cooldown': '12.0', 'manacost': '50 / 55 / 60 / 65 / 70 / 75', 'description': 'TracelessMobility\xa0AOEYi Sun-shin dashes forward and slashes with his glaive, dealing 150–300 (+40% Total Physical Attack) Physical Damage and becoming immune to control effects for 1 second.  Each Weapon Mastery triggered reduces the cooldown of Traceless by 1 second.Skill terms\nBlink\nMovement ability that can pass through obstacles.\nControl Immunity\nYou are immune to enemy CC effects (Suppressed excluded) within the duration.\n\nLevel scaling\n\n\nProperties\n\n1\n\n2\n\n3\n\n4\n\n5\n\n6\n\n\nCooldown\n\n12.0\n\n11.0'}, {'skill_name': 'Blood Floods', 'skill_icon': 'hero-skills-images/yi_sun-shin/skill_2.png', 'type': 'active', 'cooldown': '11.0', 'manacost': '60 / 65 / 70 / 75 / 80 / 85', 'description': ""Blood FloodsAOETap: Yi Sun-shin slashes swiftly with his glaive, dealing 240–340 (+80% Total Physical Attack) Physical Damage.  Hold: Yi Sun-shin shoots a powerful arrow, dealing  240–340 (+80% Total Physical Attack) Physical Damage to the target. The arrow's damage scales with the hold time, up to 200%.  Yi Sun-shin gains Weapon Mastery immediately when this skill is used.""}, {'skill_name': 'Mountain Shocker', 'skill_icon': 'hero-skills-images/yi_sun-shin/ultimate.png', 'type': 'active', 'cooldown': '60.0', 'manacost': '150 / 180 / 210', 'description': 'Mountain ShockerBurst\xa0CCYi Sun-shin summons a turtle ship and gains sight of the whole map for 5 seconds. The turtle ship lasts for up to 15 seconds, during which Yi Sun-shin gains 70% burst Movement Speed (decay to 20% over 2 seconds).  When cast again, Yi Sun-shin commands the turtle ship to ram towards the target area, dealing 160–320 (+65% Total Physical Attack) Physical Damage and stunning enemy units in the central area for 0.8 seconds. Then Yi Sun-shin commands the naval fleet to launch 3'}]","['Finisher', 'Chase']","[{'heroid': 59, 'heroname': 'Uranus'}, {'heroid': 8, 'heroname': 'Karina'}, {'heroid': 81, 'heroname': 'Esmeralda'}, {'heroid': 35, 'heroname': 'Hilda'}, {'heroid': 79, 'heroname': 'Granger'}, {'heroid': 115, 'heroname': 'Xavier'}, {'heroid': 21, 'heroname': 'Hayabusa'}, {'heroid': 20, 'heroname': 'Lolita'}, {'heroid': 24, 'heroname': 'Natalia'}, {'heroid': 7, 'heroname': 'Alucard'}]","[{'heroid': 112, 'heroname': 'Floryn'}, {'heroid': 110, 'heroname': 'Valentina'}, {'heroid': 124, 'heroname': 'Chip'}, {'heroid': 48, 'heroname': 'Diggie'}, {'heroid': 101, 'heroname': 'Yve'}, {'heroid': 73, 'heroname': 'Harith'}, {'heroid': 78, 'heroname': 'Khufra'}, {'heroid': 128, 'heroname': 'Kalea'}, {'heroid': 102, 'heroname': 'Mathilda'}, {'heroid': 37, 'heroname': 'Lapu-Lapu'}]"
30,h031,Moskov,https://akmweb.youngjoygame.com/web/svnres/img/mlbb/homepage/100_a60a866ab6752a7f66766e720da987ea.png,['gold lane'],Marksman,"[{'skill_name': 'Spear of Quiescence', 'skill_icon': 'hero-skills-images/moskov/passive.png', 'type': 'passive', 'cooldown': 'null', 'manacost': 'null', 'description': ""Spear of QuiescenceBuffMoskov's Basic Attacks can penetrate the target and deal [(+65% (+3% × Hero Level) Physical Attack)  Critical Physical Damage] to enemies behind them (inherits Attack Effects). Each Basic Attack hit reduces the cooldowns of  Abyss Walker and  Spear of Misery by 0.5 seconds.Skill terms\nPhysical Basic Attack\nDeal Physical Damage to enemies. Triggers ATK Effects and Lifesteal.\nCooldown\nThe time needed for casting the skill one more time, which can be affected by CD Reduction""}, {'skill_name': 'Abyss Walker', 'skill_icon': 'hero-skills-images/moskov/skill_1.png', 'type': 'active', 'cooldown': '10.0', 'manacost': '45 / 50 / 55 / 60 / 65 / 70', 'description': 'Abyss WalkerMobility\xa0BuffMoskov teleports to the target location, increasing his Attack Speed to 1.15–1.5 times for 3 seconds. Meanwhile, his Basic Attack deals 10% more damage to enemies behind the primary target.Skill terms\nBlink\nMovement ability that can pass through obstacles.\nAttack Speed\nCurrent Attack Speed = Base Attack Speed + Extra Attack Speed × Attack Speed Ratio. The current total Attack Speed determines the number of attacks per second (capped at 3 attacks per second).\n\nIcon\xa0varian'}, {'skill_name': 'Spear of Misery', 'skill_icon': 'hero-skills-images/moskov/skill_2.png', 'type': 'active', 'cooldown': '12.0', 'manacost': '80 / 90 / 100 / 110 / 120 / 130', 'description': ""Spear of MiseryCC\xa0DamageMoskov launches a powerful strike at the target enemy hero or Creep, dealing 300–450 (+60% Total Physical Attack) Physical Damage, knocking them back, and revealing their position for 5 seconds.  If the target collides with an enemy hero when knocked back, they'll both take 200–275 (+30% Extra Physical Attack) Physical Damage and be stunned for 1.5 seconds. If the enemy is knocked into a wall, they will also be stunned for the same duration.Skill terms\nPhysical Damage Ski""}, {'skill_name': 'Ultimate', 'skill_icon': 'hero-skills-images/moskov/ultimate.png', 'type': 'active', 'cooldown': '55.0', 'manacost': '130 / 150 / 170', 'description': 'File:Spear of Destruction 2.png'}]","['Finisher', 'Chase']","[{'heroid': 60, 'heroname': 'Hanabi'}, {'heroid': 8, 'heroname': 'Karina'}, {'heroid': 1, 'heroname': 'Miya'}, {'heroid': 28, 'heroname': 'Alpha'}, {'heroid': 12, 'heroname': 'Bruno'}, {'heroid': 33, 'heroname': 'Cyclops'}, {'heroid': 15, 'heroname': 'Eudora'}, {'heroid': 124, 'heroname': 'Chip'}, {'heroid': 127, 'heroname': 'Lukas'}, {'heroid': 99, 'heroname': 'Barats'}]","[{'heroid': 104, 'heroname': 'Gloo'}, {'heroid': 106, 'heroname': 'Phoveus'}, {'heroid': 96, 'heroname': 'Luo Yi'}, {'heroid': 58, 'heroname': 'Martis'}, {'heroid': 35, 'heroname': 'Hilda'}, {'heroid': 70, 'heroname': 'Belerick'}, {'heroid': 44, 'heroname': 'Grock'}, {'heroid': 41, 'heroname': 'Gatotkaca'}, {'heroid': 94, 'heroname': 'Popol and Kupa'}, {'heroid': 87, 'heroname': 'Baxia'}]"
31,h032,Johnson,https://akmweb.youngjoygame.com/web/svnres/img/mlbb/homepage/100_85ff988c6660b4d04f8dd3d40df988bb.png,['roam'],"Tank, Support","[{'skill_name': 'Electro Airbag', 'skill_icon': 'hero-skills-images/johnson/passive.png', 'type': 'passive', 'cooldown': 'null', 'manacost': 'null', 'description': ""Electro AirbagShieldWhen Johnson's HP drops below 30%, he gains a 300 (+700% Total Physical Defense) shield for 10 seconds. Cooldown: 100.0 seconds.\n\nIcon\xa0variants""}, {'skill_name': 'Impact Wrench', 'skill_icon': 'hero-skills-images/johnson/skill_1.png', 'type': 'active', 'cooldown': '8.0', 'manacost': 'null', 'description': 'Impact WrenchCC\xa0AOE | Spell Vamp Ratio: 50%Johnson throws his wrench toward the target location, dealing 120–220 (+220% Total Physical Defense) Magic Damage to enemies in its path. Enemies around the landing point are stunned for 0.8 seconds.Skill terms\nMagic Damage Skill\nDeal Magic DMG to enemies. Triggers Spell Vamp.\nStun\nBasic level Crowd Control: Prevents a target from moving, and using Basic Attacks and skills. Can interrupt some skills.\n\nIcon\xa0variants\n\n\n\n\nLevel scaling\n\n\nProperties\n\n1\n\n2'}, {'skill_name': 'Skill 2', 'skill_icon': 'hero-skills-images/johnson/skill_2.png', 'type': 'active', 'cooldown': 'null', 'manacost': 'null', 'description': 'DefaultCar'}, {'skill_name': 'DefaultCar Full ThrottleMorph', 'skill_icon': 'hero-skills-images/johnson/ultimate.png', 'type': 'active', 'cooldown': 'null', 'manacost': 'null', 'description': ""DefaultCar Full ThrottleMorph\xa0CC | Spell Vamp Ratio: 50%Johnson transforms into a car and begins accelerating over time. An allied hero can use Hop In when near Johnson to board the car (only 1 allied hero can ride with Johnson). The car will explode upon hitting an enemy hero or obstacle, dealing 300–400 (+160% Total Magic Power) Magic Damage–450–600 (+280% Total Magic Power) Magic Damage to nearby enemies. stunning them for 0.5–1 second (scales with the car's speed before impact),[speed unknow""}]","['Support', 'Crowd Control']","[{'heroid': 4, 'heroname': 'Alice'}, {'heroid': 104, 'heroname': 'Gloo'}, {'heroid': 70, 'heroname': 'Belerick'}, {'heroid': 75, 'heroname': 'Kadita'}, {'heroid': 107, 'heroname': 'Natan'}, {'heroid': 73, 'heroname': 'Harith'}, {'heroid': 19, 'heroname': 'Minotaur'}, {'heroid': 93, 'heroname': 'Atlas'}, {'heroid': 102, 'heroname': 'Mathilda'}, {'heroid': 48, 'heroname': 'Diggie'}]","[{'heroid': 45, 'heroname': 'Argus'}, {'heroid': 24, 'heroname': 'Natalia'}, {'heroid': 50, 'heroname': 'Zhask'}, {'heroid': 74, 'heroname': 'Minsitthar'}, {'heroid': 27, 'heroname': 'Sun'}, {'heroid': 116, 'heroname': 'Julian'}, {'heroid': 111, 'heroname': 'Edith'}, {'heroid': 88, 'heroname': 'Masha'}, {'heroid': 108, 'heroname': 'Aulus'}, {'heroid': 76, 'heroname': 'Faramis'}]"
32,h033,Cyclops,https://akmweb.youngjoygame.com/web/svnres/img/mlbb/homepage/100_68da456f9c01b2f88d29ee320db181ed.png,['mid lane'],Mage,"[{'skill_name': 'Starlit Hourglass', 'skill_icon': 'hero-skills-images/cyclops/passive.png', 'type': 'passive', 'cooldown': 'null', 'manacost': 'null', 'description': 'Starlit HourglassBuffEach time Cyclops hits an enemy with his skills, all his skill cooldowns are reduced by 0.5s.Skill terms\nCooldown\nThe time needed for casting the skill one more time, which can be affected by CD Reduction (unless otherwise stated).\n\nIcon\xa0variants'}, {'skill_name': 'Stardust Shock', 'skill_icon': 'hero-skills-images/cyclops/skill_1.png', 'type': 'active', 'cooldown': '9.0', 'manacost': '100', 'description': 'Stardust ShockAOECyclops casts two Stardust Disks, each dealing 275–400 (+60% Total Magic Power) Magic Damage to enemies in its path.Skill terms\nMagic Skill\nDeal Magic DMG to enemies. Triggers Spell Vamp.\n\nIcon\xa0variants\n\n\nLevel scaling\n\n\nProperties\n\n1\n\n2\n\n3\n\n4\n\n5\n\n6\n\n\nCooldown\n\n9.0\n\n\nMana Cost\n\n100\n\n\nBase Damage\n\n275\n\n300\n\n325\n\n350\n\n375\n\n400'}, {'skill_name': 'Skill 2', 'skill_icon': 'hero-skills-images/cyclops/skill_2.png', 'type': 'active', 'cooldown': '14', 'manacost': '60 / 66 / 72 / 78 / 84 / 90', 'description': 'Planets AttackCyclops conjures Starlit Spheres around himself while gaining 30% Movement Speed for 2s. The spheres will automatically seek and attack nearby enemies (prioritizes enemy heroes), exploding on collision and dealing 200–350 (+50% Total Magic Power) Magic Damage to the enemy. Enemies hit by multiple sphere will take reduced damage after the first hit.Skill terms\nMagic Skill\nDeal Magic DMG to enemies. Triggers Spell Vamp.\nMovement Speed\nMovement Speed on the battlefield. Usually Calcul'}, {'skill_name': 'Ultimate', 'skill_icon': 'hero-skills-images/cyclops/ultimate.png', 'type': 'active', 'cooldown': '43.0', 'manacost': '160 / 180 / 200', 'description': ""Star Power LockdownCyclops creates a Planetary Sphere and sends it after target enemy hero or Creep, dealing 500–800 (+220% Total Magic Power) Magic Damage and immobilizing them for 1-2s (increases with travel distance).Skill terms\nImmobilized\nA state that prevents a target from moving. The target can't use Blink within the duration.\nMagic Skill\nDeal Magic DMG to enemies. Triggers Spell Vamp.\n\nIcon\xa0variants\n\n\nLevel scaling\n\n\nProperties\n\n1\n\n2\n\n3\n\n\nCooldown\n\n43.0\n\n\nMana Cost\n\n160\n\n180\n\n200\n\n\nBase""}]","['Damage', 'Control']","[{'heroid': 20, 'heroname': 'Lolita'}, {'heroid': 34, 'heroname': 'Estes'}, {'heroid': 121, 'heroname': 'Ixia'}, {'heroid': 27, 'heroname': 'Sun'}, {'heroid': 93, 'heroname': 'Atlas'}, {'heroid': 99, 'heroname': 'Barats'}, {'heroid': 46, 'heroname': 'Odette'}, {'heroid': 101, 'heroname': 'Yve'}, {'heroid': 94, 'heroname': 'Popol and Kupa'}, {'heroid': 18, 'heroname': 'Layla'}]","[{'heroid': 69, 'heroname': 'Hanzo'}, {'heroid': 42, 'heroname': 'Harley'}, {'heroid': 9, 'heroname': 'Akai'}, {'heroid': 121, 'heroname': 'Ixia'}, {'heroid': 58, 'heroname': 'Martis'}, {'heroid': 79, 'heroname': 'Granger'}, {'heroid': 20, 'heroname': 'Lolita'}, {'heroid': 17, 'heroname': 'Fanny'}, {'heroid': 63, 'heroname': 'Selena'}, {'heroid': 73, 'heroname': 'Harith'}]"
33,h034,Estes,https://akmweb.youngjoygame.com/web/svnres/img/mlbb/homepage/100_ff4de3b0aabd1d2f6e184db1c831f6a9.png,['roam'],Support,"[{'skill_name': 'Scripture of the Moon Elf', 'skill_icon': 'hero-skills-images/estes/passive.png', 'type': 'passive', 'cooldown': 'null', 'manacost': 'null', 'description': ""Scripture of the Moon ElfBuffScripture of Moon Elf slowly charges Estes with energy. When the energy reaches 100 stacks, Estes' nest Basic Attack will become enhanced, dealing 250 (+100% Total Physical Attack) (+150% Total Magic Power) Magic Damage to the target and 125 (+50% Total Physical Attack) (+75% Total Magic Power) Magic Damage to nearby enemies, and slowing them by 60% for 1.5 seconds.Skill terms\nMagic Basic Attack\nDeal Magic DMG to enemies. It can trigger ATK Effect and Magic Lifesteal""}, {'skill_name': 'Moonlight Immersion', 'skill_icon': 'hero-skills-images/estes/skill_1.png', 'type': 'active', 'cooldown': '8.80', 'manacost': '0', 'description': ""Moonlight ImmersionHeal\xa0BuffEstes restores 250–325 (+110% Total Magic Power) HP for the target hero immediately and links himself with them for 3 seconds, slowly restoring 325–400 (+60% Total Magic Power) HP to the target. Linking with an allied hero will also increase Estes' Hybrid Defense by 20–45 and Movement Speed by 15%, as well as the energy charging speed of the Scripture of the of Moon Elf.  Being too far from the target will break the link.(Enhanced: Estes restores 500–700 (+220% Total""}, {'skill_name': 'Domain of Moon Goddess', 'skill_icon': 'hero-skills-images/estes/skill_2.png', 'type': 'active', 'cooldown': '12.0', 'manacost': '80 / 90 / 100 / 110 / 120 / 130', 'description': 'Domain of Moon GoddessSlow\xa0AOEEstes drops a flood of moonlight on the target area, dealing 350–600 (+70% Total Magic Power) Magic Damage to enemy units within it. Afterwards, it turns to a domain of Moon Goddess and reveals enemies inside it [for 1.5 seconds]. Enemies will be slowed by 90% for 1.5 seconds when they touch the edge of the domain area. (The slow effect will decay over time.)[duration needed]Skill terms\nMagic Damage Skill\nDeal Magic DMG to enemies. Triggers Spell Vamp.\nMovement Spee'}, {'skill_name': 'Blessing of Moon Goddess', 'skill_icon': 'hero-skills-images/estes/ultimate.png', 'type': 'active', 'cooldown': '55.0', 'manacost': '150 / 250 / 350', 'description': 'Blessing of Moon GoddessBuff\xa0HealEstes casts an enhanced  Moonlight Immersion on all nearby allied heroes. Within the next 8 seconds, ""Moonlight Immersion"" will be enhanced and Estes will continuously recover 1230–1470 (+210% Total Magic Power) HP.Skill terms\nHealing Effect\nThe actual ratio of self HP Regen caused to shield values. The default is 100%. Actual Value = Original Value × (100% ± Healing Effect Increase/Reduction%) × (100% ± Healing Effect Increase/Reduction%) × ...\n\nLevel scaling'}]","['Regen', 'Guard']","[{'heroid': 121, 'heroname': 'Ixia'}, {'heroid': 113, 'heroname': 'Yin'}, {'heroid': 122, 'heroname': 'Nolan'}, {'heroid': 93, 'heroname': 'Atlas'}, {'heroid': 16, 'heroname': 'Zilong'}, {'heroid': 105, 'heroname': 'Beatrix'}, {'heroid': 74, 'heroname': 'Minsitthar'}, {'heroid': 10, 'heroname': 'Franco'}]","[{'heroid': 87, 'heroname': 'Baxia'}, {'heroid': 99, 'heroname': 'Barats'}, {'heroid': 121, 'heroname': 'Ixia'}, {'heroid': 74, 'heroname': 'Minsitthar'}, {'heroid': 71, 'heroname': 'Kimmy'}, {'heroid': 111, 'heroname': 'Edith'}, {'heroid': 58, 'heroname': 'Martis'}, {'heroid': 100, 'heroname': 'Brody'}, {'heroid': 117, 'heroname': 'Fredrinn'}, {'heroid': 82, 'heroname': 'Terizla'}]"
34,h035,Hilda,https://akmweb.youngjoygame.com/web/svnres/img/mlbb/homepage/100_acd700708dc515f5c63a08f8835a9941.png,"['roam, exp lane']","Fighter, Tank","[{'skill_name': 'Blessing of Wilderness', 'skill_icon': 'hero-skills-images/hilda/passive.png', 'type': 'passive', 'cooldown': 'null', 'manacost': 'null', 'description': ""Blessing of WildernessBuffHilda regenerates 2% of her Max HP per second while staying in the bush. When entering a bush, she gains a shield equal to 15% of her Max HP. After leaving the bush, the shield lasts for 5 seconds. This effect has a 10 seconds cooldown.  Hilda's \xa0Basic Attack and Skills apply a Wilderness Mark on hit, which lasts up to 4 seconds and stacks up to 6. Each stack reduce the target's Physical Defense and Magic Defense by 4%.Skill terms\nShield\nSpecial HP is preferentially ded""}, {'skill_name': 'Combat RitualSpeed Up', 'skill_icon': 'hero-skills-images/hilda/skill_1.png', 'type': 'active', 'cooldown': '10.0', 'manacost': 'null', 'description': 'Combat RitualSpeed Up\xa0AOEHilda activates the runic power of her great axe, increasing her Movement Speed by 60% for 3 seconds and enhancing her next \xa0Basic Attack to deal 200 200–300 (+100% Total Physical Attack) Physical Damage and slow the target by 40% for 3 seconds. The attack will also deal 120–180 (+60% Total Physical Attack) Physical Damage to enemies behind the target.Skill terms\nPhysical Basic Attack\nDeal Physical Damage to enemies. Triggers ATK Effects and Lifesteal.\nMovement Speed\nMov'}, {'skill_name': 'Art of Hunting', 'skill_icon': 'hero-skills-images/hilda/skill_2.png', 'type': 'active', 'cooldown': '8.0', 'manacost': 'null', 'description': ""Art of HuntingDamage\xa0CCHilda locks onto an enemy target, each time dealing 220–420 (+100% Total Physical Attack) Physical Damage. Skill can be released 3 times at most. The 2nd attack will deal damage to target's surroundings, and the 3rd attack will knock back the target and surrounding enemies temporarily.Skill terms\nDisplacement\nTarget Displacement; Can interrupt certain skills and Blink or Charge effects (interrupts the same skills as Knock Airborne effect). Including but not limited to Knoc""}, {'skill_name': 'Power of Wildness', 'skill_icon': 'hero-skills-images/hilda/ultimate.png', 'type': 'active', 'cooldown': '32.0', 'manacost': 'null', 'description': ""Power of WildnessBurst\xa0CCHilda launches a powerful slash on the target enemy, dealing 600–1000 (+250% Extra Physical Attack) Physical Damage and stunning them for 0.2 seconds. Nearby enemies also take 60% damage. Each stack of Wilderness Mark makes Power of Wildness deal 2.5% of the target's Max HP as extra damage. At max stacks,  Power of Wildness deal 20% of the target's Max HP as extra damage.Skill terms\nPhysical Damage Skill\nDeal Physical DMG to enemies. Triggers Spell Vamp.\nPhysical Defense""}]","['Damage', 'Regen']","[{'heroid': 109, 'heroname': 'Aamon'}, {'heroid': 28, 'heroname': 'Alpha'}, {'heroid': 27, 'heroname': 'Sun'}, {'heroid': 40, 'heroname': 'Karrie'}, {'heroid': 71, 'heroname': 'Kimmy'}, {'heroid': 124, 'heroname': 'Chip'}, {'heroid': 106, 'heroname': 'Phoveus'}, {'heroid': 114, 'heroname': 'Melissa'}, {'heroid': 4, 'heroname': 'Alice'}, {'heroid': 74, 'heroname': 'Minsitthar'}]","[{'heroid': 45, 'heroname': 'Argus'}, {'heroid': 69, 'heroname': 'Hanzo'}, {'heroid': 27, 'heroname': 'Sun'}, {'heroid': 108, 'heroname': 'Aulus'}, {'heroid': 83, 'heroname': 'X.Borg'}, {'heroid': 80, 'heroname': 'Guinevere'}, {'heroid': 76, 'heroname': 'Faramis'}, {'heroid': 12, 'heroname': 'Bruno'}, {'heroid': 21, 'heroname': 'Hayabusa'}, {'heroid': 97, 'heroname': 'Benedetta'}]"
35,h036,Aurora,https://akmweb.youngjoygame.com/web/svnres/img/mlbb/homepage/100_f9b2be0150361018bb98f941b9667c42.png,['mid lane'],Mage,"[{'skill_name': 'High level', 'skill_icon': 'hero-skills-images/aurora/passive.png', 'type': 'passive', 'cooldown': 'null', 'manacost': 'null', 'description': ""Pride of IceDeath ImmuneEternal Standing of the Glacier.Upon taking fatal damage, Aurora freezes herself for 1.5 seconds, becoming invincible during this time and greadually recovering 30% Max HP. This effect has a 150 seconds cooldown.  Aurora's freeze effects can also affect Turrets.Skill terms\nFreeze\nHigh level Crowd Control: Prevents a target from moving, and using Basic Attacks and skills. Can interrupt a large number of skills.\nDeath Immune\n\n\nIcon\xa0variants\n\nNotes\nWhen being untargetable,""}, {'skill_name': 'Hailstone Blast', 'skill_icon': 'hero-skills-images/aurora/skill_1.png', 'type': 'active', 'cooldown': '6.0', 'manacost': '55 / 65 / 75 / 85 / 95 / 105', 'description': 'Hailstone BlastAOE\xa0SlowHowling Blizzard of the North.Aurora summons an icy meteorite to strike at the taraget location, dealing 350–550 (+90% Total Magic Power) Magic Damage and slowing targets hit by 40% for 1 second. Afterward, 5 hailstones fall, each dealing 40–60 (+10% Total Magic Power) Magic Damage.Skill terms\nMagic Damage Skill\nDeal Magic DMG to enemies. Triggers Spell Vamp.\nMovement Speed\nMovement Speed on the battlefield. Usually Calculated and Actual Movement Speed is equal. But when M'}, {'skill_name': 'Frosty Breeze', 'skill_icon': 'hero-skills-images/aurora/skill_2.png', 'type': 'active', 'cooldown': '13.0', 'manacost': '110 / 110 / 120 / 130 / 140 / 150', 'description': 'Frosty BreezeAOE\xa0CCFrigid Frost in the Mountains.Aurora blows Frosty Breeze in a fan-shaped area in the target direction, dealing 225–375 (+75% Total Magic Power) Magic Damage to enemies hit, freezing them for 1 second, and creating a frozen area at the far-end of the attack that deals a total of 225–375 (+75% Total Magic Power) Magic Damage to enemies in the area.Skill terms\nMagic Damage Skill\nDeal Magic DMG to enemies. Triggers Spell Vamp.\nFreeze\nHigh level Crowd Control: Prevents a target fro'}, {'skill_name': 'Frigid Glacier', 'skill_icon': 'hero-skills-images/aurora/ultimate.png', 'type': 'active', 'cooldown': '50.0', 'manacost': '150 / 175 / 200', 'description': 'Frigid GlacierCC\xa0AOEUnderflow of the Frozen River.Aurora creates a frost path in the target direction, dealing 100–200 (+40% Total Magic Power) Magic Damage to enemies in the path and reducing their Movement Speed by 80% for 1.2 seconds. The frost path gradually becomes glaciers that spread until reaching their maximum size and shattering, dealing 600–1200 (+150% Total Magic Power) Magic Damage to all enemies in the area and freezing targets for 1 second. Every 100 Magic Power that Aurora has wi'}]","['Crowd Control', 'Poke']","[{'heroid': 69, 'heroname': 'Hanzo'}, {'heroid': 47, 'heroname': 'Lancelot'}, {'heroid': 104, 'heroname': 'Gloo'}, {'heroid': 118, 'heroname': 'Joy'}, {'heroid': 37, 'heroname': 'Lapu-Lapu'}, {'heroid': 48, 'heroname': 'Diggie'}, {'heroid': 97, 'heroname': 'Benedetta'}, {'heroid': 84, 'heroname': 'Ling'}, {'heroid': 113, 'heroname': 'Yin'}, {'heroid': 110, 'heroname': 'Valentina'}]","[{'heroid': 42, 'heroname': 'Harley'}, {'heroid': 55, 'heroname': 'Angela'}, {'heroid': 64, 'heroname': 'Aldous'}, {'heroid': 107, 'heroname': 'Natan'}, {'heroid': 116, 'heroname': 'Julian'}, {'heroid': 39, 'heroname': 'Roger'}, {'heroid': 4, 'heroname': 'Alice'}, {'heroid': 56, 'heroname': 'Gusion'}, {'heroid': 93, 'heroname': 'Atlas'}, {'heroid': 73, 'heroname': 'Harith'}]"
36,h037,Lapu-Lapu,https://akmweb.youngjoygame.com/web/svnres/img/mlbb/homepage/100_28036c4584c914c5aad4d2feeafb2452.png,['exp lane'],Fighter,"[{'skill_name': 'Homeland Defender', 'skill_icon': 'hero-skills-images/lapu-lapu/passive.png', 'type': 'passive', 'cooldown': 'null', 'manacost': 'null', 'description': 'Homeland DefenderBuff\xa0ShieldEach time Lapu-Lapu deals damage, he gains 10 Bravery Blessing (halved from non-hero units). When his Bravery Blessing is full, his next Basic Attack or  Justice Blades will be enhanced, granting Lapu-Lapu a shield that can absorb 250 (+65 × Hero Level) damage for 2.5 seconds. The enhanced Basic Attack) will cause him to dash toward the target, dealing (+150% Total Physical Attack) Physical Damage. This Basic Attack cannot be a critical hit.'}, {'skill_name': 'DefaultHeavy Sword Stance Justice Blades', 'skill_icon': 'hero-skills-images/lapu-lapu/skill_1.png', 'type': 'active', 'cooldown': 'null', 'manacost': 'null', 'description': 'DefaultHeavy Sword Stance Justice BladesAOEEnemies have their sharp spears, but we have strong and brave souls.Lapu-Lapu releases two boomerangs in the target direction. Each boomerang dealing 175–300 (+50% Total Physical Attack) Physical Damage to enemies hit on its way out and back.'}, {'skill_name': 'Skill 2', 'skill_icon': 'hero-skills-images/lapu-lapu/skill_2.png', 'type': 'active', 'cooldown': 'null', 'manacost': 'null', 'description': 'DefaultHeavy Sword Stance'}, {'skill_name': 'DefaultHeavy Sword Stance Bravest FighterMorph', 'skill_icon': 'hero-skills-images/lapu-lapu/ultimate.png', 'type': 'active', 'cooldown': 'null', 'manacost': 'null', 'description': 'DefaultHeavy Sword Stance Bravest FighterMorph\xa0MobilityLapu-Lapu leaps to the target location while combining his twin blades into one, dealing 300–500 (+80% Total Physical Attack) Physical Damage upon landing and slowing them by 60% for 1 second. Lapu-Lapu Gains 3 times the Bravery Blessing from this skill and skills in transformed state For the next 10 seconds, Lapu-Lapu enters Great Sword Stance) and gains enhanced skills, 30-60 extra Physical & Magic Defense and his Basic Attack damage is in'}]","['Chase', 'Burst']","[{'heroid': 81, 'heroname': 'Esmeralda'}, {'heroid': 62, 'heroname': 'Kaja'}, {'heroid': 17, 'heroname': 'Fanny'}, {'heroid': 73, 'heroname': 'Harith'}, {'heroid': 40, 'heroname': 'Karrie'}, {'heroid': 10, 'heroname': 'Franco'}, {'heroid': 83, 'heroname': 'X.Borg'}, {'heroid': 65, 'heroname': 'Claude'}, {'heroid': 89, 'heroname': 'Wanwan'}, {'heroid': 115, 'heroname': 'Xavier'}]","[{'heroid': 27, 'heroname': 'Sun'}, {'heroid': 14, 'heroname': 'Rafaela'}, {'heroid': 22, 'heroname': 'Freya'}, {'heroid': 8, 'heroname': 'Karina'}, {'heroid': 112, 'heroname': 'Floryn'}, {'heroid': 55, 'heroname': 'Angela'}, {'heroid': 48, 'heroname': 'Diggie'}, {'heroid': 101, 'heroname': 'Yve'}, {'heroid': 98, 'heroname': 'Khaleed'}, {'heroid': 110, 'heroname': 'Valentina'}]"
37,h038,Vexana,https://akmweb.youngjoygame.com/web/svnres/img/mlbb/homepage/100_743edd1702084c4ed247908d698bca77.png,['mid lane'],Mage,"[{'skill_name': 'Nether TouchDamageVexana and the Eternal', 'skill_icon': 'hero-skills-images/vexana/passive.png', 'type': 'passive', 'cooldown': 'null', 'manacost': 'null', 'description': 'Nether TouchDamageVexana and the Eternal Guard inflict Nether Curse on enemies hit. The Curse lasts 5 seconds and will cause the affected enemy to explode upon death, dealing [108 (+38 × Hero Level) (+60% Total Magic Power) Magic Damage] to nearby enemies. Icon\xa0variants Hero level scaling Property'}, {'skill_name': 'Deathly Grasp', 'skill_icon': 'hero-skills-images/vexana/skill_1.png', 'type': 'active', 'cooldown': '14.0', 'manacost': '80 / 90 / 100 / 110 / 120 / 130', 'description': 'Deathly GraspCC\xa0AOE | Spell Vamp Ratio: 50%Vexana unleashes a Deathly Grasp in the target direction, dealing 200–300 (+60% Total Magic Power) Magic Damage to enemies in its path. The projectile stops upon hitting an enemy hero, terrifying them and knocking them back, then it explodes, dealing 200–300 (+60% Total Magic Power) Magic Damage to nearby enemies and terrifying them for 1 second.Skill terms\nTerrify\n\nMagic Damage Skill\nDeal Magic DMG to enemies. Triggers Spell Vamp.\n\nIcon\xa0variants\n\n\nLeve'}, {'skill_name': 'Cursed Blast', 'skill_icon': 'hero-skills-images/vexana/skill_2.png', 'type': 'active', 'cooldown': '7.0', 'manacost': '80 / 90 / 100 / 110 / 120 / 130', 'description': 'Cursed BlastAOE | Spell Vamp Ratio: 50%Vexana marks the target area with the power of the undead, striking it after 0.8 seconds delay and dealing 580–850 (+160% Total Magic Power) Magic Damage to enemies hit.Skill terms\nMagic Damage Skill\nDeal Magic DMG to enemies. Triggers Spell Vamp.\n\nIcon\xa0variants\n\n\nLevel scaling\n\n\nProperties\n\n1\n\n2\n\n3\n\n4\n\n5\n\n6\n\n\nCooldown\n\n7.0\n\n6.7\n\n6.4\n\n6.1\n\n5.8\n\n5.5\n\n\nMana Cost\n\n80\n\n90\n\n100\n\n110\n\n120\n\n130\n\n\nBase Damage\n\n580\n\n634\n\n689\n\n743\n\n797\n\n850'}, {'skill_name': 'Eternal GuardSummon', 'skill_icon': 'hero-skills-images/vexana/ultimate.png', 'type': 'active', 'cooldown': '60.0', 'manacost': '200 / 300 / 400', 'description': ""Eternal GuardSummon\xa0Damage | Spell Vamp Ratio: 50%Vexana summons an Eternal Guard at the target location, dealing 500–700 (+60% Total Magic Power) Magic Damage to enemies hit and knocking them airborne for 0.8 seconds. The Eternal Guard then joins Vexana in battle for 15 seconds. Each of Eternal Guard's attacks deals [225–275 (+40% Total Magic Power) (+enemy's 5% Total HP) Magic Damage] to enemies in a large area. Icon\xa0variants""}]","['Poke', 'Control']","[{'heroid': 4, 'heroname': 'Alice'}, {'heroid': 83, 'heroname': 'X.Borg'}, {'heroid': 97, 'heroname': 'Benedetta'}, {'heroid': 24, 'heroname': 'Natalia'}, {'heroid': 69, 'heroname': 'Hanzo'}, {'heroid': 71, 'heroname': 'Kimmy'}, {'heroid': 76, 'heroname': 'Faramis'}, {'heroid': 25, 'heroname': 'Kagura'}]","[{'heroid': 42, 'heroname': 'Harley'}, {'heroid': 64, 'heroname': 'Aldous'}, {'heroid': 93, 'heroname': 'Atlas'}, {'heroid': 27, 'heroname': 'Sun'}, {'heroid': 24, 'heroname': 'Natalia'}, {'heroid': 63, 'heroname': 'Selena'}, {'heroid': 39, 'heroname': 'Roger'}, {'heroid': 73, 'heroname': 'Harith'}]"
38,h039,Roger,https://akmweb.youngjoygame.com/web/svnres/img/mlbb/homepage/100_b40e578f13465b3ae99d0a9baac7ecc9.png,['jungle'],"Fighter, Marksman","[{'skill_name': 'Full Moon Curse', 'skill_icon': 'hero-skills-images/roger/passive.png', 'type': 'passive', 'cooldown': 'null', 'manacost': 'null', 'description': ""Full Moon CurseBuffRoger can freely switch between human and wolf forms.In human form, Roger's Basic Attacks and skills deal additional damage equal to [(+target's 4% Current HP).]In wolf form, Roger's Basic Attack and skills deal additional damage equal to [(+target's 4% Lost HP).]This effect can only deal up to 60 additional damage against Creeps.Skill terms\nCurrent HP\nDeath happens when current HP is or below 0. When there is Death Immune Effect, the current HP will not be below 1.\nLost HP\nLo""}, {'skill_name': 'Skill 1', 'skill_icon': 'hero-skills-images/roger/skill_1.png', 'type': 'active', 'cooldown': 'null', 'manacost': 'null', 'description': 'Human FormWolf Form'}, {'skill_name': 'Skill 2', 'skill_icon': 'hero-skills-images/roger/skill_2.png', 'type': 'active', 'cooldown': 'null', 'manacost': 'null', 'description': 'Human FormWolf Form'}, {'skill_name': 'Ultimate', 'skill_icon': 'hero-skills-images/roger/ultimate.png', 'type': 'active', 'cooldown': 'null', 'manacost': 'null', 'description': 'Human FormWolf Form'}]","['Finisher', 'Burst']","[{'heroid': 94, 'heroname': 'Popol and Kupa'}, {'heroid': 99, 'heroname': 'Barats'}, {'heroid': 81, 'heroname': 'Esmeralda'}, {'heroid': 34, 'heroname': 'Estes'}, {'heroid': 87, 'heroname': 'Baxia'}, {'heroid': 67, 'heroname': 'Leomord'}, {'heroid': 8, 'heroname': 'Karina'}, {'heroid': 59, 'heroname': 'Uranus'}, {'heroid': 110, 'heroname': 'Valentina'}, {'heroid': 98, 'heroname': 'Khaleed'}]","[{'heroid': 13, 'heroname': 'Clint'}, {'heroid': 53, 'heroname': 'Lesley'}, {'heroid': 79, 'heroname': 'Granger'}, {'heroid': 60, 'heroname': 'Hanabi'}, {'heroid': 66, 'heroname': 'Vale'}, {'heroid': 46, 'heroname': 'Odette'}, {'heroid': 121, 'heroname': 'Ixia'}, {'heroid': 73, 'heroname': 'Harith'}, {'heroid': 100, 'heroname': 'Brody'}, {'heroid': 65, 'heroname': 'Claude'}]"
39,h040,Karrie,https://akmweb.youngjoygame.com/web/svnres/img/mlbb/homepage/100_294576f2bd0dcbcc9041031969d0eb09.png,['gold lane'],Marksman,"[{'skill_name': 'Lightwheel Mark', 'skill_icon': 'hero-skills-images/karrie/passive.png', 'type': 'passive', 'cooldown': 'null', 'manacost': 'null', 'description': ""Lightwheel MarkBuffKarrie's Basic Attacks and skills apply a stack of Lightwheel Mark on hit. Once a target has 5 stacks of Lightwheel Marks, the marks will turn into a lightwheel, dealing True Damage equal to 6%-8% of the target's Max HP to them (only up to 300 damage against Creeps).Skill terms\nTrue Damage\nIf there is no way to reduce damage taken, you can try increasing Max HP.\nMax HP\nThe maximum HP currently can have.\n\nIcon\xa0variants""}, {'skill_name': 'Skill 1', 'skill_icon': 'hero-skills-images/karrie/skill_1.png', 'type': 'active', 'cooldown': '8.0', 'manacost': '40 / 45 / 50 / 55 / 60 / 65', 'description': 'Spinning LightwheelKarrie releases a sphere of surging energy in the target direction, dealing 250–375 (+90% Extra Physical Attack) Physical Damage to enemies in its path. The sphere will stop upon hitting an enemy hero or reaching its max travel distance, continuously dealing 150–200 (+20% Extra Physical Attack) Physical Damage to nearby enemies and slowing them by 80% for 1s.Skill terms\nPhysical Skill\nDeal Physical DMG to enemies. Triggers Spell Vamp.\nMovement Speed\nMovement Speed on the battl'}, {'skill_name': 'Phantom Step', 'skill_icon': 'hero-skills-images/karrie/skill_2.png', 'type': 'active', 'cooldown': '4.5', 'manacost': '35 / 40 / 45 / 50 / 55 / 60', 'description': 'Phantom StepMobility\xa0DamageKarrie dashes in the target direction while throwing a lightwheel at the nearest enemy, dealing 150–275 (+70% Extra Physical Attack) Physical Damage and applying a stack of Lightwheel Mark on them.  When in Dual Wield state, Karrie throws two lightwheels instead.Skill terms\nBlink\nMovement ability that can pass through obstacles.\nPhysical Skill\nDeal Physical DMG to enemies. Triggers Spell Vamp.\n\nIcon\xa0variants\n\n\nLevel scaling\n\n\nProperties\n\n1\n\n2\n\n3\n\n4\n\n5\n\n6\n\n\nCooldown\n\n4.'}, {'skill_name': 'Speedy Lightwheel', 'skill_icon': 'hero-skills-images/karrie/ultimate.png', 'type': 'active', 'cooldown': '35.0', 'manacost': '70 / 80 / 90', 'description': 'Speedy LightwheelBuff\xa0BurstKarrie enters Dual Wield state for 6s, during which she gains 20% Movement Speed and throws two lightwheels with each Basic Attack, each dealing 50-70% Basic Attack damage annd inheriting a portion of Attack Effects.Skill terms\nPhysical Basic Attack\nDeal Physical Damage to enemies. Triggers ATK Effects and Lifesteal.\nAttack Effect\nBoth Physical and Magic Basic Attacks can trigger Attack Effects Attack Effects include the ""Devour"" effect of the Demon Hunter Sword equipm'}]","['Finisher', 'Damage']","[{'heroid': 27, 'heroname': 'Sun'}, {'heroid': 45, 'heroname': 'Argus'}, {'heroid': 14, 'heroname': 'Rafaela'}, {'heroid': 20, 'heroname': 'Lolita'}, {'heroid': 83, 'heroname': 'X.Borg'}, {'heroid': 48, 'heroname': 'Diggie'}, {'heroid': 94, 'heroname': 'Popol and Kupa'}, {'heroid': 74, 'heroname': 'Minsitthar'}, {'heroid': 21, 'heroname': 'Hayabusa'}, {'heroid': 88, 'heroname': 'Masha'}]","[{'heroid': 83, 'heroname': 'X.Borg'}, {'heroid': 23, 'heroname': 'Gord'}, {'heroid': 115, 'heroname': 'Xavier'}, {'heroid': 42, 'heroname': 'Harley'}, {'heroid': 95, 'heroname': 'Yu Zhong'}, {'heroid': 104, 'heroname': 'Gloo'}, {'heroid': 17, 'heroname': 'Fanny'}, {'heroid': 102, 'heroname': 'Mathilda'}, {'heroid': 76, 'heroname': 'Faramis'}, {'heroid': 78, 'heroname': 'Khufra'}]"
40,h041,Gatotkaca,https://akmweb.youngjoygame.com/web/svnres/img/mlbb/homepage/100_96f9dbbc096e0f0a28f9b9e587d06a9c.png,"['roam, exp lane']","Tank, Fighter","[{'skill_name': 'Steel Bones', 'skill_icon': 'hero-skills-images/gatotkaca/passive.png', 'type': 'passive', 'cooldown': 'null', 'manacost': 'null', 'description': ""Steel BonesBuff\xa0HealGatotkaca gains [1] Physical Defense equal to 2% of his lost HP (up to 100). For every 300 damage he takes (calculated before damage reduction), he gains 5 Rage (up to 100).Upon reaching over 25 Rage, Gatotkaca's next Basic Attack becomes enhanced, consuming all Rage to deal extra Magic Damage and recover. The extra damage scales with his Rage, level, and Magic Power.Skill terms\nPhysical Defense\nDeduction of Physical Damage taken. Physical Defense will be affected by the enem""}, {'skill_name': 'Blast Iron Fist', 'skill_icon': 'hero-skills-images/gatotkaca/skill_1.png', 'type': 'active', 'cooldown': '8.0', 'manacost': 'null', 'description': 'Blast Iron FistAOE\xa0SlowGatotkaca slams the ground, creating a shattered zone in the target direction while dealing 200–300 (+150% Total Magic Power) Magic Damage to enemies within. Enemies in the shattered zone will take 100–150 (+20% Total Magic Power) Magic Damage per second and be slowed by 30%.Skill terms\nMagic Damage Skill\nDeal Magic DMG to enemies. Triggers Spell Vamp.\nMovement Speed\nMovement Speed on the battlefield. Usually Calculated and Actual Movement Speed is equal. But when Movement'}, {'skill_name': 'Unbreakable', 'skill_icon': 'hero-skills-images/gatotkaca/skill_2.png', 'type': 'active', 'cooldown': '12.0', 'manacost': 'null', 'description': 'UnbreakableCC\xa0MobilityImpregnable!Gatotkaca begins channeling, then sprints in the target direction with a battle cry, forcing enemies on the path to attack him and deal 200–300 (+100% Total Magic Power) Magic Damage for 1.5 seconds. The sprint distance scales with the channel time. Canceling the Skill reduces 50% of the remaining Cooldown.Skill terms\nTaunt\nBasic level Crowd Control: Forces a target to use Basic Attacks on the caster and chase them, and prevents them from using skills. Can inter'}, {'skill_name': 'Avatar of the Guardian', 'skill_icon': 'hero-skills-images/gatotkaca/ultimate.png', 'type': 'active', 'cooldown': '54.0', 'manacost': 'null', 'description': ""Avatar of the GuardianCC\xa0MobilityA leap holds the world in awe.Gatotkaca jumps to the target location, dealing 500–1000 (+300% Total Magic Power) Magic Damage to nearby enemies and knocking them airborne for 1 second. Enemies near the center of the area will be knocked airborne for a longer duration, while enemies on the fringes will be pulled to the center.The camera will move with the skill indicator but won't grant extra sight.""}]","['Crowd Control', 'Burst']","[{'heroid': 53, 'heroname': 'Lesley'}, {'heroid': 83, 'heroname': 'X.Borg'}, {'heroid': 64, 'heroname': 'Aldous'}, {'heroid': 2, 'heroname': 'Balmond'}, {'heroid': 24, 'heroname': 'Natalia'}, {'heroid': 102, 'heroname': 'Mathilda'}, {'heroid': 112, 'heroname': 'Floryn'}, {'heroid': 79, 'heroname': 'Granger'}, {'heroid': 48, 'heroname': 'Diggie'}, {'heroid': 101, 'heroname': 'Yve'}]","[{'heroid': 123, 'heroname': 'Cici'}, {'heroid': 110, 'heroname': 'Valentina'}, {'heroid': 88, 'heroname': 'Masha'}, {'heroid': 76, 'heroname': 'Faramis'}, {'heroid': 120, 'heroname': 'Arlott'}, {'heroid': 55, 'heroname': 'Angela'}, {'heroid': 64, 'heroname': 'Aldous'}, {'heroid': 24, 'heroname': 'Natalia'}, {'heroid': 108, 'heroname': 'Aulus'}, {'heroid': 62, 'heroname': 'Kaja'}]"
41,h042,Harley,https://akmweb.youngjoygame.com/web/svnres/img/mlbb/homepage/100_3aa6964c07a70f9b125da447f320e1ac.png,['jungle'],"Assassin, Mage","[{'skill_name': 'Magic Master', 'skill_icon': 'hero-skills-images/harley/passive.png', 'type': 'passive', 'cooldown': 'null', 'manacost': 'null', 'description': ""Magic MasterDebuffHarley's mastery of magic allows his  Basic Attack to deal 60 (+50%Total Physical Attack)(+60%Total Magic Power) Magic Damage. His attacks reduce the enemy's Magic Defense by 2 for 3 seconds on hit (up to 10 stacks).Skill terms\nMagic Basic Attack\nDeal Magic DMG to enemies. It can trigger ATK Effect and Magic Lifesteal.\nNotes\nReduces enemys's Magic defense by 20 at max stacks.""}, {'skill_name': 'Poker Trick', 'skill_icon': 'hero-skills-images/harley/skill_1.png', 'type': 'active', 'cooldown': '6.0', 'manacost': '90 / 95 / 100 / 105 / 110 / 115', 'description': 'Poker TrickAOE\xa0BuffHarley throws 3-5 waves of cards in the target direction, each dealing 130-210 (+25%Total Magic Power) Magic Damage to the first enemy hit and granting him 10% extra Attack Speed for 3 seconds on hit (up to 5-10 stacks). Enemies hit more than 3 times will take less damage from subsequent hits.Skill terms\nMagic Damage Skill\nDeal Magic DMG to enemies. Triggers Spell Vamp.\nATK Speed\nIt determines the attacking times (capped at 3 times) per second. Total current ATK Speed = Basic'}, {'skill_name': 'Space Escape', 'skill_icon': 'hero-skills-images/harley/skill_2.png', 'type': 'active', 'cooldown': '8.5', 'manacost': '60 / 70 / 80 / 90 / 100 / 110', 'description': 'Space EscapeMobility\xa0Speed UpHarley blinks in the designated direction, leaving a magic hat at his place, increasing his Movement Speed by 30% for 2 seconds.'}, {'skill_name': 'Deadly Magic', 'skill_icon': 'hero-skills-images/harley/ultimate.png', 'type': 'active', 'cooldown': '36.0', 'manacost': '120 / 160 / 200', 'description': 'Deadly MagicBurst\xa0SlowA single spark can start a praine fireHarley casts a magic ring of fire at the target enemy hero (can be blocked by other heroes), dealing them 200-400 (+60%Total Magic Power) Magic Damage and slowing them by 40% for 1.5 seconds. The magic ring stays around the enemy for 4 seconds, during which Harley can hit the magic ring to damage the enemy with his skills. The magic ring will explode at the end of the duration, dealing 100-200 (+30%Total Magic Power) plus 50% of the ene'}]","['Burst', 'Poke']","[{'heroid': 20, 'heroname': 'Lolita'}, {'heroid': 27, 'heroname': 'Sun'}, {'heroid': 15, 'heroname': 'Eudora'}, {'heroid': 94, 'heroname': 'Popol and Kupa'}, {'heroid': 104, 'heroname': 'Gloo'}, {'heroid': 24, 'heroname': 'Natalia'}, {'heroid': 3, 'heroname': 'Saber'}, {'heroid': 124, 'heroname': 'Chip'}]","[{'heroid': 86, 'heroname': 'Lylia'}, {'heroid': 61, 'heroname': ""Chang'e""}, {'heroid': 129, 'heroname': 'Zetian'}, {'heroid': 36, 'heroname': 'Aurora'}, {'heroid': 5, 'heroname': 'Nana'}, {'heroid': 50, 'heroname': 'Zhask'}, {'heroid': 125, 'heroname': 'Zhuxin'}, {'heroid': 110, 'heroname': 'Valentina'}, {'heroid': 33, 'heroname': 'Cyclops'}, {'heroid': 38, 'heroname': 'Vexana'}]"
42,h043,Irithel,https://akmweb.youngjoygame.com/web/svnres/img/mlbb/homepage/100_a7c51b517dbce49dac4e537bd4ab4f87.png,['gold lane'],Marksman,"[{'skill_name': 'Jungle Heart', 'skill_icon': 'hero-skills-images/irithel/passive.png', 'type': 'passive', 'cooldown': 'null', 'manacost': 'null', 'description': ""Jungle HeartBuffIrithel and Leo's immaculate teamwork allows her to shoot while moving. Each Basic Attack will shoot 2 crossbow bolt(s) (but takes longer to refill) that deal (+55% Total Physical Attack) Physical Damage per bolt (inherits a portion [55%] of Attack Effects). Moving will build up Jungle Heart, up to a maximum of 10 units, and cause the next Basic Attack to unleash 1 additional bolt(s).Skill terms\nPhysical Basic Attack\nDeal Physical Damage to enemies. Triggers ATK Effects and Lifes""}, {'skill_name': 'Strafe', 'skill_icon': 'hero-skills-images/irithel/skill_1.png', 'type': 'active', 'cooldown': '10.0', 'manacost': 'null', 'description': 'StrafeAOE\xa0DebuffIrithel launches a volley of arrows on the target area, dealing 330–530 (+60% Total Physical Attack) Physical Damage to enemies within and reducing their Physical Defense by 15–40 for 3 seconds.Skill terms\nPhysical Damage Skill\nDeal Physical DMG to enemies. Triggers Spell Vamp.\nPhysical Defense\nDeduction of Physical Damage taken. Physical Defense will be affected by the enemy’s Physical PEN but not lower than 0.  Actual Physical Damage taken = Physical Damage dealt by enemy 120/('}, {'skill_name': 'Force of the Queen', 'skill_icon': 'hero-skills-images/irithel/skill_2.png', 'type': 'active', 'cooldown': '10.0', 'manacost': 'null', 'description': 'Force of the QueenSlow\xa0AOELeo lets out a piercing roar, dealing 200–350 (+60% Total Physical Attack) Physical Damage to nearby enemies and slowing them by 40% for 2 seconds.Skill terms\nPhysical Damage Skill\nDeal Physical DMG to enemies. Triggers Spell Vamp.\nMovement Speed\nMovement Speed on the battlefield. Usually Calculated and Actual Movement Speed is equal. But when Movement Speed is below 230 or over 420 both Slowdown and Speedup Effect will decay. Calculated Movement Speed = Basic Movement'}, {'skill_name': 'Heavy Crossbow', 'skill_icon': 'hero-skills-images/irithel/ultimate.png', 'type': 'active', 'cooldown': 'null', 'manacost': 'null', 'description': 'Heavy CrossbowBuff\xa0MobilityNo arrow is shot in vain.Irithel order Leo to leap in the target direction and empowers her crossbow for 10 seconds. For the duration, she gains 30 extra Movement Speed and her Basic Attacks shoot enhanced crossbow bolts, dealing 120 (+60–80% Total Physical Attack) Physical Damage to the target and nearby units.  Jungle Heart also accumulates faster for the duration.[amount unknown]Skill terms\nPhysical Basic Attack\nDeal Physical Damage to enemies. Triggers ATK Effects'}]","['Finisher', 'Burst']","[{'heroid': 100, 'heroname': 'Brody'}, {'heroid': 12, 'heroname': 'Bruno'}, {'heroid': 1, 'heroname': 'Miya'}, {'heroid': 15, 'heroname': 'Eudora'}, {'heroid': 117, 'heroname': 'Fredrinn'}, {'heroid': 8, 'heroname': 'Karina'}, {'heroid': 18, 'heroname': 'Layla'}, {'heroid': 3, 'heroname': 'Saber'}, {'heroid': 76, 'heroname': 'Faramis'}, {'heroid': 33, 'heroname': 'Cyclops'}]","[{'heroid': 55, 'heroname': 'Angela'}, {'heroid': 94, 'heroname': 'Popol and Kupa'}, {'heroid': 32, 'heroname': 'Johnson'}, {'heroid': 17, 'heroname': 'Fanny'}, {'heroid': 118, 'heroname': 'Joy'}, {'heroid': 102, 'heroname': 'Mathilda'}, {'heroid': 39, 'heroname': 'Roger'}, {'heroid': 126, 'heroname': 'Suyou'}, {'heroid': 120, 'heroname': 'Arlott'}, {'heroid': 67, 'heroname': 'Leomord'}]"
43,h044,Grock,https://akmweb.youngjoygame.com/web/svnres/img/mlbb/homepage_1_9_902/100_f8b8c8964d3202b7b762947ac96f1ed3.png,"['roam, exp lane']","Tank, Fighter","[{'skill_name': 'Bastion of StoneBuffGrock gains a', 'skill_icon': 'hero-skills-images/grock/passive.png', 'type': 'passive', 'cooldown': 'null', 'manacost': 'null', 'description': ""Bastion of StoneBuffGrock gains a Shield equal to 10% of his Max HP and empowers the next Basic Attack to deal  Physical Damage equal to 4 (+2% Total Physical Defense)% of the target's Max HP (capped at 300 (+20 × Hero Level) against non-hero units). This effect has a 18-12 seconds cooldown (decreases with level), which reduces by 200% when near terrain.  Grock gains Control Immunity while casting skills and 30 (+4 × Hero Level)% extra Physical Defense while the Shield is active.Skill terms\nPhys""}, {'skill_name': 'Mighty Swing', 'skill_icon': 'hero-skills-images/grock/skill_1.png', 'type': 'active', 'cooldown': '8.0', 'manacost': 'null', 'description': 'Mighty SwingCC\xa0AOEGrock strikes forward with massive force, dealing 240–440 (+100% Extra Physical Attack) Physical Damage. Enemies with obstacle, launched airborne, and take extra  Physical Damage equal to 4 (+2% Total Physical Defense)% of their Max HP (capped at 300 (+20 × Hero Level) against non-hero units). If there are no obstacles behind, enemies are only knocked back slightly.Skill terms\nAirborne\nHigh level Crowd Control: Prevents a target from moving, and using Basic Attacks and skills.'}, {'skill_name': 'Earthen Rampart', 'skill_icon': 'hero-skills-images/grock/skill_2.png', 'type': 'active', 'cooldown': '14.0', 'manacost': 'null', 'description': 'Earthen RampartCC\xa0AOEAfter a brief delay, Grock summons a stone wall in the target area, dealing 100–200 (+60% Extra Physical Attack) Physical Damage and knocking enemies towards him.  Use Again: Cancel the wall early.'}, {'skill_name': 'Tectonic Charge', 'skill_icon': 'hero-skills-images/grock/ultimate.png', 'type': 'active', 'cooldown': '55.0', 'manacost': 'null', 'description': ""Tectonic ChargeMobility\xa0AOEThe brave fear nothing.Grock charges forward, dealing 100 (+50% Total Physical Attack) Physical Damage to enemies in his path. Upon hitting terrain, he immediately stops and triggers a massive explosion that knocks nearby enemies airborne for 1 second and deals (+300% Total Physical Attack) . If this skill doesn't hit terrain, 50% of its cooldown is refunded.Skill terms\nAirborne\nHigh level Crowd Control: Prevents a target from moving, and using Basic Attacks and skills""}]","['Crowd Control', 'Initiator']","[{'heroid': 81, 'heroname': 'Esmeralda'}, {'heroid': 4, 'heroname': 'Alice'}, {'heroid': 59, 'heroname': 'Uranus'}, {'heroid': 24, 'heroname': 'Natalia'}, {'heroid': 118, 'heroname': 'Joy'}, {'heroid': 55, 'heroname': 'Angela'}, {'heroid': 65, 'heroname': 'Claude'}, {'heroid': 110, 'heroname': 'Valentina'}, {'heroid': 124, 'heroname': 'Chip'}, {'heroid': 98, 'heroname': 'Khaleed'}]","[{'heroid': 109, 'heroname': 'Aamon'}, {'heroid': 16, 'heroname': 'Zilong'}, {'heroid': 24, 'heroname': 'Natalia'}, {'heroid': 45, 'heroname': 'Argus'}, {'heroid': 73, 'heroname': 'Harith'}, {'heroid': 123, 'heroname': 'Cici'}, {'heroid': 12, 'heroname': 'Bruno'}, {'heroid': 101, 'heroname': 'Yve'}, {'heroid': 88, 'heroname': 'Masha'}, {'heroid': 64, 'heroname': 'Aldous'}]"
44,h045,Argus,https://akmweb.youngjoygame.com/web/svnres/img/mlbb/homepage/100_0bd96658e5b8ec578226ea1622bd7231.png,['exp lane'],Fighter,"[{'skill_name': 'Warmonger', 'skill_icon': 'hero-skills-images/argus/passive.png', 'type': 'passive', 'cooldown': 'null', 'manacost': 'null', 'description': ""WarmongerBuffWhen Argus' blade reaches 100 Malice Energy[amount unknown]. He will launch a Demonic Slash with his next Basic Attack, dealing 180 (+80% Total Physical Attack) Physical Damage and recovering 150 (+10% Total Physical Attack) HP. This attack ignores 40% of the target's Physical Defense""}, {'skill_name': 'Demonic Grip', 'skill_icon': 'hero-skills-images/argus/skill_1.png', 'type': 'active', 'cooldown': '12.0', 'manacost': 'null', 'description': 'Demonic GripMobility\xa0AOEArgus streches out a demonic hand in the target direction, dealing 125–250 (+60% Total Physical Attack) Physical Damage to the first enemy hero or creep hit, stunning them for 0.7 seconds and pulling him and the target towards the other. If no enemy is hit, Argus pulls himself towards the destination instead. Use Again: Argus dashes and strikes in the target direction, dealing 175–300 (+100% Total Physical Attack) Physical Damage to enemies along the path.Skill terms\nStun'}, {'skill_name': 'Meteoric Sword', 'skill_icon': 'hero-skills-images/argus/skill_2.png', 'type': 'active', 'cooldown': '10.0', 'manacost': 'null', 'description': ""Meteoric SwordDamage\xa0DebuffAfter a short delay, Argus thrusts his Demonic Blade in the target direction, dealing 120–240 (+100% Total Physical Attack) Physical Damage to enemies hit (deals 200% damage to minions) and slowing them by 80% for 0.8 seconds, the delay time will decrease as Argus' Attack Speed increases. Enemy heroes hit are Cursed for 4 seconds, during which they will leave a Cursed Trail behind. Argus gains 20%  Movement Speed while on a Cursed Trail.Metoric Sword counts as Basic At""}, {'skill_name': 'Eternal EvilDeath Immune', 'skill_icon': 'hero-skills-images/argus/ultimate.png', 'type': 'active', 'cooldown': 'null', 'manacost': 'null', 'description': 'Eternal EvilDeath Immune\xa0BuffBattlefield is my playground and I think nothing of life and death.Argus draws his Meteoric Sword and removes all debuffs (excluding Suppression) on himself, dealing 150–300 (+50% Total Physical Attack) Physical Damage  and becoming the Fallen Angel for 4 seconds (hitting heroes enhances Warmonger).Fallen Angel: Gain 40% Movement Speed that decays over 1 second; When the transformation ends, he converts all his damage dealt in the Fallen Angel state into HP. If he ta'}]","['Charge', 'Burst']","[{'heroid': 29, 'heroname': 'Ruby'}, {'heroid': 81, 'heroname': 'Esmeralda'}, {'heroid': 117, 'heroname': 'Fredrinn'}, {'heroid': 82, 'heroname': 'Terizla'}, {'heroid': 104, 'heroname': 'Gloo'}, {'heroid': 99, 'heroname': 'Barats'}, {'heroid': 124, 'heroname': 'Chip'}, {'heroid': 59, 'heroname': 'Uranus'}, {'heroid': 37, 'heroname': 'Lapu-Lapu'}]","[{'heroid': 104, 'heroname': 'Gloo'}, {'heroid': 77, 'heroname': 'Badang'}, {'heroid': 32, 'heroname': 'Johnson'}, {'heroid': 35, 'heroname': 'Hilda'}, {'heroid': 87, 'heroname': 'Baxia'}, {'heroid': 62, 'heroname': 'Kaja'}, {'heroid': 98, 'heroname': 'Khaleed'}, {'heroid': 57, 'heroname': 'Valir'}, {'heroid': 54, 'heroname': 'Jawhead'}, {'heroid': 70, 'heroname': 'Belerick'}]"
45,h046,Odette,https://akmweb.youngjoygame.com/web/svnres/img/mlbb/homepage_1_9_47/100_d9251718a8894546ba04cfa9ca68dedc.png,['mid lane'],Mage,"[{'skill_name': 'Lakeshore Ambience', 'skill_icon': 'hero-skills-images/odette/passive.png', 'type': 'passive', 'cooldown': 'null', 'manacost': 'null', 'description': ""Lakeshore AmbienceBuffAfter each skill cast, Odette's next  Basic Attack or skill will cast a sound wave that rebounds between her and enemies, each bounce dealing 140 (+4 × Hero Level) (+50% Total Magic Power) Magic Damage.Skill terms\nMagic Basic Attack\nDeal Magic DMG to enemies. It can trigger ATK Effect and Magic Lifesteal.\n\nNotes\n Lakeshore Ambience only benefits 50% of Magic Lifesteal.\nThis skill stacks up to 3 times.\nStack(s) lasts for 8 seconds; time resets by consuming it.\nSound waves ca""}, {'skill_name': 'Avian Authority', 'skill_icon': 'hero-skills-images/odette/skill_1.png', 'type': 'active', 'cooldown': '6.0', 'manacost': '90 / 100 / 110 / 120 / 130 / 140', 'description': 'Avian AuthorityAOE\xa0SlowOdette concentrates energy to summon a swan to attack enemies, dealing 300–550 (+150% Total Magic Power) Magic Damage and slowing them by 30%. Lasts 2 seconds.Skill terms\nMagic Skill\nDeal Magic DMG to enemies. Triggers Spell Vamp.\nMovement Speed\nMovement Speed on the battlefield. Usually Calculated and Actual Movement Speed is equal. But when Movement Speed is below 230 or over 420 both Slowdown and Speedup Effect will decay. Calculated Movement Speed = Basic Movement Spee'}, {'skill_name': 'Blue Nova', 'skill_icon': 'hero-skills-images/odette/skill_2.png', 'type': 'active', 'cooldown': '12.0', 'manacost': '90 / 95 / 100 / 105 / 100 / 115', 'description': 'Blue NovaCC\xa0DamageOdette releases a set of magic energy balls forward, dealing 250–400 (+50% Total Magic Power) Magic Damage to the enemy hit and immobilizing them for 1.5 seconds. Another energy ball will then spawn and attack a nearby enemy (prioritizes enemy heroes), dealing 250–400 (+50% Total Magic Power) Magic Damage and immobilizing them for 1.5 seconds.'}, {'skill_name': 'Swan Song', 'skill_icon': 'hero-skills-images/odette/ultimate.png', 'type': 'active', 'cooldown': '50.0', 'manacost': '200 / 240 / 280', 'description': ""Swan SongMobility\xa0BurstOdette leaps in a designated direction, gains a 1400–1800 (+150% Total Magic Power) shield, and begins gathering energy, dealing 240–320 (+90% Total Magic Power) Magic Damage to enemies within the area every 0.5 seconds for 5 seconds.Odette slows nearby enemies by 90% (decays over 2 seconds) upon casting this skill. The rebounding speed and count of  Lakeshore Ambience's sound wave in the area are also enhanced when the skill is active.This skill requires constant channeli""}]","['Burst', 'Poke']","[{'heroid': 66, 'heroname': 'Vale'}, {'heroid': 99, 'heroname': 'Barats'}, {'heroid': 5, 'heroname': 'Nana'}, {'heroid': 36, 'heroname': 'Aurora'}, {'heroid': 104, 'heroname': 'Gloo'}, {'heroid': 45, 'heroname': 'Argus'}, {'heroid': 41, 'heroname': 'Gatotkaca'}, {'heroid': 106, 'heroname': 'Phoveus'}, {'heroid': 111, 'heroname': 'Edith'}, {'heroid': 19, 'heroname': 'Minotaur'}]","[{'heroid': 124, 'heroname': 'Chip'}, {'heroid': 112, 'heroname': 'Floryn'}, {'heroid': 14, 'heroname': 'Rafaela'}, {'heroid': 20, 'heroname': 'Lolita'}, {'heroid': 102, 'heroname': 'Mathilda'}, {'heroid': 34, 'heroname': 'Estes'}, {'heroid': 42, 'heroname': 'Harley'}, {'heroid': 122, 'heroname': 'Nolan'}, {'heroid': 4, 'heroname': 'Alice'}, {'heroid': 69, 'heroname': 'Hanzo'}]"
46,h047,Lancelot,https://akmweb.youngjoygame.com/web/svnres/img/mlbb/homepage/100_dc4b821e49b904715172136017798da3.png,['jungle'],Assassin,"[{'skill_name': 'Soul Cutter', 'skill_icon': 'hero-skills-images/lancelot/passive.png', 'type': 'passive', 'cooldown': 'null', 'manacost': 'null', 'description': 'Soul CutterBuffEach time Lancelot [blinks or] charges, his damage is increased by 7.5% for 4 seconds, up to 30%.Skill terms\nBlink\nMovement ability that can pass through obstacles.\n\nIcon\xa0variants\n\n\nUltimate level scalingInvalid input format. Expected format: Label: value1/value2/...Hero level scalingInvalid input format. Expected format: Label: value1/value2/...Stack scaling\n\n\nProperty\n\n1\n\n\nDamage Increase\n\n{7.5%, 15%, 22.5%, 30%}\n\nNotes\nAdditional damage dealt includes all types of damage from a'}, {'skill_name': 'Puncture', 'skill_icon': 'hero-skills-images/lancelot/skill_1.png', 'type': 'active', 'cooldown': '14.0', 'manacost': '50 / 48 / 46 / 44 / 42 / 40', 'description': 'PunctureMobility\xa0AOELancelot charges in a designated direction, dealing 100–250 (+50% Total Physical Attack) Physical Damage to enemies along the way and applying a Sword Mark to the first unmarked enemy hit. The Sword Mark lasts 3 seconds.If Lancelot successfully applies a Sword Mark to an enemy, the cooldown of this will reset.Skill terms\nBlink\nMovement ability that can pass through obstacles.\nPhysical Skill\nDeal Physical DMG to enemies. Triggers Spell Vamp.\nCD\nThe time needed for casting the'}, {'skill_name': 'Thorned Rose', 'skill_icon': 'hero-skills-images/lancelot/skill_2.png', 'type': 'active', 'cooldown': '10', 'manacost': '120 / 112 / 104 / 96 / 88 / 80', 'description': ""Thorned RoseAOE\xa0SlowLancelot strikes in the target direction 3 times, each time dealing 225–400 (+100% Extra Physical Attack) Physical Damage to enemies hit (damage reduced [to 30%] when multiple enemies are hit). He's untargetable and invincible during this process.[how long?] Enemies in the center of the area will take all 3 hits and are slowed by 20% for 0.5 seconds. The slow effect can stack.This skill only benefits from 50% of Lancelot's Spell Vamp.Skill terms\nPhysical Skill\nDeal Physical D""}, {'skill_name': 'Phantom Execution', 'skill_icon': 'hero-skills-images/lancelot/ultimate.png', 'type': 'active', 'cooldown': '27.0', 'manacost': '100 / 125 / 150', 'description': ""Phantom ExecutionBurst\xa0MobilityI become one with the sword.After a short period[how long?] of charging, Lancelot performs an executioner's strike in the target direction, dealing 350 (+170% Total Physical Attack) Physical Damage. He is invincible throughout the process.[how long?]Skill terms\nInvincible\nYou are immune to enemy CC and damage effects within the duration.\nUntargetable\nYou are immune to enemy damage effects within the duration. It doesn't remove any existing damage effects or damage""}]","['Chase', 'Burst']","[{'heroid': 123, 'heroname': 'Cici'}, {'heroid': 55, 'heroname': 'Angela'}, {'heroid': 7, 'heroname': 'Alucard'}, {'heroid': 59, 'heroname': 'Uranus'}, {'heroid': 112, 'heroname': 'Floryn'}, {'heroid': 33, 'heroname': 'Cyclops'}, {'heroid': 102, 'heroname': 'Mathilda'}, {'heroid': 3, 'heroname': 'Saber'}, {'heroid': 126, 'heroname': 'Suyou'}]","[{'heroid': 55, 'heroname': 'Angela'}, {'heroid': 15, 'heroname': 'Eudora'}, {'heroid': 73, 'heroname': 'Harith'}, {'heroid': 112, 'heroname': 'Floryn'}, {'heroid': 88, 'heroname': 'Masha'}, {'heroid': 33, 'heroname': 'Cyclops'}, {'heroid': 85, 'heroname': 'Dyrroth'}, {'heroid': 100, 'heroname': 'Brody'}, {'heroid': 102, 'heroname': 'Mathilda'}, {'heroid': 110, 'heroname': 'Valentina'}]"
47,h048,Diggie,https://akmweb.youngjoygame.com/web/svnres/img/mlbb/homepage/100_b1bdf46136cb8a7903dae6d58e8349cb.png,['roam'],Support,"[{'skill_name': 'Young Again', 'skill_icon': 'hero-skills-images/diggie/passive.png', 'type': 'passive', 'cooldown': 'null', 'manacost': 'null', 'description': ""Young AgainBuffUpon death, Diggie reverses time and turns to egg form, in which he can continue to move around and gains a new set of skills. He cannot be targeted in egg form and will revive after a period of time.Skill terms\nUntargetable\nYou are immune to enemy damage effects within the duration. It doesn't remove any existing damage effects or damage over time.\nInvincible\nYou are immune to enemy CC and damage effects within the duration.\nNotes\nDiggie provides vision on egg form.\nDiggie will r""}, {'skill_name': 'Skill 1', 'skill_icon': 'hero-skills-images/diggie/skill_1.png', 'type': 'active', 'cooldown': 'null', 'manacost': 'null', 'description': 'DefaultEgg Form'}, {'skill_name': 'Skill 2', 'skill_icon': 'hero-skills-images/diggie/skill_2.png', 'type': 'active', 'cooldown': 'null', 'manacost': 'null', 'description': 'DefaultEgg Form'}, {'skill_name': 'Ultimate', 'skill_icon': 'hero-skills-images/diggie/ultimate.png', 'type': 'active', 'cooldown': 'null', 'manacost': 'null', 'description': 'DefaultEgg Form'}]","['Guard', 'Poke']","[{'heroid': 69, 'heroname': 'Hanzo'}, {'heroid': 27, 'heroname': 'Sun'}, {'heroid': 34, 'heroname': 'Estes'}, {'heroid': 121, 'heroname': 'Ixia'}, {'heroid': 61, 'heroname': ""Chang'e""}, {'heroid': 113, 'heroname': 'Yin'}, {'heroid': 81, 'heroname': 'Esmeralda'}, {'heroid': 22, 'heroname': 'Freya'}, {'heroid': 50, 'heroname': 'Zhask'}, {'heroid': 126, 'heroname': 'Suyou'}]","[{'heroid': 87, 'heroname': 'Baxia'}, {'heroid': 121, 'heroname': 'Ixia'}, {'heroid': 117, 'heroname': 'Fredrinn'}, {'heroid': 101, 'heroname': 'Yve'}, {'heroid': 110, 'heroname': 'Valentina'}, {'heroid': 125, 'heroname': 'Zhuxin'}, {'heroid': 59, 'heroname': 'Uranus'}]"
48,h049,Hylos,https://akmweb.youngjoygame.com/web/svnres/img/mlbb/homepage/100_195ad9af866afaab415ae23a6be13b45.png,['roam'],Tank,"[{'skill_name': 'Thickened Blood', 'skill_icon': 'hero-skills-images/hylos/passive.png', 'type': 'passive', 'cooldown': 'null', 'manacost': 'null', 'description': 'Thickened BloodBuffHylos gains 1.5 extra Max HP for every 1 extra Max Mana he possesses.When out of Mana, Hylos can use his HP for skill casts.Skill terms\nMax HP\nThe maximum HP currently can have.\nMax Mana\nThe maximum of mana can have currently.'}, {'skill_name': 'Law and Order', 'skill_icon': 'hero-skills-images/hylos/skill_1.png', 'type': 'active', 'cooldown': '12.0', 'manacost': '80 / 90 / 100 / 110 / 120 / 130', 'description': 'Law and OrderCC\xa0DamageHylos gains 50% Movement Speed and causes his next Basic Attack within 3 seconds to deal 300–550 (+80% Total Magic Power) Magic Damage to the target, knock back and stun them for 1 second.This damage counts as Skill Damage.The extra Movement Speed rapidly decays over the duration and ends after the next Basic Attack.Skill terms\nStun\nBasic level Crowd Control: Prevents a target from moving, and using Basic Attacks and skills. Can interrupt some skills.\nMagic Damage Skill\nDea'}, {'skill_name': 'Ring of Punishment', 'skill_icon': 'hero-skills-images/hylos/skill_2.png', 'type': 'active', 'cooldown': '1.0', 'manacost': '30 / 40 / 60 / 90 / 120 / 150', 'description': ""Ring of PunishmentAOEHylos releases the Ring of Punishment, dealing 100–300 (+20% Total Magic Power) Magic Damage to nearby enemies per second while slowing them by 4%–6% and reducing their Attack Speed by 7.5%–15% for 2.5 seconds (up to 8 stacks). Each stack also increases the enemy's damage taken from the Ring of Punishment by 5–20%. The Ring of Punishment consumes 30–150 Mana per second when it's active.Use Again; Hylos cancels the Ring of Punishment.Skill terms\nMagic Damage Skill\nDeal Magic""}, {'skill_name': 'Glorious PathwaySpeed Up', 'skill_icon': 'hero-skills-images/hylos/ultimate.png', 'type': 'active', 'cooldown': '40.0', 'manacost': '150 / 300 / 450', 'description': ""Glorious PathwaySpeed Up\xa0HealHylos creates a huge pathway in the target direction, reducing enemies' Movement by 75% for 1 second. The pathway lasts 6 seconds.When on the pathway, Hylos gains Slow Immunity and recovers 3% of his Max HP} per second. Allied heroes moving along the pathway gain 60% extra Movement Speed, while enemy heroes on the""}]","['Guard', 'Initiator']","[{'heroid': 83, 'heroname': 'X.Borg'}, {'heroid': 71, 'heroname': 'Kimmy'}, {'heroid': 14, 'heroname': 'Rafaela'}, {'heroid': 123, 'heroname': 'Cici'}, {'heroid': 4, 'heroname': 'Alice'}, {'heroid': 57, 'heroname': 'Valir'}, {'heroid': 40, 'heroname': 'Karrie'}, {'heroid': 76, 'heroname': 'Faramis'}, {'heroid': 102, 'heroname': 'Mathilda'}, {'heroid': 101, 'heroname': 'Yve'}]","[{'heroid': 24, 'heroname': 'Natalia'}, {'heroid': 74, 'heroname': 'Minsitthar'}, {'heroid': 3, 'heroname': 'Saber'}, {'heroid': 69, 'heroname': 'Hanzo'}, {'heroid': 16, 'heroname': 'Zilong'}, {'heroid': 88, 'heroname': 'Masha'}, {'heroid': 17, 'heroname': 'Fanny'}, {'heroid': 90, 'heroname': 'Silvanna'}, {'heroid': 76, 'heroname': 'Faramis'}, {'heroid': 26, 'heroname': 'Chou'}]"
49,h050,Zhask,https://akmweb.youngjoygame.com/web/svnres/img/mlbb/homepage/100_d8f170087cb2d5b71bb22a0a4664a927.png,['mid lane'],Mage,"[{'skill_name': 'Passive', 'skill_icon': 'hero-skills-images/zhask/passive.png', 'type': 'passive', 'cooldown': 'null', 'manacost': 'null', 'description': 'DecimationSummon | Attack Effects: 20%Upon death, Zhask summons a frenzied Nightmaric Spawn on the spot, which gradually loses HP over time until death. Calculation t o t a l b a s i c A T K D M G ='}, {'skill_name': 'Skill 1', 'skill_icon': 'hero-skills-images/zhask/skill_1.png', 'type': 'active', 'cooldown': '13.0', 'manacost': '60 / 70 / 80 / 90', 'description': 'Nightmaric SpawnSummon | Attack Effects: 20%Zhask summons a  Nightmaric Spawn that Inherits 55%–100% of his Attributes (HP, Hybrid Defense, Magic Power). Nightmaric Spawn will automatically attack nearby enemies by firing a Death Ray at the target, dealing 55 (+20% × Extra Attack Speed) (+20% Total Magic Power) Magic Damage and slowing them by up to 30% for 0.6 seconds. If Zhask is too far away from Nightmaric Spawn, it will disappear.Death Ray is considered as a Basic Attack but cannot Crit.Fus'}, {'skill_name': 'Mind Eater', 'skill_icon': 'hero-skills-images/zhask/skill_2.png', 'type': 'active', 'cooldown': '8.0', 'manacost': '50 / 65 / 80 / 95', 'description': 'Mind EaterCC\xa0AOE | Spell Vamp Ratio: 50%Zhask fires a penetrating mental missile in the designated direction, dealing 300–540 (+100% Total Magic Power) Magic Damage. Afterward, Nightmaric Spawn will attack enemies by Mind Eater for 120 (+80% Total Magic Power) Magic Damage and stun for 0.5 seconds.Fusion Enhanced: Increases the damage dealt by Mind eater by  540–975 (+180% Total Magic Power) Magic Damage.Skill terms\nStun\nBasic level Crowd Control: Prevents a target from moving, and using Basic A'}, {'skill_name': 'Ultimate', 'skill_icon': 'hero-skills-images/zhask/ultimate.png', 'type': 'active', 'cooldown': '60.0', 'manacost': '100 / 150 / 200', 'description': ""Dominator's DescentMorph\xa0Buff | Attack Effects: 36%Zhask selects a designated position to summon Nightmaric Spawn  and fuses with it. Nightmaric Spawn can inherit 100% of his attributes and get extra of them. His skills are enhanced during the fusion period.Use Again: Zhask immediately gets off the Nightmaric Spawn and loses enhancement.\n\nLevel scaling\n\n\nProperties\n\n1\n\n2\n\n3\n\n\nCooldown\n\n60.0\n\n55.0\n\n50.0\n\n\nMana Cost\n\n100\n\n150\n\n200\n\n\nExtra HP\n\n750\n\n1625\n\n2500\n\n\nExtra Hybrid Defense\n\n20\n\n30\n\n40\n\n\nLi""}]","['Chase', 'Damage']","[{'heroid': 4, 'heroname': 'Alice'}, {'heroid': 70, 'heroname': 'Belerick'}, {'heroid': 107, 'heroname': 'Natan'}, {'heroid': 27, 'heroname': 'Sun'}, {'heroid': 29, 'heroname': 'Ruby'}, {'heroid': 87, 'heroname': 'Baxia'}, {'heroid': 99, 'heroname': 'Barats'}, {'heroid': 118, 'heroname': 'Joy'}, {'heroid': 108, 'heroname': 'Aulus'}]","[{'heroid': 42, 'heroname': 'Harley'}, {'heroid': 24, 'heroname': 'Natalia'}, {'heroid': 32, 'heroname': 'Johnson'}, {'heroid': 3, 'heroname': 'Saber'}, {'heroid': 11, 'heroname': 'Bane'}, {'heroid': 63, 'heroname': 'Selena'}, {'heroid': 56, 'heroname': 'Gusion'}, {'heroid': 99, 'heroname': 'Barats'}]"
50,h051,Helcurt,https://akmweb.youngjoygame.com/web/svnres/img/mlbb/homepage/100_6abf0c552b59b8ca4cbc1af3662ef176.png,['jungle'],Assassin,"[{'skill_name': 'Shadow of Styx', 'skill_icon': 'hero-skills-images/helcurt/passive.png', 'type': 'passive', 'cooldown': 'null', 'manacost': 'null', 'description': 'Shadow of StyxBuffHe who hides in the shadow.Helcurt remains in the Prowler state until spotted by the enemy team, gaining 15% extra Movement Speed, and continuously regenerating (+30% Total Physical Attack) HP if he has not dealt any damage. He gains 50% extra Attack Speed and 50% extra Movement Speed (decreasing over time) for 4 seconds upon being spotted and leaves Prowler state 0.75 second later. Any hero killed after hit by Helcurt leaves a dark fog that explodes and spreads with a cooldown'}, {'skill_name': 'Hidden Terror', 'skill_icon': 'hero-skills-images/helcurt/skill_1.png', 'type': 'active', 'cooldown': '15.0', 'manacost': 'null', 'description': 'Hidden TerrorMobility\xa0CCPassive: When Helcurt is in Prowler state, the skill terrifies enemy heroes hit and its cooldown decreases 3 times as fast Active: Helcurt blinks to the target location and deals 150–300 (+70% Total Physical Attack) Physical Damage to enemies within the area, reducing their Movement Speed by 60% for 0.75s.Skill terms\nBlink\nMovement ability that can pass through obstacles.\nCC\n\n\nLevel scaling\n\n\nProperties\n\n1\n\n2\n\n3\n\n4\n\n5\n\n6\n\n\nCooldown\n\n15.0\n\n14.0\n\n13.0\n\n12.0\n\n11.0\n\n10.0\n\n\nBa'}, {'skill_name': 'Deadly Stinger', 'skill_icon': 'hero-skills-images/helcurt/skill_2.png', 'type': 'active', 'cooldown': '4.0', 'manacost': 'null', 'description': 'Deadly StingerBurst | Attack Effects: 100%He who awakes in the slaughter.Passive: Helcurt gains one  Deadly Stinger for every 1.5s spent in Prowler state or on each Basic Attack. Up to 5 stingers can be stored.Active: Helcurt fires all  Deadly Stingers forward, each dealing 180–280 (+42% Extra Physical Attack) Physical Damage to enemies (Minions and Creeps only take 70% of the damage)Deadly Stinger counts as a Basic Attack, but it cannot Crit.Skill terms\nPhysical Damage Skill\nDeal Physical DMG t'}, {'skill_name': 'Dark Night Falls', 'skill_icon': 'hero-skills-images/helcurt/ultimate.png', 'type': 'active', 'cooldown': '60.0', 'manacost': 'null', 'description': ""Dark Night FallsBuff\xa0DebuffHe who resurrects in the night.Helcurt summons the Dark Night, reducing all enemies' sight range and making them lose sight of their allies for 3s. During Dark Night, Helcurt gains 40% Movement Speed.  The Dark Night makes it easier for Helcurt to leave enemies' sight range.""}]","['Push', 'Burst']","[{'heroid': 8, 'heroname': 'Karina'}, {'heroid': 24, 'heroname': 'Natalia'}, {'heroid': 64, 'heroname': 'Aldous'}, {'heroid': 15, 'heroname': 'Eudora'}, {'heroid': 16, 'heroname': 'Zilong'}, {'heroid': 100, 'heroname': 'Brody'}, {'heroid': 124, 'heroname': 'Chip'}, {'heroid': 89, 'heroname': 'Wanwan'}]","[{'heroid': 9, 'heroname': 'Akai'}, {'heroid': 104, 'heroname': 'Gloo'}, {'heroid': 70, 'heroname': 'Belerick'}, {'heroid': 111, 'heroname': 'Edith'}, {'heroid': 59, 'heroname': 'Uranus'}, {'heroid': 78, 'heroname': 'Khufra'}, {'heroid': 12, 'heroname': 'Bruno'}, {'heroid': 49, 'heroname': 'Hylos'}, {'heroid': 93, 'heroname': 'Atlas'}]"
51,h052,Pharsa,https://akmweb.youngjoygame.com/web/svnres/img/mlbb/homepage/100_10151d43910e62f7aa9ce08df481a20f.png,['mid lane'],Mage,"[{'skill_name': 'Spiritual Unity', 'skill_icon': 'hero-skills-images/pharsa/passive.png', 'type': 'passive', 'cooldown': 'null', 'manacost': 'null', 'description': ""Spiritual UnityDamage\xa0SlowEvery 8 seconds, Verri enters the Hunting state and assists Pharsa on her next attack against an enemy hero, dealing 8% extra Magic Damage equal to the target's Max HP (+1% for every 200 Magic Power owned) and slowing them by 60% for 1 second.Skill terms\nMagic Damage Skill\nDeal Magic DMG to enemies. Triggers Spell Vamp.\nMovement Speed\nMovement Speed on the battlefield. Usually Calculated and Actual Movement Speed is equal. But when Movement Speed is below 230 or over 42""}, {'skill_name': 'Curse of Crow', 'skill_icon': 'hero-skills-images/pharsa/skill_1.png', 'type': 'active', 'cooldown': '8.0', 'manacost': '60 / 66 / 72 / 78 / 84 / 90', 'description': ""Curse of CrowCC\xa0Damage | Spell Vamp Ratio: 50%Pharsa unleashes a blast of magic at the target location, dealing 300–425 (+120% Total Magic Power) Magic Damage to enemies hit and marking them for 4 seconds.  Pharsa's subsequent attack against marked enemies will consume the mark and stun them for 1 second.Skill terms\nStun\nBasic level Crowd Control: Prevents a target from moving, and using Basic Attacks and skills. Can interrupt some skills.\nMagic Damage Skill\nDeal Magic DMG to enemies. Triggers S""}, {'skill_name': 'Energy Impact', 'skill_icon': 'hero-skills-images/pharsa/skill_2.png', 'type': 'active', 'cooldown': '5.0', 'manacost': '50 / 56 / 62 / 68 / 74 / 80', 'description': 'Energy ImpactAOE | Spell Vamp Ratio: 50%Pharsa releases magic energy in the target direction, dealing 525–700 (+145% Total Magic Power) Magic Damage to enemies hit.Skill terms\nMagic Damage Skill\nDeal Magic DMG to enemies. Triggers Spell Vamp.\n\nIcon\xa0variants\n\n\nLevel scaling\n\n\nProperties\n\n1\n\n2\n\n3\n\n4\n\n5\n\n6\n\n\nCooldown\n\n5.0\n\n\nMana Cost\n\n50\n\n56\n\n62\n\n68\n\n74\n\n80\n\n\nBase Damage\n\n525\n\n560\n\n595\n\n630\n\n665\n\n700'}, {'skill_name': 'Feathered Air Strike', 'skill_icon': 'hero-skills-images/pharsa/ultimate.png', 'type': 'active', 'cooldown': '36.0', 'manacost': '120 / 150 / 180', 'description': 'Feathered Air StrikeBurst | Spell Vamp Ratio: 50%Pharsa takes flight for 8 seconds and bombards the target location, dealing (+160% Total Magic Power)  to enemies within the area. This skill can be cast up to 4 times within the duration.Skill terms\nMagic Damage Skill\nDeal Magic DMG to enemies. Triggers Spell Vamp.\n\nIcon\xa0variants\n\n\nLevel scaling\n\n\nProperties\n\n1\n\n2\n\n3\n\n\nCooldown\n\n36.0\n\n33.0\n\n30.0\n\n\nMana Cost\n\n120\n\n150\n\n180\n\n\nDuration\n\n8\n\n\nBase Damage\n\n570\n\n720\n\n870\nNotes\nThe ability has an estimat'}]","['Burst', 'Poke']","[{'heroid': 88, 'heroname': 'Masha'}, {'heroid': 24, 'heroname': 'Natalia'}, {'heroid': 69, 'heroname': 'Hanzo'}, {'heroid': 113, 'heroname': 'Yin'}, {'heroid': 104, 'heroname': 'Gloo'}, {'heroid': 97, 'heroname': 'Benedetta'}, {'heroid': 21, 'heroname': 'Hayabusa'}, {'heroid': 102, 'heroname': 'Mathilda'}, {'heroid': 118, 'heroname': 'Joy'}, {'heroid': 124, 'heroname': 'Chip'}]","[{'heroid': 108, 'heroname': 'Aulus'}, {'heroid': 12, 'heroname': 'Bruno'}, {'heroid': 4, 'heroname': 'Alice'}, {'heroid': 7, 'heroname': 'Alucard'}, {'heroid': 64, 'heroname': 'Aldous'}, {'heroid': 117, 'heroname': 'Fredrinn'}, {'heroid': 42, 'heroname': 'Harley'}, {'heroid': 73, 'heroname': 'Harith'}, {'heroid': 48, 'heroname': 'Diggie'}, {'heroid': 65, 'heroname': 'Claude'}]"
52,h053,Lesley,https://akmweb.youngjoygame.com/web/svnres/img/mlbb/homepage/100_08770893183018333f54a98e63c41ee3.png,['gold lane'],"Marksman, Assassin","[{'skill_name': 'Lethal Shot', 'skill_icon': 'hero-skills-images/lesley/passive.png', 'type': 'passive', 'cooldown': 'null', 'manacost': 'null', 'description': ""Lethal ShotBuffIf Lesley doesn't take damage for 5 seconds, her next Basic Attack gains extra range and 50% Critical Chance and deals 50 (+100% Total Physical Attack) True Damage (20% extra damage against minions).Each point of fixed Physical Penetration Lesley acquires is converted into 0.5% Critical Damage, but her base Critical Damage is reduced to 140%.Lesley's Basic Attack restores 5 points of energy and her Lethal Shot doubles the amount of energy restored. The cooldown of Lethal Shot rese""}, {'skill_name': 'Master of Camouflage', 'skill_icon': 'hero-skills-images/lesley/skill_1.png', 'type': 'active', 'cooldown': '5.0', 'manacost': 'null', 'description': ""Master of CamouflageConceal\xa0BuffLesley enters the Camouflage state, gaining double Energy Regen, 40% extra Movement Speed, and 85–135 extra Physical Attack.The state lasts 3 seconds or until Lesley takes or deals damage. Enemies can detect Lesley's position through distortions of their surroundings.Skill terms\nCamouflage\nEnter Stealth State within the duration, won't be easily spotted by the enemy, can't be targeted by skills.\nPhysical ATK\nTotal current Physical ATK.\nMovement Speed\nMovement Spee""}, {'skill_name': 'Tactical Grenade', 'skill_icon': 'hero-skills-images/lesley/skill_2.png', 'type': 'active', 'cooldown': '10.0', 'manacost': 'null', 'description': 'Tactical GrenadeCC\xa0MobilityLesley throws a tactical grenade in the target direction while slightly jumping back, dealing 150–300  to enemies in a cone and knocking them back.Lesley can cast this skill during the Ultimate Snipe to cancel the state and immediately fire a Fatal Bullet at the target. The attack is only triggered when there are unfired Fatal Bullets left.Skill terms\nKnocked Back\nA state that prevents a target from moving, attacking, or using skills. The target will move away from the'}, {'skill_name': 'Ultimate Snipe', 'skill_icon': 'hero-skills-images/lesley/ultimate.png', 'type': 'active', 'cooldown': '{10%, 20%, 30%, 40%}', 'manacost': 'null', 'description': ""Ultimate SnipeBurstLesley [gains vision to nearby enemies and can lock] onto the target enemy hero and fires 4 Lethal Bullets in succession, each dealing 250–350 (+80% Extra Physical Attack) (+enemy's 5% Lost HP) Physical Damage and restoring 10 energy on hit. The Bullets can be blocked by other enemy heroes.If this skill is interrupted, each remaining Bullet reduces the skill cooldown by 10%.Passive: Lesley's Crit Chance is increased by 5%–15%.Skill terms\nLost HP\nLost HP = Max HP - Current HP.""}]","['Finisher', 'Burst']","[{'heroid': 27, 'heroname': 'Sun'}, {'heroid': 34, 'heroname': 'Estes'}, {'heroid': 104, 'heroname': 'Gloo'}, {'heroid': 94, 'heroname': 'Popol and Kupa'}, {'heroid': 114, 'heroname': 'Melissa'}, {'heroid': 14, 'heroname': 'Rafaela'}]","[{'heroid': 94, 'heroname': 'Popol and Kupa'}, {'heroid': 115, 'heroname': 'Xavier'}, {'heroid': 39, 'heroname': 'Roger'}, {'heroid': 70, 'heroname': 'Belerick'}, {'heroid': 69, 'heroname': 'Hanzo'}, {'heroid': 108, 'heroname': 'Aulus'}, {'heroid': 111, 'heroname': 'Edith'}, {'heroid': 71, 'heroname': 'Kimmy'}]"
53,h054,Jawhead,https://akmweb.youngjoygame.com/web/svnres/img/mlbb/homepage/100_bd87c30b6c7de6ae3b5aa56162c48c8b.png,"['roam, exp lane']",Fighter,"[{'skill_name': 'Mecha Suppression', 'skill_icon': 'hero-skills-images/jawhead/passive.png', 'type': 'passive', 'cooldown': 'null', 'manacost': 'null', 'description': ""Mecha SuppressionBuffJawhead's attacks apply a stack of Mecha Suppression on hit (up to 10 stacks). Each stack lasts 3 seconds and increases the damage of Jawhead's  Basic Attacks to the enemy by 8%.Skill terms\nPhysical Basic Attack\nDeal Physical Damage to enemies. Triggers ATK Effects and Lifesteal.\n\nStack scaling\n\n\nProperty\n\n1\n\n2\n\n3\n\n4\n\n5\n\n6\n\n7\n\n8\n\n9\n\n10\n\n\nBasic Attack Damage Increase Per Stack\n\n8%\n\nNotes\nOnly applies to non-minion enemies.\nJawhead's attacks also refresh the duration of the st""}, {'skill_name': 'Smart Missiles', 'skill_icon': 'hero-skills-images/jawhead/skill_1.png', 'type': 'active', 'cooldown': '5.0', 'manacost': '60 / 65 / 70 / 75 / 80 / 85', 'description': 'Smart MissilesBurstJawhead launches up to 12 missiles at random nearby enemies over 5 seconds, each missile dealing 135–260 (+30% Total Physical Attack) Physical Damage to the enemy hit.Skill terms\nPhysical Damage Skill\nDeal Physical DMG to enemies. Triggers Spell Vamp.\n\nLevel scaling\n\n\nProperties\n\n1\n\n2\n\n3\n\n4\n\n5\n\n6\n\n\nCooldown\n\n5.0\n\n\nMana Cost\n\n60\n\n65\n\n70\n\n75\n\n80\n\n85\n\n\nBase Damage\n\n135\n\n160\n\n185\n\n210\n\n235\n\n260'}, {'skill_name': 'Ejector', 'skill_icon': 'hero-skills-images/jawhead/skill_2.png', 'type': 'active', 'cooldown': '15.0', 'manacost': '80 / 90 / 100 / 110 / 120 / 130', 'description': 'EjectorShield\xa0CCJawhead gains 30% Movement Speed and a 250–600 (+180% Total Physical Attack) shield for S seconds.Use Again: Jawhead flings the nearest unit (prioritizes heroes) to the target location, dealing 300–500 (+80% Total Physical Attack) Physical Damage to enemies in the area and stunning them for 0.5 seconds. Can used on allied heroes and they will not take damage.Skill terms\nStun\nBasic level Crowd Control: Prevents a target from moving, and using Basic Attacks and skills. Can interrup'}, {'skill_name': 'Unstoppable Force', 'skill_icon': 'hero-skills-images/jawhead/ultimate.png', 'type': 'active', 'cooldown': '35.0', 'manacost': '120 / 150 / 180', 'description': 'Unstoppable ForceMobility\xa0CCJawhead charges into the target enemy hero, dealing 350–600 (+150% Total Physical Attack) Physical Damage and briefly stunning them.[duration unknown] Enemies around the target are knocked back and dealt the same amount of the damage. Jawhead is immune to control effects during the charge.Skill terms\nStun\nBasic level Crowd Control: Prevents a target from moving, and using Basic Attacks and skills. Can interrupt some skills.\nBlink\nMovement ability that can pass through'}]","['Charge', 'Burst']","[{'heroid': 27, 'heroname': 'Sun'}, {'heroid': 104, 'heroname': 'Gloo'}, {'heroid': 81, 'heroname': 'Esmeralda'}, {'heroid': 94, 'heroname': 'Popol and Kupa'}, {'heroid': 109, 'heroname': 'Aamon'}, {'heroid': 20, 'heroname': 'Lolita'}, {'heroid': 124, 'heroname': 'Chip'}, {'heroid': 82, 'heroname': 'Terizla'}]","[{'heroid': 27, 'heroname': 'Sun'}, {'heroid': 34, 'heroname': 'Estes'}, {'heroid': 61, 'heroname': ""Chang'e""}, {'heroid': 107, 'heroname': 'Natan'}, {'heroid': 108, 'heroname': 'Aulus'}, {'heroid': 11, 'heroname': 'Bane'}, {'heroid': 70, 'heroname': 'Belerick'}, {'heroid': 20, 'heroname': 'Lolita'}, {'heroid': 124, 'heroname': 'Chip'}, {'heroid': 14, 'heroname': 'Rafaela'}]"
54,h055,Angela,https://akmweb.youngjoygame.com/web/svnres/img/mlbb/homepage/100_c7e0183956b2c2fd6d3fa0b18fe46917.png,['roam'],Support,"[{'skill_name': 'Passive', 'skill_icon': 'hero-skills-images/angela/passive.png', 'type': 'passive', 'cooldown': 'null', 'manacost': 'null', 'description': ""Smart HeartSpeed UpAngela gains 7.5% extra Movement Speed for 4 seconds each time she casts a skill (up to 30%). When she's attached to an allied hero, the Movement Speed boost is transferred to the allied hero.Skill terms\nMovement Speed\nMovement Speed on the battlefield. Usually Calculated and Actual Movement Speed is equal. But when Movement Speed is below 230 or over 420 both Slowdown and Speedup Effect will decay. Calculated Movement Speed = Basic Movement Speed × (100% + All Speedup Effect%""}, {'skill_name': 'Love Waves', 'skill_icon': 'hero-skills-images/angela/skill_1.png', 'type': 'active', 'cooldown': '2.0', 'manacost': '60 / 70 / 80 / 90 / 100 / 110', 'description': ""Love WavesHeal\xa0AOE | Spell Vamp Ratio: 50%Angela sends Love Waves in the target direction, dealing 170–320 (+80% Total Magic Power) Magic Damage to enemies hit, revealing their positions briefly,[duration needed] and applying a stack of Lover's Mark to them (up to 5 stacks). Each stack of Lover's Mark increases the damage by 20% and slows enemies hit by 8% for 3 seconds.  The Love Waves also restore 150–200 (+75% Total Magic Power) HP to allied heroes hit. Angela can store up to 5 charges of thi""}, {'skill_name': 'Low level', 'skill_icon': 'hero-skills-images/angela/skill_2.png', 'type': 'active', 'cooldown': '13.0', 'manacost': '90 / 100 / 110 / 120 / 130 / 140', 'description': ""Puppet-on-a-StringSlow\xa0CCAngela launches a Puppet String at the target enemy, dealing 300–450 (+40% Total Magic Power) Magic Damage and gradually slowing them up to 80%. If the enemy is still connected to the string after 3 seconds, they'll be immobilized for 1.5 seconds and dealt 450–675 (+60% Total Magic Power) Magic Damage.  Each stack of Lover's Mark increases the final damage by 20%.Skill terms\nImmobilize\nLow level Crowd Control: Prevents a target from moving or using Blink/Charge skills. C""}, {'skill_name': 'HeartguardAttach', 'skill_icon': 'hero-skills-images/angela/ultimate.png', 'type': 'active', 'cooldown': '70.0', 'manacost': '100 / 150 / 200', 'description': 'HeartguardAttach\xa0ShieldAngela begins channeling [for 2 seconds], applying a 1000–2000 (+200–300% Total Magic Power) shield that lasts 6 seconds to the target allied hero regardless of distance. After the channeling is complete, she attaches herself to the allied hero for 12 seconds, during which she can cast skills at zero Mana cost.  Angela can cast this skill again to cancel the channeling or detach herself from the allied hero. The attaching state will end early if the allied hero is killed.S'}]","['Guard', 'Support']","[{'heroid': 20, 'heroname': 'Lolita'}, {'heroid': 113, 'heroname': 'Yin'}, {'heroid': 16, 'heroname': 'Zilong'}, {'heroid': 10, 'heroname': 'Franco'}, {'heroid': 48, 'heroname': 'Diggie'}, {'heroid': 90, 'heroname': 'Silvanna'}, {'heroid': 74, 'heroname': 'Minsitthar'}, {'heroid': 87, 'heroname': 'Baxia'}]","[{'heroid': 99, 'heroname': 'Barats'}, {'heroid': 117, 'heroname': 'Fredrinn'}, {'heroid': 87, 'heroname': 'Baxia'}, {'heroid': 47, 'heroname': 'Lancelot'}, {'heroid': 59, 'heroname': 'Uranus'}, {'heroid': 24, 'heroname': 'Natalia'}, {'heroid': 75, 'heroname': 'Kadita'}, {'heroid': 67, 'heroname': 'Leomord'}]"
55,h056,Gusion,https://akmweb.youngjoygame.com/web/svnres/img/mlbb/homepage/100_c6cd232de60da5372a7101a203e56554.png,"['jungle, mid lane']",Assassin,"[{'skill_name': 'Dagger Specialist', 'skill_icon': 'hero-skills-images/gusion/passive.png', 'type': 'passive', 'cooldown': 'null', 'manacost': 'null', 'description': ""Dagger SpecialistBuff\xa0HealEach skill cast adds a rune to Gusion's dagger (stacks up to 4 times). Each stack enhances Gusion's next  Basic Attack to deal additional damage equal to 3% of the target's max HP and restore 50 (+25% Total Magic Power) HP to himself.Skill terms\nMagic Basic Attack\nDeal Magic DMG to enemies. It can trigger ATK Effect and Magic Lifesteal.\nMax HP\nThe maximum HP currently can have.\nRegen Effect\nAttribute that affects the actual HP Regen and Shield. The default ratio is 100%""}, {'skill_name': 'Sword Spike', 'skill_icon': 'hero-skills-images/gusion/skill_1.png', 'type': 'active', 'cooldown': '9.0', 'manacost': '70', 'description': 'Sword SpikeDamage\xa0MobilityGusion throws a dagger in the target direction, dealing 200–300 (+50% Total Magic Power) Magic Damage to the first enemy hit and marking them.Use Again}: Gusion moves behind the marked enemy, dealing 200–300 (+100% Total Magic Power) Magic Damage to them. This skill cannot be interrupted while Gusion is moving behind the marked enemy.Skill terms\nBlink\nMovement ability that can pass through obstacles.\nMagic Skill\nDeal Magic DMG to enemies. Triggers Spell Vamp.\n\nIcon\xa0vari'}, {'skill_name': 'Shadowblade Slaughter', 'skill_icon': 'hero-skills-images/gusion/skill_2.png', 'type': 'active', 'cooldown': '11.0', 'manacost': '65 / 75 / 85 / 95 / 105 / 115', 'description': 'Shadowblade SlaughterAOE\xa0SlowGusion throws a volley of [five] daggers in the target direction, each dealing 110–210 (+50% Total Magic Power) Magic Damage to enemies hit and slowing them by 6% for 2 seconds (when hit by multiple daggers, the slow effect can stack up to 30%).Use Again: Gusion recalls the daggers, each dealing 65–115 (+40% Total Magic Power) Magic Damage to enemies in its path.Skill terms\nMagic Skill\nDeal Magic DMG to enemies. Triggers Spell Vamp.\nMovement Speed\nMovement Speed on t'}, {'skill_name': 'Incandescence', 'skill_icon': 'hero-skills-images/gusion/ultimate.png', 'type': 'active', 'cooldown': '28.0', 'manacost': '100 / 50 / 0', 'description': 'IncandescenceMobility\xa0BuffGusion dashes to the target location, resetting the cooldown of  Sword Spike and  Shadowblade Slaughter. If Shadowblade Slaugther was cast once before the reset, Gusion can throw another five daggers on his next Shadowblade Slaughter, and recall a total of ten daggers afterward.Use Again: Gusion dashes a short distance in the target location. Icon\xa0variants'}]","['Burst', 'Magic Damage']","[{'heroid': 15, 'heroname': 'Eudora'}, {'heroid': 20, 'heroname': 'Lolita'}, {'heroid': 104, 'heroname': 'Gloo'}, {'heroid': 50, 'heroname': 'Zhask'}, {'heroid': 29, 'heroname': 'Ruby'}, {'heroid': 124, 'heroname': 'Chip'}, {'heroid': 3, 'heroname': 'Saber'}, {'heroid': 7, 'heroname': 'Alucard'}, {'heroid': 88, 'heroname': 'Masha'}, {'heroid': 94, 'heroname': 'Popol and Kupa'}]","[{'heroid': 61, 'heroname': ""Chang'e""}, {'heroid': 72, 'heroname': 'Thamuz'}, {'heroid': 114, 'heroname': 'Melissa'}, {'heroid': 60, 'heroname': 'Hanabi'}, {'heroid': 1, 'heroname': 'Miya'}, {'heroid': 119, 'heroname': 'Novaria'}, {'heroid': 129, 'heroname': 'Zetian'}, {'heroid': 14, 'heroname': 'Rafaela'}, {'heroid': 78, 'heroname': 'Khufra'}, {'heroid': 62, 'heroname': 'Kaja'}]"
56,h057,Valir,https://akmweb.youngjoygame.com/web/svnres/img/mlbb/homepage/100_bf16690876761b80822df90eb3320d69.png,['mid lane'],Mage,"[{'skill_name': 'Ashing', 'skill_icon': 'hero-skills-images/valir/passive.png', 'type': 'passive', 'cooldown': 'null', 'manacost': 'null', 'description': ""AshingCC\xa0DamageValir's skills apply a stack of Ablaze to enemies hit, dealing them Magic Damage equal to 0.6% of their Max HP per second for 4s.  At 3 stacks, the fire detonates, dealing Magic Damage euqal to 6% of the target's Max HP to the enemy and stunning them for 1s (the same target can only be stunned by Valir's skills once every 7s.)Skill terms\nStun\nBasic level Crowd Control: Prevents a target from moving, and using Basic Attacks and skills. Can interrupt some skills.\nMax HP\nThe maximum""}, {'skill_name': 'Skill 1', 'skill_icon': 'hero-skills-images/valir/skill_1.png', 'type': 'active', 'cooldown': '1.5', 'manacost': '50 / 58 / 66 / 74 / 82 / 90', 'description': 'File:Burst Fireball - Vengeance Flame.png'}, {'skill_name': 'Skill 2', 'skill_icon': 'hero-skills-images/valir/skill_2.png', 'type': 'active', 'cooldown': '13', 'manacost': '80 / 86 / 92 / 98 / 104 / 110', 'description': 'File:Searing Torrent - Vengeance Flame.png'}, {'skill_name': 'Ultimate', 'skill_icon': 'hero-skills-images/valir/ultimate.png', 'type': 'active', 'cooldown': '36.0', 'manacost': '100 / 125 / 150', 'description': 'File:Vengeance Flame Buff.png Vengeance FlameRemove CC\xa0BuffValir removes all debuffs on himself and conjures 4 Vengeance Flames that last 9s. Each of his subsequent skillls consumes 1 Vengeance Flam to deal 30% extra base damage. The effects of both Burst Fireball and Searing Torrent can be enhanced.  Meanwhile, Valir gains 40% extra Movement Speed that decays over 3s. Icon\xa0variants'}]","['Damage', 'Guard']","[{'heroid': 14, 'heroname': 'Rafaela'}, {'heroid': 83, 'heroname': 'X.Borg'}, {'heroid': 51, 'heroname': 'Helcurt'}, {'heroid': 84, 'heroname': 'Ling'}, {'heroid': 88, 'heroname': 'Masha'}, {'heroid': 20, 'heroname': 'Lolita'}, {'heroid': 48, 'heroname': 'Diggie'}, {'heroid': 97, 'heroname': 'Benedetta'}]","[{'heroid': 42, 'heroname': 'Harley'}, {'heroid': 24, 'heroname': 'Natalia'}, {'heroid': 64, 'heroname': 'Aldous'}, {'heroid': 69, 'heroname': 'Hanzo'}, {'heroid': 45, 'heroname': 'Argus'}, {'heroid': 56, 'heroname': 'Gusion'}, {'heroid': 88, 'heroname': 'Masha'}, {'heroid': 113, 'heroname': 'Yin'}, {'heroid': 63, 'heroname': 'Selena'}]"
57,h058,Martis,https://akmweb.youngjoygame.com/web/svnres/img/mlbb/homepage/100_cc8124b0eb6ca22d950b000744d69fbf.png,['jungle'],Fighter,"[{'skill_name': 'Passive', 'skill_icon': 'hero-skills-images/martis/passive.png', 'type': 'passive', 'cooldown': 'null', 'manacost': 'null', 'description': ""Asura's WrathBuffEach time Martis uses a skill, his Attack Speed will be increased by 30%, 120% maximum. Lasts 4 seconds.  He gains (6*Hero Level) extra Attack at full stacks.Skill terms\nAttack Speed\nCurrent Attack Speed = Base Attack Speed + Extra Attack Speed × Attack Speed Ratio. The current total Attack Speed determines the number of attacks per second (capped at 3 attacks per second).\n\nIcon\xa0variants""}, {'skill_name': 'Asura Aura', 'skill_icon': 'hero-skills-images/martis/skill_1.png', 'type': 'active', 'cooldown': '7.0', 'manacost': 'null', 'description': 'Asura AuraCC\xa0AOEMartis draws enemies to a fan-shaped area in front of him and deals 350–650 (+130% Extra Physical Attack) Physical Damage, slowing them by 40% for 2 seconds.Skill terms\nPhysical Damage Skill\nDeal Physical DMG to enemies. Triggers Spell Vamp.\nExtra Physical Attack\nTotal Physical Attack bonuses from sources like equipment, Emblems, and skills (does not include base Physical Attack and Physical Attack Growth from leveling up).\nMovement Speed\nMovement Speed on the battlefield. Usuall'}, {'skill_name': 'Skill 2', 'skill_icon': 'hero-skills-images/martis/skill_2.png', 'type': 'active', 'cooldown': '8.0', 'manacost': 'null', 'description': 'File:Mortal Coil 2.pngFile:Mortal Coil 3.png'}, {'skill_name': 'Decimation', 'skill_icon': 'hero-skills-images/martis/ultimate.png', 'type': 'active', 'cooldown': '36.0', 'manacost': 'null', 'description': ""DecimationBurst\xa0BuffMartis lunges at a designated enemy hero, dealing 800–1000 (+100% Extra Physical Attack) Physical Damage (deals True Damage if the enemy's HP is below 50%).  If the enemy is killed by this skill, Martis can cast the skill again within 10 seconds and gains 100% extra Movement Speed that gradually decays over 5 seconds. Each successive cast also increases the skill's damage by 15% (up to 30%).Skill terms\nCurrent HP\nDeath happens when current HP is or below 0. When there is Deat""}]","['Finisher', 'Charge']","[{'heroid': 83, 'heroname': 'X.Borg'}, {'heroid': 2, 'heroname': 'Balmond'}, {'heroid': 74, 'heroname': 'Minsitthar'}, {'heroid': 62, 'heroname': 'Kaja'}, {'heroid': 4, 'heroname': 'Alice'}, {'heroid': 119, 'heroname': 'Novaria'}, {'heroid': 53, 'heroname': 'Lesley'}, {'heroid': 106, 'heroname': 'Phoveus'}, {'heroid': 59, 'heroname': 'Uranus'}, {'heroid': 81, 'heroname': 'Esmeralda'}]","[{'heroid': 34, 'heroname': 'Estes'}, {'heroid': 55, 'heroname': 'Angela'}, {'heroid': 112, 'heroname': 'Floryn'}, {'heroid': 12, 'heroname': 'Bruno'}, {'heroid': 14, 'heroname': 'Rafaela'}, {'heroid': 76, 'heroname': 'Faramis'}, {'heroid': 60, 'heroname': 'Hanabi'}, {'heroid': 107, 'heroname': 'Natan'}, {'heroid': 88, 'heroname': 'Masha'}, {'heroid': 45, 'heroname': 'Argus'}]"
58,h059,Uranus,https://akmweb.youngjoygame.com/web/svnres/img/mlbb/homepage/100_2e15a0a506aaecd9b3de40a8cc9f7ec7.png,['exp lane'],Tank,"[{'skill_name': 'Radiance', 'skill_icon': 'hero-skills-images/uranus/passive.png', 'type': 'passive', 'cooldown': 'null', 'manacost': 'null', 'description': 'RadianceHealUranus absorbs the energy generated by incoming attacks to strengthen himself, regenerating a certain amount of HP every 0.8s. Each stack lasts 10s. When at max stacks (20), Uranus regenerates 48-224 HP (scales with level).Skill terms\nHealing Effect\nThe actual ratio of self HP Regen caused to shield values. The default is 100%. Actual Value = Original Value × (100% ± Healing Effect Increase/Reduction%) × (100% ± Healing Effect Increase/Reduction%) × ...'}, {'skill_name': 'Ionic Edge', 'skill_icon': 'hero-skills-images/uranus/skill_1.png', 'type': 'active', 'cooldown': '4.0', 'manacost': '60 / 65 / 70 / 75 / 80 / 85', 'description': 'Ionic EdgeAOE\xa0SlowUranus releases two energy blades that orbit around him, dealing 155–255 (+30% Total Magic Power) Magic Damage to enemy targets and slowing them by 30% for 2s.  Each time this skill deals damage to a target, they will be marked with stack for 6s (max of 1 stack per target per cast). Each stack increases the damage of this skill by 40% (to a max of 320%). Each energy blade will only deal damage to the same target once.Skill terms\nMagic Skill\nDeal Magic DMG to enemies. Triggers S'}, {'skill_name': 'Transcendent Ward', 'skill_icon': 'hero-skills-images/uranus/skill_2.png', 'type': 'active', 'cooldown': '10.0', 'manacost': '80 / 90 / 100 / 110 / 120 / 130', 'description': 'Transcendent WardMobility\xa0ShieldUranus charges to the target location, dealing 80–200 (+20% Total Magic Power) Magic Damage  to enemies along the way, and 160–400 (+80% Total Magic Power) Magic Damage to enemies at the target location and slowing them by 25%. Uranus also generates a 300–750 (+200% Total Magic Power) shield for 4s.  The shield explodes at the end of its duration or when destroyed, dealing 300–750 (+150% Total Magic Power) Magic Damage to enemies nearby.Skill terms\nShield\nSpecial'}, {'skill_name': 'Consecration', 'skill_icon': 'hero-skills-images/uranus/ultimate.png', 'type': 'active', 'cooldown': '42.0', 'manacost': '100 / 125 / 150', 'description': 'ConsecrationBuff\xa0Speed UpUranus unleashes the energy stored within his body, removing slow effects on himself, recovering 200-400 HP, and gaining 60% Movement Speed for 8s (decays over time).  Uranus directly gains 5-15 stacks of Radiance, increasing shields received and HP Regen by 20% for 8s.Skill terms\nHealing Effect\nThe actual ratio of self HP Regen caused to shield values. The default is 100%. Actual Value = Original Value × (100% ± Healing Effect Increase/Reduction%) × (100% ± Healing Effe'}]",['Regen'],"[{'heroid': 85, 'heroname': 'Dyrroth'}, {'heroid': 34, 'heroname': 'Estes'}, {'heroid': 108, 'heroname': 'Aulus'}, {'heroid': 121, 'heroname': 'Ixia'}, {'heroid': 40, 'heroname': 'Karrie'}, {'heroid': 28, 'heroname': 'Alpha'}, {'heroid': 55, 'heroname': 'Angela'}, {'heroid': 71, 'heroname': 'Kimmy'}, {'heroid': 115, 'heroname': 'Xavier'}]","[{'heroid': 48, 'heroname': 'Diggie'}, {'heroid': 55, 'heroname': 'Angela'}, {'heroid': 126, 'heroname': 'Suyou'}, {'heroid': 115, 'heroname': 'Xavier'}, {'heroid': 51, 'heroname': 'Helcurt'}, {'heroid': 24, 'heroname': 'Natalia'}, {'heroid': 21, 'heroname': 'Hayabusa'}, {'heroid': 109, 'heroname': 'Aamon'}]"
59,h060,Hanabi,https://akmweb.youngjoygame.com/web/svnres/img/mlbb/homepage/100_8a9c1966feb34e85d7bdcc1ed01ffb5d.png,['gold lane'],Marksman,"[{'skill_name': 'Passive', 'skill_icon': 'hero-skills-images/hanabi/passive.png', 'type': 'passive', 'cooldown': 'null', 'manacost': 'null', 'description': ""Ninjutsu: Petal BarrageBuffHanabi's Basic Attacks and Skills will launch Petal Blades after hitting a target, bouncing up to 4 times to nearby enemies (the first bounce deals 40% of the damage, and subsequent bounces deal 85% of the previous). Bounces from her Basic Attacks inherit a portion of Attack Effects. Icon\xa0variants Calculation b a s i c A T K d a m a g e d e c a y =""}, {'skill_name': 'Skill 1', 'skill_icon': 'hero-skills-images/hanabi/skill_1.png', 'type': 'active', 'cooldown': '14.0', 'manacost': '35 / 40 / 45 / 50 / 55 / 60', 'description': ""Ninjutsu: EquinoxShield\xa0BuffPassive: The secret Ninjutsu of the Scarlet Shadow makes Hanabi immune to control effects when she has a shield from any source.Active: Hanabi gains a 300–600 (+40% Total Physical Attack) shield for 5 seconds. When the shield is active, Hanabi gains 20% Movement Speed, 25% Attack Speed, and 20% of damage dealt will also be added to this shield (only 10% of the damage dealt to non-hero units). The shield cannot exceed 50% of Hanabi's max HP.Skill terms\nShield\nSpecial H""}, {'skill_name': 'Physical', 'skill_icon': 'hero-skills-images/hanabi/skill_2.png', 'type': 'active', 'cooldown': '8.0', 'manacost': '35 / 40 / 45 / 50 / 55 / 60', 'description': ""Ninjutsu: Soul ScrollAOEHanabi fires the energy Kunai in the targeted direction, dealing 450–600 (+80% Total Physical Attack) Physical Damage to enemies along the way and reducing their Movement Speed by 60% for 1 second. Enemy units hit will also be marked, allowing Hanabi's next Bounce Damage from Basic Attacks to deal 30–180 (+100% Total Physical Attack) Physical Damage on them with no damage decay.Skill terms\nPhysical Damage Skill\nDeal Physical DMG to enemies. Triggers Spell Vamp.\nMovement S""}, {'skill_name': 'Ultimate', 'skill_icon': 'hero-skills-images/hanabi/ultimate.png', 'type': 'active', 'cooldown': '40.0', 'manacost': '120 / 160 / 200', 'description': 'Forbidden Jutsu: HiganbanaCC\xa0AOEA sprout without flowers. A blossom without leaves.Hanabi throws Higanbana in the targeted direction, dealing 300–500 (+50% Total Physical Attack) Physical Damage to the first enemy hero hit and immobilizing them for 0.8 seconds. After 1 second, Higanbana will bloom at the location of the first hit, dealing 300–500 (+50% Total Physical Attack) Physical Damage to nearby enemies. Subsequent hits on the same target decays 20% damage.Skill terms\nImmobilize\nLow level C'}]","['Finisher', 'Damage']","[{'heroid': 20, 'heroname': 'Lolita'}, {'heroid': 105, 'heroname': 'Beatrix'}, {'heroid': 81, 'heroname': 'Esmeralda'}, {'heroid': 101, 'heroname': 'Yve'}, {'heroid': 86, 'heroname': 'Lylia'}, {'heroid': 79, 'heroname': 'Granger'}, {'heroid': 121, 'heroname': 'Ixia'}, {'heroid': 24, 'heroname': 'Natalia'}, {'heroid': 70, 'heroname': 'Belerick'}]","[{'heroid': 20, 'heroname': 'Lolita'}, {'heroid': 42, 'heroname': 'Harley'}, {'heroid': 26, 'heroname': 'Chou'}, {'heroid': 104, 'heroname': 'Gloo'}, {'heroid': 56, 'heroname': 'Gusion'}, {'heroid': 15, 'heroname': 'Eudora'}, {'heroid': 58, 'heroname': 'Martis'}, {'heroid': 94, 'heroname': 'Popol and Kupa'}, {'heroid': 39, 'heroname': 'Roger'}, {'heroid': 93, 'heroname': 'Atlas'}]"
60,h061,Chang'e,https://akmweb.youngjoygame.com/web/svnres/img/mlbb/homepage/100_46cfe9c30e8a14f85b4d022496aca274.png,['mid lane'],Mage,[],"(['Burst', 'Poke'],)","[{'heroid': 20, 'heroname': 'Lolita'}, {'heroid': 104, 'heroname': 'Gloo'}, {'heroid': 94, 'heroname': 'Popol and Kupa'}, {'heroid': 65, 'heroname': 'Claude'}, {'heroid': 19, 'heroname': 'Minotaur'}, {'heroid': 3, 'heroname': 'Saber'}, {'heroid': 26, 'heroname': 'Chou'}, {'heroid': 54, 'heroname': 'Jawhead'}, {'heroid': 87, 'heroname': 'Baxia'}, {'heroid': 42, 'heroname': 'Harley'}]","[{'heroid': 32, 'heroname': 'Johnson'}, {'heroid': 56, 'heroname': 'Gusion'}, {'heroid': 73, 'heroname': 'Harith'}, {'heroid': 104, 'heroname': 'Gloo'}, {'heroid': 9, 'heroname': 'Akai'}, {'heroid': 93, 'heroname': 'Atlas'}, {'heroid': 78, 'heroname': 'Khufra'}, {'heroid': 117, 'heroname': 'Fredrinn'}, {'heroid': 102, 'heroname': 'Mathilda'}, {'heroid': 55, 'heroname': 'Angela'}]"
61,h062,Kaja,https://akmweb.youngjoygame.com/web/svnres/img/mlbb/homepage/100_a23983833ad5bee7c83422c8ff727115.png,['roam'],"Support, Fighter","[{'skill_name': 'Wrath Sanction', 'skill_icon': 'hero-skills-images/kaja/passive.png', 'type': 'passive', 'cooldown': 'null', 'manacost': 'null', 'description': ""Wrath SanctionBuffKaja achieves Wrath Sanction every 6 seconds. His next  Basic Attack will send a lightning to enemies, dealing 100 (+100% Total Magic Power) (+target's 4% Total HP) Magic Damage and paralyzing them. The lightning will hit enemies nearby as well (up to 3 times).increases damage by 200% of target's Max HP on minions and creeps.Paralyzing: Slows enemies [by approx. 90% for approx. 0.4 second] and reduces their damage by 8% (up to 4 stacks) for 4 seconds.Skill terms\nMagic Basic Att""}, {'skill_name': 'Ring of Order', 'skill_icon': 'hero-skills-images/kaja/skill_1.png', 'type': 'active', 'cooldown': '6.5', 'manacost': '50 / 55 / 60 / 65 / 70 / 75', 'description': ""Ring of OrderAOE\xa0SlowKaja releases a Ringed Electric Blade that quickly expands and contracts, dealing 135 (+70% Total Magic Power) Magic Damage to enemies hit on its way out and back and paralyzing them.Each time an enemy is hit by the Electric Blade, Kaja's HP is restored by 100 (reduced to 30% after multiple hits).Skill terms\nMagic Skill\nDeal Magic DMG to enemies. Triggers Spell Vamp.\nMovement Speed\nMovement Speed on the battlefield. Usually Calculated and Actual Movement Speed is equal. But""}, {'skill_name': 'Lightning Bomb', 'skill_icon': 'hero-skills-images/kaja/skill_2.png', 'type': 'active', 'cooldown': '13.0', 'manacost': '65 / 70 / 75 / 80 / 85 / 90', 'description': 'Lightning BombMobility\xa0DamageKaja dashes in the target direction while leaving 3 Lightning Bombs along the way. The Bombs will explode upon enemy contact, dealing 200 (+80% Total Magic Power) Magic Damage to the enemy and paralyzing them.Skill terms\nBlink\nMovement ability that can pass through obstacles.\nMagic Skill\nDeal Magic DMG to enemies. Triggers Spell Vamp.\n\nLevel scaling\n\n\nProperties\n\n1\n\n2\n\n3\n\n4\n\n5\n\n6\n\n\nCooldown\n\n13.0\n\n12.4\n\n11.8\n\n11.2\n\n10.6\n\n10.0\n\n\nMana Cost\n\n65\n\n70\n\n75\n\n80\n\n85\n\n90\n\n\nBas'}, {'skill_name': 'Reduces', 'skill_icon': 'hero-skills-images/kaja/ultimate.png', 'type': 'active', 'cooldown': '60.0', 'manacost': 'null', 'description': 'Divine JudgementKaja deals 300 (+100% Total Magic Power) Magic Damage to a designated enemy hero, suppresses and paralyzes them for 1.5 seconds.During the suppression, Kaja can drag the enemy hero along with him.Skill terms\nSuppressed\nA state that prevents a target from moving, attacking, or using skills. This is an advanced stunning effect that interrupts all skills, ignores resilience, and can’t be removed.\nMagic Defense\nReduces Magic Damage taken. Actual Magic Damage taken = Magic Damage deal'}]","['Control', 'Charge']","[{'heroid': 33, 'heroname': 'Cyclops'}, {'heroid': 34, 'heroname': 'Estes'}, {'heroid': 46, 'heroname': 'Odette'}, {'heroid': 29, 'heroname': 'Ruby'}, {'heroid': 53, 'heroname': 'Lesley'}, {'heroid': 50, 'heroname': 'Zhask'}, {'heroid': 27, 'heroname': 'Sun'}, {'heroid': 18, 'heroname': 'Layla'}, {'heroid': 69, 'heroname': 'Hanzo'}, {'heroid': 124, 'heroname': 'Chip'}]","[{'heroid': 45, 'heroname': 'Argus'}, {'heroid': 76, 'heroname': 'Faramis'}, {'heroid': 27, 'heroname': 'Sun'}, {'heroid': 74, 'heroname': 'Minsitthar'}, {'heroid': 18, 'heroname': 'Layla'}, {'heroid': 88, 'heroname': 'Masha'}, {'heroid': 85, 'heroname': 'Dyrroth'}, {'heroid': 67, 'heroname': 'Leomord'}, {'heroid': 82, 'heroname': 'Terizla'}, {'heroid': 122, 'heroname': 'Nolan'}]"
62,h063,Selena,https://akmweb.youngjoygame.com/web/svnres/img/mlbb/homepage/100_c3f967121519ae40509c5b2fdf52b19d.png,"['mid lane, roam']","Assassin, Mage","[{'skill_name': 'Symbiosis', 'skill_icon': 'hero-skills-images/selena/passive.png', 'type': 'passive', 'cooldown': 'null', 'manacost': 'null', 'description': 'SymbiosisBuffSelena can switch freely between her two forms. Elven Form: Selena applies ""Abyssal Mark"" with her skills. The mark can stack up to 2 times. When  ""Abyssal Trap"" hits an enemy, it immediately adds an ""Abyssal Mark"". Abyssal Form: All damage will consume 1 stack of ""Abyssal Mark"" to deal 225 (+15 × Hero Level) (+40% Total Magic Power) extra Magic Damage.Skill terms\nMagic Skill\nDeal Magic DMG to enemies. Triggers Spell Vamp.\n\nIcon\xa0variants'}, {'skill_name': 'Skill 1', 'skill_icon': 'hero-skills-images/selena/skill_1.png', 'type': 'active', 'cooldown': 'null', 'manacost': 'null', 'description': 'Elven FormAbyssal Form'}, {'skill_name': 'Skill 2', 'skill_icon': 'hero-skills-images/selena/skill_2.png', 'type': 'active', 'cooldown': 'null', 'manacost': 'null', 'description': 'Elven FormAbyssal Form'}, {'skill_name': 'Ultimate', 'skill_icon': 'hero-skills-images/selena/ultimate.png', 'type': 'active', 'cooldown': 'null', 'manacost': 'null', 'description': 'Elven FormAbyssal Form'}]","['Initiator', 'Finisher']","[{'heroid': 94, 'heroname': 'Popol and Kupa'}, {'heroid': 104, 'heroname': 'Gloo'}, {'heroid': 27, 'heroname': 'Sun'}, {'heroid': 106, 'heroname': 'Phoveus'}, {'heroid': 50, 'heroname': 'Zhask'}, {'heroid': 124, 'heroname': 'Chip'}, {'heroid': 89, 'heroname': 'Wanwan'}, {'heroid': 78, 'heroname': 'Khufra'}, {'heroid': 76, 'heroname': 'Faramis'}, {'heroid': 130, 'heroname': 'Obsidia'}]","[{'heroid': 99, 'heroname': 'Barats'}, {'heroid': 72, 'heroname': 'Thamuz'}, {'heroid': 112, 'heroname': 'Floryn'}, {'heroid': 108, 'heroname': 'Aulus'}, {'heroid': 50, 'heroname': 'Zhask'}, {'heroid': 67, 'heroname': 'Leomord'}, {'heroid': 110, 'heroname': 'Valentina'}, {'heroid': 33, 'heroname': 'Cyclops'}, {'heroid': 18, 'heroname': 'Layla'}, {'heroid': 125, 'heroname': 'Zhuxin'}]"
63,h064,Aldous,https://akmweb.youngjoygame.com/web/svnres/img/mlbb/homepage/100_0eb32187d08f14779585a8be53b83f01.png,['exp lane'],Fighter,"[{'skill_name': 'Deal Physical', 'skill_icon': 'hero-skills-images/aldous/passive.png', 'type': 'passive', 'cooldown': 'null', 'manacost': 'null', 'description': 'Contract: TransformShieldAfter every 2  attacks, Aldous gains a 500 (+3 × \xa0Soul Steal stack count) shield for 3 seconds on his next  Basic Attack.This effect can only be triggered once every 5 seconds.Skill terms\nPhysical Basic Attack\nDeal Physical Damage to enemies. Triggers ATK Effects and Lifesteal.\nShield\nSpecial HP is preferentially deducted when taking damage. The shield with shorter duration or lower points is usually preferentially deducted when multiple shields are stacked.\n\nIcon\xa0varian'}, {'skill_name': 'Skill 1', 'skill_icon': 'hero-skills-images/aldous/skill_1.png', 'type': 'active', 'cooldown': '4.0', 'manacost': '60 / 65 / 70 / 75 / 80 / 85', 'description': 'Contract: Soul StealAldous unleashes his inner energy to enhance his next Basic Attack to kill enemies and absorb their soul each stack gives to deal Physical Damage equal to 200–450 (+100% Total Physical Attack) Physical Damage plus 5 times the number of Soul Steal stacks.If this attack kills an [Lord/Turtle/]enemy hero/[enemy turret/]Siege Minion/other-non hero unit, Aldous will gain [12/12/10/10/10/4] stacks of Soul Steal (up to 650 stacks).The enhanced Basic Attack deals 300% extra Base Dama'}, {'skill_name': 'Skill 2', 'skill_icon': 'hero-skills-images/aldous/skill_2.png', 'type': 'active', 'cooldown': '12.0', 'manacost': '80 / 90 / 100 / 110 / 120 / 130', 'description': 'Contract: ExplosionBuff\xa0CCAldous assumes a defensive stance, gaining 30% Damage Reduction and 20% extra Movement Speed for 2 seconds or until manual cancellation. He then deals 100–200 (+20% Total Physical Attack)–200–400 (+40% Total Physical Attack) Physical Damage to nearby enemies and stuns them for 0.5–1 second(s) (scales with defensive stance duration).Skill terms\nDodge\nYou are immune to enemy Basic Attack damage and effects within the duration.\nDamage Reduction\nDeduct the final damage (the'}, {'skill_name': 'Ultimate', 'skill_icon': 'hero-skills-images/aldous/ultimate.png', 'type': 'active', 'cooldown': '60.0', 'manacost': '150 / 200 / 250', 'description': ""Contract: Chase FateMobility\xa0DamageAldous gains vision of all enemy heroes for 5 seconds. During this time, if Aldous uses this skill again, he can dash toward an enemy hero [of choice]. When Aldous hits that enemy hero, he will deal 400–750 (+target's 8% Total HP) Physical Damage and knock back the target for 1 second. (Aldous can interrupt target's  Recall [and  Arrival] during the dash.)[Use this skill once again to cancel the dash, and will blink to the designated direction instead.]Skill te""}]","['Burst', 'Support']","[{'heroid': 81, 'heroname': 'Esmeralda'}, {'heroid': 127, 'heroname': 'Lukas'}, {'heroid': 8, 'heroname': 'Karina'}, {'heroid': 114, 'heroname': 'Melissa'}, {'heroid': 108, 'heroname': 'Aulus'}, {'heroid': 110, 'heroname': 'Valentina'}, {'heroid': 55, 'heroname': 'Angela'}, {'heroid': 125, 'heroname': 'Zhuxin'}]","[{'heroid': 104, 'heroname': 'Gloo'}, {'heroid': 70, 'heroname': 'Belerick'}, {'heroid': 6, 'heroname': 'Tigreal'}, {'heroid': 77, 'heroname': 'Badang'}, {'heroid': 87, 'heroname': 'Baxia'}, {'heroid': 99, 'heroname': 'Barats'}, {'heroid': 67, 'heroname': 'Leomord'}, {'heroid': 115, 'heroname': 'Xavier'}, {'heroid': 105, 'heroname': 'Beatrix'}, {'heroid': 41, 'heroname': 'Gatotkaca'}]"
64,h065,Claude,https://akmweb.youngjoygame.com/web/svnres/img/mlbb/homepage/100_e1097b9d3e1d5e9f14600d32e8b18acd.png,['gold lane'],Marksman,"[{'skill_name': 'Deal Physical', 'skill_icon': 'hero-skills-images/claude/passive.png', 'type': 'passive', 'cooldown': 'null', 'manacost': 'null', 'description': ""Battle Side-by-sideBuffDexter launches an extra attack each time Claude's  Basic Attack lands, dealing 20 (+35% Total Physical Attack) Physical Damage to the same target. Dexter's  Basic Attack can also trigger Claude's attack effects with 30% effectiveness.Skill terms\nPhysical Basic Attack\nDeal Physical Damage to enemies. Triggers ATK Effects and Lifesteal.\nATK Effect""}, {'skill_name': 'Art of Thievery', 'skill_icon': 'hero-skills-images/claude/skill_1.png', 'type': 'active', 'cooldown': '5.0', 'manacost': '65 / 70 / 75 / 80 / 85 / 90', 'description': 'Art of ThieveryAOE\xa0BuffClaude attacks enemies in a fan-shaped area ahead, dealing 160–285 (+40% Total Physical Attack) Physical Damage and reducing their Movement Speed by 20% and Attack Speed by 10%.For each target hit, Claude gains 3% extra Movement and Attack Speed (doubled if the target is an enemy hero, up to 5 stacks) for 6 seconds.Skill terms\nPhysical Skill\nDeal Physical DMG to enemies. Triggers Spell Vamp.\nMovement Speed\nMovement Speed on the battlefield. Usually Calculated and Actual Mo'}, {'skill_name': 'Battle Mirror ImageSummon', 'skill_icon': 'hero-skills-images/claude/skill_2.png', 'type': 'active', 'cooldown': '11.0', 'manacost': '70 / 80 / 90 / 100 / 110 / 120', 'description': ""Battle Mirror ImageSummon\xa0MobilityClaude leaves a mirror image of Dexter at a designated location. Dexter’s mirror image automatically attacks enemies. Lasts 5.5 seconds. Claude can activate this skill again to switch places with the mirror image.Dexter's  Basic Attack deals 20 (+35% Total Physical Attack) Physical Damage and can trigger Claude's attack effects.Skill terms\nBlink\nMovement ability that can pass through obstacles.\n\nLevel scaling\n\n\nProperties\n\n1\n\n2\n\n3\n\n4\n\n5\n\n6\n\n\nCooldown\n\n11.0\n\n10.5""}, {'skill_name': 'Blazing Duet', 'skill_icon': 'hero-skills-images/claude/ultimate.png', 'type': 'active', 'cooldown': '50.0', 'manacost': '150 / 175 / 200', 'description': ""Blazing DuetBurst\xa0ShieldClaude and Dexter rapidly fire at the enemies nearby over 3 seconds, dealing 100–130 (+10% Total Physical Attack) Physical Damage to up to two targets each time they shoot. This skill benefits from Claude's Basic Attack effects and grants him a shield that can absorb 20 (+3% Total Physical Attack) damage.Skill terms\nPhysical Basic Attack\nDeal Physical Damage to enemies. Triggers ATK Effects and Lifesteal.\nATK Effect\n\nShield\nSpecial HP is preferentially deducted when takin""}]","['Burst', 'Chase']","[{'heroid': 53, 'heroname': 'Lesley'}, {'heroid': 12, 'heroname': 'Bruno'}, {'heroid': 24, 'heroname': 'Natalia'}, {'heroid': 108, 'heroname': 'Aulus'}, {'heroid': 109, 'heroname': 'Aamon'}, {'heroid': 33, 'heroname': 'Cyclops'}, {'heroid': 3, 'heroname': 'Saber'}, {'heroid': 100, 'heroname': 'Brody'}, {'heroid': 62, 'heroname': 'Kaja'}, {'heroid': 124, 'heroname': 'Chip'}]","[{'heroid': 94, 'heroname': 'Popol and Kupa'}, {'heroid': 55, 'heroname': 'Angela'}, {'heroid': 71, 'heroname': 'Kimmy'}, {'heroid': 109, 'heroname': 'Aamon'}, {'heroid': 39, 'heroname': 'Roger'}, {'heroid': 47, 'heroname': 'Lancelot'}, {'heroid': 96, 'heroname': 'Luo Yi'}, {'heroid': 104, 'heroname': 'Gloo'}, {'heroid': 82, 'heroname': 'Terizla'}, {'heroid': 87, 'heroname': 'Baxia'}]"
65,h066,Vale,https://akmweb.youngjoygame.com/web/svnres/img/mlbb/homepage/100_2a7a8d1531a1c4f8524880413535348d.png,['mid lane'],Mage,"[{'skill_name': 'Windtalk', 'skill_icon': 'hero-skills-images/vale/passive.png', 'type': 'passive', 'cooldown': 'null', 'manacost': 'null', 'description': 'WindtalkBuff\xa0Speed UpVale gains 1 stack of Windtalk each time he gets a kill or an assist that increases his Movement Speed by 8. This effect can stack up to 10 times.Skill terms\nMovement Speed\nMovement Speed on the battlefield. Usually Calculated and Actual Movement Speed is equal. But when Movement Speed is below 230 or over 420 both Slowdown and Speedup Effect will decay. Calculated Movement Speed = Basic Movement Speed × (100% + All Speedup Effect% - All Slowdown Effect%).\n\nIcon\xa0variants\n\n\nS'}, {'skill_name': 'Wind Blade', 'skill_icon': 'hero-skills-images/vale/skill_1.png', 'type': 'active', 'cooldown': '6.0', 'manacost': '60 / 65 / 70 / 75 / 80 / 85', 'description': 'Wind BladeAOE | Spell Vamp Ratio: 50%Vale unleashes two wind blades toward the left and right of a target area. each dealing 250–450 (+80% Total Magic Power) Magic Damage.Skill terms\nMagic Damage Skill\nDeal Magic DMG to enemies. Triggers Spell Vamp.\n\nIcon\xa0variants\n\n\nLevel scaling\n\n\nProperties\n\n1\n\n2\n\n3\n\n4\n\n5\n\n6\n\n\nCooldown\n\n6.0\n\n5.6\n\n5.2\n\n4.8\n\n4.4\n\n4.0\n\n\nMana Cost\n\n60\n\n65\n\n70\n\n75\n\n80\n\n85\n\n\nBase Damage\n\n250\n\n290\n\n330\n\n370\n\n410\n\n450'}, {'skill_name': 'Windblow', 'skill_icon': 'hero-skills-images/vale/skill_2.png', 'type': 'active', 'cooldown': '10.0', 'manacost': '90 / 95 / 100 / 105 / 110 / 115', 'description': 'WindblowCC\xa0AOE | Spell Vamp Ratio: 50%Vale sends a whirlwind in the target direction, dealing 300–400 (+80% Total Magic Power) Magic Damage to enemies hit and knocking them airborne for 1 second (each enemy can only be knocked airborne 1 time). When the whirlwind reaches its destination, t will remain for 1.6 seconds while continuously dealing a total of 200–400 (+80% Total Magic Power) Magic Damage to enemies in range.Skill terms\nAirbone\n\nMovement Speed\nMovement Speed on the battlefield. Usuall'}, {'skill_name': 'Windstorm', 'skill_icon': 'hero-skills-images/vale/ultimate.png', 'type': 'active', 'cooldown': '40.0', 'manacost': '150 / 200 / 250', 'description': 'WindstormCC\xa0AOE | Spell Vamp Ratio: 50%Vale summons a windstorm at the target location, dealing a total of [150–300 (+30% Total Magic Power)] Magic Damage to enemies in the area and slowing them by 20% while continuously pulling them into its center. After 1.6 seconds, the windstorm will explode, dealing 1000–1400 (+200% Total Magic Power) Magic Damage.The remaining whirlwinds will also be pulled into the center.Skill terms\nMagic Damage Skill\nDeal Magic DMG to enemies. Triggers Spell Vamp.\nPull'}]","['Burst', 'Crowd Control']","[{'heroid': 104, 'heroname': 'Gloo'}, {'heroid': 4, 'heroname': 'Alice'}, {'heroid': 98, 'heroname': 'Khaleed'}, {'heroid': 84, 'heroname': 'Ling'}, {'heroid': 110, 'heroname': 'Valentina'}, {'heroid': 37, 'heroname': 'Lapu-Lapu'}, {'heroid': 82, 'heroname': 'Terizla'}, {'heroid': 35, 'heroname': 'Hilda'}, {'heroid': 24, 'heroname': 'Natalia'}, {'heroid': 47, 'heroname': 'Lancelot'}]","[{'heroid': 42, 'heroname': 'Harley'}, {'heroid': 108, 'heroname': 'Aulus'}, {'heroid': 35, 'heroname': 'Hilda'}, {'heroid': 64, 'heroname': 'Aldous'}, {'heroid': 39, 'heroname': 'Roger'}, {'heroid': 26, 'heroname': 'Chou'}, {'heroid': 4, 'heroname': 'Alice'}, {'heroid': 54, 'heroname': 'Jawhead'}, {'heroid': 62, 'heroname': 'Kaja'}, {'heroid': 124, 'heroname': 'Chip'}]"
66,h067,Leomord,https://akmweb.youngjoygame.com/web/svnres/img/mlbb/homepage/100_554cdf13a7587fe08c5deed60132c61c.png,['jungle'],Fighter,"[{'skill_name': 'The Oath Keeper', 'skill_icon': 'hero-skills-images/leomord/passive.png', 'type': 'passive', 'cooldown': 'null', 'manacost': 'null', 'description': ""The Oath KeeperBuffLeomord's Basic Attacks are guaranteed to critically strike against enemies below 50% Max HP, dealing 200% damage.Leomord converts every 1% Crit Chance gained into 2 Physical Attack.Skill terms\nCrit Damage\nThe ratio of Crit Damage to Base Damage. The default is 200%. Crit Damage Dealt = Original Damage × (200% + All Crit Damage Increase% - All Crit Damage Decrease%).""}, {'skill_name': 'Skill 1', 'skill_icon': 'hero-skills-images/leomord/skill_1.png', 'type': 'active', 'cooldown': 'null', 'manacost': 'null', 'description': 'DefaultMounted State'}, {'skill_name': 'Skill 2', 'skill_icon': 'hero-skills-images/leomord/skill_2.png', 'type': 'active', 'cooldown': 'null', 'manacost': 'null', 'description': 'DefaultMounted State'}, {'skill_name': 'Ultimate', 'skill_icon': 'hero-skills-images/leomord/ultimate.png', 'type': 'active', 'cooldown': '55.0', 'manacost': 'null', 'description': 'Phantom SteedSummon\xa0MorphLeomord summons Barbiel to rush to him, dealing 350–550 (+100% Total Physical Attack) Physical Damage to enemies on the path.If Barbiel comes in contact with Leomord, they will enter the Mounted State, gaining 30% Movement Speed that decays over 2 seconds.Mounted State: Leomord gains a brand-new set of skills, and his Basic Attack can be used while moving and hits a circular area. Leomord also gains extra 60 Movement Speed and 30–90 Physical & Magic Defense.Skill terms\nD'}]","['Chase', 'Burst']","[{'heroid': 69, 'heroname': 'Hanzo'}, {'heroid': 57, 'heroname': 'Valir'}, {'heroid': 78, 'heroname': 'Khufra'}, {'heroid': 49, 'heroname': 'Hylos'}, {'heroid': 9, 'heroname': 'Akai'}, {'heroid': 119, 'heroname': 'Novaria'}, {'heroid': 72, 'heroname': 'Thamuz'}, {'heroid': 2, 'heroname': 'Balmond'}, {'heroid': 101, 'heroname': 'Yve'}, {'heroid': 114, 'heroname': 'Melissa'}]","[{'heroid': 55, 'heroname': 'Angela'}, {'heroid': 112, 'heroname': 'Floryn'}, {'heroid': 16, 'heroname': 'Zilong'}, {'heroid': 15, 'heroname': 'Eudora'}, {'heroid': 73, 'heroname': 'Harith'}, {'heroid': 34, 'heroname': 'Estes'}, {'heroid': 14, 'heroname': 'Rafaela'}, {'heroid': 62, 'heroname': 'Kaja'}, {'heroid': 124, 'heroname': 'Chip'}, {'heroid': 127, 'heroname': 'Lukas'}]"
67,h068,Lunox,https://akmweb.youngjoygame.com/web/svnres/img/mlbb/homepage/100_e162688afdcaf3f6498af30badfe31c5.png,['mid lane'],Mage,"[{'skill_name': 'Dreamland Twist', 'skill_icon': 'hero-skills-images/lunox/passive.png', 'type': 'passive', 'cooldown': 'null', 'manacost': 'null', 'description': ""Dreamland TwistBuffLunox is twisted by the powers of Chaos and Order.When Lunox uses Power of Order, she gains 0.5% Spell Vamp for every 1% Magic Penetration.When Lunox uses Power of Chaos, she gains 0.5% Magic Penetration for every 1% of Spell Vamp.Skill terms\nSpell Vamp\nPercentage of HP recovered from dealing Skill Damage to an enemy. HP recovered = Skill Damage × Spell Vamp × Spell Vamp Ratio. Usually the Spell Vamp Ratio is 30%–120%, depending on the skill's damage, range and duration.\nMagic""}, {'skill_name': 'Starlight Pulse', 'skill_icon': 'hero-skills-images/lunox/skill_1.png', 'type': 'active', 'cooldown': '2.0', 'manacost': '75 / 80 / 85 / 90 / 95 / 100', 'description': 'Starlight PulseAOE\xa0Heal | Spell Vamp Ratio: 50%Lunox summons a rain of starlight upon nearby enemies, dealing 200–350 (+110% Total Magic Power) Magic Damage. The starlight then returns to Lunox, each restoring and recovering 75–100 (+30% Total Magic Power) HP. The HP restored is doubled when hitting enemy heroes.Grants one stack of Power of Order after use.Skill terms\nMagic Damage Skill\nDeal Magic DMG to enemies. Triggers Spell Vamp.\nHealing Effect\nThe actual ratio of self HP Regen caused to shi'}, {'skill_name': 'Chaos Assault', 'skill_icon': 'hero-skills-images/lunox/skill_2.png', 'type': 'active', 'cooldown': '2.0', 'manacost': '30 / 35 / 40 / 45 / 50 / 55', 'description': ""Chaos AssaultDamageLunox unleashes Chaos Energy at an enemy, dealing Magic Damage equal to 250–350 (+120% Total Magic Power) (+target's 2.5%–5% Total HP) (1.5%–3% of Max HP against Creeps).Grants one stack of Power of Chaos after use.Skill terms\nMagic Damage Skill\nDeal Magic DMG to enemies. Triggers Spell Vamp.\nMax HP\nThe maximum HP currently can have.\n\nIcon\xa0variants\n\n\nLevel scaling\n\n\nProperties\n\n1\n\n2\n\n3\n\n4\n\n5\n\n6\n\n\nCooldown\n\n2.0\n\n\nMana Cost\n\n30\n\n35\n\n40\n\n45\n\n50\n\n55\n\n\nBase Damage\n\n250\n\n270\n\n290\n\n3""}, {'skill_name': 'Ultimate', 'skill_icon': 'hero-skills-images/lunox/ultimate.png', 'type': 'active', 'cooldown': 'null', 'manacost': 'null', 'description': 'DefaultPower of OrderPower of Chaos Order & ChaosInvincible\xa0MobilityLunox is twisted by the powers of Chaos and Order.When Lunox uses Power of Order, she gains'}]","['Burst', 'Damage']","[{'heroid': 3, 'heroname': 'Saber'}, {'heroid': 45, 'heroname': 'Argus'}, {'heroid': 117, 'heroname': 'Fredrinn'}, {'heroid': 80, 'heroname': 'Guinevere'}, {'heroid': 29, 'heroname': 'Ruby'}, {'heroid': 99, 'heroname': 'Barats'}, {'heroid': 50, 'heroname': 'Zhask'}, {'heroid': 13, 'heroname': 'Clint'}, {'heroid': 15, 'heroname': 'Eudora'}, {'heroid': 62, 'heroname': 'Kaja'}]","[{'heroid': 124, 'heroname': 'Chip'}, {'heroid': 121, 'heroname': 'Ixia'}, {'heroid': 17, 'heroname': 'Fanny'}, {'heroid': 79, 'heroname': 'Granger'}, {'heroid': 32, 'heroname': 'Johnson'}, {'heroid': 112, 'heroname': 'Floryn'}, {'heroid': 42, 'heroname': 'Harley'}, {'heroid': 99, 'heroname': 'Barats'}, {'heroid': 37, 'heroname': 'Lapu-Lapu'}, {'heroid': 14, 'heroname': 'Rafaela'}]"
68,h069,Hanzo,https://akmweb.youngjoygame.com/web/svnres/img/mlbb/homepage_1_9_47/100_d2d28d2fcb060726fa27553920ca1a33.png,['jungle'],Assassin,"[{'skill_name': 'Ame No HabakiriBuff', 'skill_icon': 'hero-skills-images/hanzo/passive.png', 'type': 'passive', 'cooldown': 'null', 'manacost': 'null', 'description': ""Ame No HabakiriBuffDamage dealt by Hanzo's \xa0Basic Attacks and skills inflicts a stack of Dark Ninjutsu on the target, up to 5 stacks.  Ninjutsu: Demon Feast can only be cast on targets with full stacks of Dark Ninjutsu.""}, {'skill_name': 'Skill 1', 'skill_icon': 'hero-skills-images/hanzo/skill_1.png', 'type': 'active', 'cooldown': 'null', 'manacost': 'null', 'description': 'HanzoHanekage'}, {'skill_name': 'Skill 2', 'skill_icon': 'hero-skills-images/hanzo/skill_2.png', 'type': 'active', 'cooldown': 'null', 'manacost': 'null', 'description': 'HanzoHanekage'}, {'skill_name': 'Ultimate', 'skill_icon': 'hero-skills-images/hanzo/ultimate.png', 'type': 'active', 'cooldown': 'null', 'manacost': 'null', 'description': 'HanzoHanekage'}]","['Poke', 'Burst']","[{'heroid': 24, 'heroname': 'Natalia'}, {'heroid': 84, 'heroname': 'Ling'}, {'heroid': 27, 'heroname': 'Sun'}, {'heroid': 64, 'heroname': 'Aldous'}, {'heroid': 51, 'heroname': 'Helcurt'}, {'heroid': 109, 'heroname': 'Aamon'}, {'heroid': 16, 'heroname': 'Zilong'}, {'heroid': 89, 'heroname': 'Wanwan'}, {'heroid': 113, 'heroname': 'Yin'}, {'heroid': 31, 'heroname': 'Moskov'}]","[{'heroid': 35, 'heroname': 'Hilda'}, {'heroid': 98, 'heroname': 'Khaleed'}, {'heroid': 104, 'heroname': 'Gloo'}, {'heroid': 111, 'heroname': 'Edith'}, {'heroid': 64, 'heroname': 'Aldous'}, {'heroid': 125, 'heroname': 'Zhuxin'}, {'heroid': 107, 'heroname': 'Natan'}, {'heroid': 110, 'heroname': 'Valentina'}, {'heroid': 33, 'heroname': 'Cyclops'}, {'heroid': 14, 'heroname': 'Rafaela'}]"
69,h070,Belerick,https://akmweb.youngjoygame.com/web/svnres/img/mlbb/homepage/100_5f2a9eca0bafd4ed8dc39a93c771b3af.png,['roam'],Tank,"[{'skill_name': 'Deadly Thorns', 'skill_icon': 'hero-skills-images/belerick/passive.png', 'type': 'passive', 'cooldown': 'null', 'manacost': 'null', 'description': 'Deadly ThornsBuffFor every 50 damage inflicted upon Belerick, he has a 25% chance to shoot the nearest enemy unit, dealing Magic Damage equal to 55 (+5 × Hero Level) plus 1.8% of his Max HP (scales with level). In each 0.4 seconds, this attack can be triggered once only. His HP obtained from Equipment and Emblems is increased by 30%.Skill terms\nMax HP\nThe maximum HP currently can have.\nNotes\nThis skill gets spell vamp without being reduced, unlike magic lifesteal.'}, {'skill_name': 'Ancient Seed', 'skill_icon': 'hero-skills-images/belerick/skill_1.png', 'type': 'active', 'cooldown': '8.0', 'manacost': '60 / 66 / 72 / 78 / 84 / 90', 'description': 'Ancient SeedCC\xa0AOEBelerick releases vines in a designated direction, dealing 200 (+50% Total Magic Power) Magic Damage to enemies on the path and slow them down by 25%. Meanwhile, he leaves Ancient Seed on the path, and after 1 second, these seeds will deal 200 (+50% Total Magic Power) Magic Damage to enemies on the path and taunt them for 1.2 seconds. To minions, 80% extra damage will be dealt.Skill terms\nTaunted\n\nMagic Skill\nDeal Magic DMG to enemies. Triggers Spell Vamp.\nMovement Speed\nMoveme'}, {'skill_name': 'Skill 2', 'skill_icon': 'hero-skills-images/belerick/skill_2.png', 'type': 'active', 'cooldown': '12.0', 'manacost': '90 / 102 / 114 / 126 / 138 / 150', 'description': ""Nature's StrikeSpeed Up\xa0HealBelerick increases his Movement Speed by 80% and strengthens his next Basic Attack. (The Movement Speed gain will decay in 2 seconds.)This enhanced Basic Attack deals 300 (+60% Total Magic Power) Magic Damage and slows the target by 60% for 1.4 seconds. Belerick also regenerates HP equal to 240 plus 10% of his lost HP.""}, {'skill_name': 'Wrath of Dryad', 'skill_icon': 'hero-skills-images/belerick/ultimate.png', 'type': 'active', 'cooldown': '50.0', 'manacost': '150', 'description': 'Wrath of DryadCC\xa0AOEBelerick conjures spreading vines around him, dealing 100 (+30% Total Magic Power) Magic Damage to enemies in the area 4 times and taunting them for 1.5 seconds.Skill terms\nTaunted\n\nMagic Skill\nDeal Magic DMG to enemies. Triggers Spell Vamp.\n\nLevel scaling\n\n\nProperties\n\n1\n\n2\n\n3\n\n\nCooldown\n\n50.0\n\n46.0\n\n42.0\n\n\nMana Cost\n\n150\n\n\nBase Damage\n\n100\n\n150\n\n200\nNotes\nIf Belerick dies, taunted enemies still move towards Belerick, but do not attack.\nWhen Belerick uses \xa0Winter Crown, the'}]","['Crowd Control', 'Regen']","[{'heroid': 53, 'heroname': 'Lesley'}, {'heroid': 83, 'heroname': 'X.Borg'}, {'heroid': 115, 'heroname': 'Xavier'}, {'heroid': 24, 'heroname': 'Natalia'}, {'heroid': 123, 'heroname': 'Cici'}, {'heroid': 34, 'heroname': 'Estes'}, {'heroid': 13, 'heroname': 'Clint'}, {'heroid': 100, 'heroname': 'Brody'}, {'heroid': 48, 'heroname': 'Diggie'}, {'heroid': 101, 'heroname': 'Yve'}]","[{'heroid': 24, 'heroname': 'Natalia'}, {'heroid': 16, 'heroname': 'Zilong'}, {'heroid': 64, 'heroname': 'Aldous'}, {'heroid': 3, 'heroname': 'Saber'}, {'heroid': 27, 'heroname': 'Sun'}, {'heroid': 88, 'heroname': 'Masha'}, {'heroid': 26, 'heroname': 'Chou'}, {'heroid': 90, 'heroname': 'Silvanna'}, {'heroid': 120, 'heroname': 'Arlott'}, {'heroid': 103, 'heroname': 'Paquito'}]"
70,h071,Kimmy,https://akmweb.youngjoygame.com/web/svnres/img/mlbb/homepage_1_9_642/100_61295dfefd369004e5e4a7f4fc86647b.png,"['gold lane, mid lane']","Marksman, Mage","[{'skill_name': 'Aerial Dominance', 'skill_icon': 'hero-skills-images/kimmy/passive.png', 'type': 'passive', 'cooldown': 'null', 'manacost': 'null', 'description': ""Aerial DominanceDamageKimmy can move and aim in different directions when using her Spray Gun, but cannot lock on to a specific enemy. Kimmy's Spray Gun attack deals (+22%% Total Physical Attack) (+27%% Total Magic Power) Magic Damage. Hitting enemy heroes/non-hero units restores 6/3 Starlium. At max Starlium, Kimmy's Basic Attacks are enhanced to deal (+27%% Total Physical Attack) (+32%% Total Magic Power) damage and pierce through targets.Kimmy doesn't stop moving while shooting and no longer ""}, {'skill_name': 'Skill 1', 'skill_icon': 'hero-skills-images/kimmy/skill_1.png', 'type': 'active', 'cooldown': '14.0', 'manacost': 'null', 'description': 'Icon\xa0variants'}, {'skill_name': 'Starlium Beam', 'skill_icon': 'hero-skills-images/kimmy/skill_2.png', 'type': 'active', 'cooldown': '10.0', 'manacost': 'null', 'description': 'Starlium BeamCC\xa0Damage | Spell Vamp Ratio: 50%Kimmy fires a Starlium Beam in the target direction that immobilizes enemies in its path and deals 300 (+50%% Total Physical Attack) (+60%% Total Magic Power) Magic Damage for 2 seconds.Gain 20 Starlium for each enemy hero hit.Skill terms\nImmobilize\nLow level Crowd Control: Prevents a target from moving or using Blink/Charge skills. Cannot interrupt skills.\n\nIcon\xa0variants\n\n\nLevel scaling\n\n\nProperties\n\n1\n\n2\n\n3\n\n4\n\n5\n\n6\n\n\nCooldown\n\n10.0\n\n9.6\n\n9.2\n\n8.8'}, {'skill_name': 'Traction Pulse', 'skill_icon': 'hero-skills-images/kimmy/ultimate.png', 'type': 'active', 'cooldown': '40.0', 'manacost': 'null', 'description': 'Traction PulseAOE\xa0CC | Spell Vamp Ratio: 50%Kimmy charges and fires a Traction Pulse in a target direction. Upon hitting an enemy or reaching its max range, it explodes to deal 200 (+60%% Total Physical Attack) (+72%% Total Magic Power) Magic Damage to nearby enemies and creates a force field that slows enemies within by 75%.After 1 second, the field contracts, pulling all enemy heroes to its center and dealing 15% of their current HP as Magic Damage. Gain 40 Starlium for each enemy hero hit.Ski'}]","['Damage', 'Magic Damage']","[{'heroid': 20, 'heroname': 'Lolita'}, {'heroid': 8, 'heroname': 'Karina'}, {'heroid': 24, 'heroname': 'Natalia'}, {'heroid': 46, 'heroname': 'Odette'}, {'heroid': 70, 'heroname': 'Belerick'}, {'heroid': 42, 'heroname': 'Harley'}, {'heroid': 124, 'heroname': 'Chip'}, {'heroid': 15, 'heroname': 'Eudora'}, {'heroid': 120, 'heroname': 'Arlott'}, {'heroid': 48, 'heroname': 'Diggie'}]","[{'heroid': 34, 'heroname': 'Estes'}, {'heroid': 17, 'heroname': 'Fanny'}, {'heroid': 21, 'heroname': 'Hayabusa'}, {'heroid': 79, 'heroname': 'Granger'}, {'heroid': 53, 'heroname': 'Lesley'}, {'heroid': 121, 'heroname': 'Ixia'}, {'heroid': 100, 'heroname': 'Brody'}, {'heroid': 113, 'heroname': 'Yin'}, {'heroid': 48, 'heroname': 'Diggie'}, {'heroid': 117, 'heroname': 'Fredrinn'}]"
71,h072,Thamuz,https://akmweb.youngjoygame.com/web/svnres/img/mlbb/homepage_2_1_18/100_b5ad55e408b68acf6a86e7ff76f5f569.png,['exp lane'],Fighter,"[{'skill_name': 'Grand Lord Lava', 'skill_icon': 'hero-skills-images/thamuz/passive.png', 'type': 'passive', 'cooldown': 'null', 'manacost': 'null', 'description': ""Grand Lord LavaDebuffThamuz's \xa0Basic Attacks have a 10%-60% chance (based on Lava's Rage) to conjure Lava Energy beneath the target that erupts after a brief delay, dealing 55 (+8 × Hero Level) (+60% Total Physical Attack) True Damage. Basic Attacks that don't trigger Lava Energy will increase Thamuz's Lava Rage. When without Scythes, Thamuz gains 25% Movement Speed. After retrieving his Scythes, his next Basic Attack slows the target by 30% and is guaranteed to trigger Lava EnergySkill terms\nPh""}, {'skill_name': 'Molten Scythes', 'skill_icon': 'hero-skills-images/thamuz/skill_1.png', 'type': 'active', 'cooldown': '3.0', 'manacost': 'null', 'description': 'Molten ScythesAOE\xa0SlowThamuz tosses Scythes in the target direction. After travelling for a certain distance or hitting the first enemy hero, they deal 120–270 (+60% Total Physical Attack) Physical Damage. The Scythes will then slow nearby enemies by 30% and deal 45–80 (+20% Extra Physical Attack) Physical Damage every 0.5 seconds.  After leaving Thamuz for [˜5 seconds] or a certain distance, the Scythes will return to Thamuz and drag enemies in their path to him. Thamuz can approach the Scythes'}, {'skill_name': 'Chasm Trample', 'skill_icon': 'hero-skills-images/thamuz/skill_2.png', 'type': 'active', 'cooldown': '8.0', 'manacost': 'null', 'description': 'Chasm TrampleMobility\xa0BuffThamuz jumps to a designated area to deal 230–355 (+60% Extra Physical Attack) Physical Damage and slow the enemy units by 25% for 2 seconds upon landing.  If the scythes are still travelling, they will return to Thamuz and  Molten Scythes will reset its CD instantly.Skill terms\nPhysical Damage Skill\nDeal Physical DMG to enemies. Triggers Spell Vamp.\nMovement Speed\nMovement Speed on the battlefield. Usually Calculated and Actual Movement Speed is equal. But when Movemen'}, {'skill_name': 'Cauterant Inferno', 'skill_icon': 'hero-skills-images/thamuz/ultimate.png', 'type': 'active', 'cooldown': '38.0', 'manacost': 'null', 'description': 'Cauterant InfernoAOE\xa0BuffThamuz spouts the lava stored in his body, dealing 300–480 (+80% Total Physical Attack) Physical Damage to nearby enemies and creating a Cauterant Inferno around him. The Cauterant Inferno lasts 9 seconds and deals 30–60 (+10% Extra Physical Attack) Physical Damage every 0.5 seconds to enemies in the area.  Meanwhile, Thamuz gains 600 (+30–50% Extra HP) extra Max HP, heals himself by the same amount, and increases his Attack Speed by 60%-100%. He also recovers 1.5%-2.5%'}]","['Chase', 'Damage']","[{'heroid': 123, 'heroname': 'Cici'}, {'heroid': 57, 'heroname': 'Valir'}, {'heroid': 83, 'heroname': 'X.Borg'}, {'heroid': 89, 'heroname': 'Wanwan'}, {'heroid': 14, 'heroname': 'Rafaela'}, {'heroid': 97, 'heroname': 'Benedetta'}, {'heroid': 87, 'heroname': 'Baxia'}, {'heroid': 23, 'heroname': 'Gord'}]","[{'heroid': 56, 'heroname': 'Gusion'}, {'heroid': 42, 'heroname': 'Harley'}, {'heroid': 69, 'heroname': 'Hanzo'}, {'heroid': 63, 'heroname': 'Selena'}, {'heroid': 24, 'heroname': 'Natalia'}, {'heroid': 93, 'heroname': 'Atlas'}, {'heroid': 8, 'heroname': 'Karina'}, {'heroid': 84, 'heroname': 'Ling'}, {'heroid': 122, 'heroname': 'Nolan'}]"
72,h073,Harith,https://akmweb.youngjoygame.com/web/svnres/img/mlbb/homepage/100_d228a823b477fdf6c458c829c2e62bcf.png,"['gold lane, mid lane']",Mage,"[{'skill_name': 'Key Insight', 'skill_icon': 'hero-skills-images/harith/passive.png', 'type': 'passive', 'cooldown': 'null', 'manacost': 'null', 'description': ""Key InsightBuffHarith gains insight from his Key. He gains 7% Hybrid Lifesteal for each nearby enemy hero, stacking up to 35%.Skill terms\nHybrid Lifesteal\nLifesteal (Basic Attacks) + Spell Vamp (Skills).\nSpell Vamp\nPercentage of HP recovered from dealing Skill Damage to an enemy. HP recovered = Skill Damage × Spell Vamp × Spell Vamp Ratio. Usually the Spell Vamp Ratio is 30%–120%, depending on the skill's damage, range and duration.\nLifesteal\nPercentage of HP recovered from dealing Basic Attack""}, {'skill_name': 'Synchro Fission', 'skill_icon': 'hero-skills-images/harith/skill_1.png', 'type': 'active', 'cooldown': '5.0', 'manacost': '50 / 55 / 60 / 65 / 70 / 75', 'description': 'Synchro FissionAOEHarith creates a phantom of himself in a distant location. Harith and his phantom will then release  Synchro Fission toward each other, dealing 236–376 (+84% Total Magic Power) Magic Damage to all enemy units on the path. When the 2 energy waves collide, an explosion occurs, dealing 590–940 (+210% Total Magic Power) Magic Damage to all enmies in the explosion area.Skill terms\nMagic Damage Skill\nDeal Magic DMG to enemies. Triggers Spell Vamp.\n\nIcon\xa0variants\n\n\nLevel scaling\n\n\nPro'}, {'skill_name': 'Chrono Dash', 'skill_icon': 'hero-skills-images/harith/skill_2.png', 'type': 'active', 'cooldown': '9.3', 'manacost': '40 / 43 / 46 / 49 / 52 / 55', 'description': ""Chrono DashMobility\xa0BuffHarith dashes towards the target direction. When he arrives, he steals Magic power from enemy heroes, generates a shield that absorbs at least 185–310 (+140% Total Magic Power) damage and enhances his next \xa0Basic Attack. Harith's enhanced \xa0Basic Attack deals 225–350 (+100% Total Physical Attack) (+100% Total Magic Power) Magic Damage and slows enemies by 40%. Hitting an enemy with Harith's enhanced Basic \xa0Basic Attack reduces the cooldown of  Chrono Dash by 3 seconds.Skil""}, {'skill_name': 'Zaman Force', 'skill_icon': 'hero-skills-images/harith/ultimate.png', 'type': 'active', 'cooldown': '40.0', 'manacost': '120 / 160 / 200', 'description': 'Zaman ForceBuff\xa0SlowThey say geniuses recognize one another!, a quote from  Harley.Harith uses his Key to summon the  Zaman Force. When the multidimensional rift appears, the cooldown of  Chrono Dash is  reduced by 4 seconds. The rift initially slows enemy heroes in the area by 70% and will continuously slows enemy heroes by 35% afterwards.  If Harith comes into contact with the rift using  Chrono Dash, he will absorb the energy within and reduce the cooldown of  Synchro Fission by 1 seconds and'}]","['Chase', 'Damage']","[{'heroid': 106, 'heroname': 'Phoveus'}, {'heroid': 94, 'heroname': 'Popol and Kupa'}, {'heroid': 111, 'heroname': 'Edith'}, {'heroid': 7, 'heroname': 'Alucard'}, {'heroid': 33, 'heroname': 'Cyclops'}, {'heroid': 74, 'heroname': 'Minsitthar'}, {'heroid': 22, 'heroname': 'Freya'}, {'heroid': 40, 'heroname': 'Karrie'}, {'heroid': 62, 'heroname': 'Kaja'}, {'heroid': 76, 'heroname': 'Faramis'}]","[{'heroid': 124, 'heroname': 'Chip'}, {'heroid': 110, 'heroname': 'Valentina'}, {'heroid': 94, 'heroname': 'Popol and Kupa'}, {'heroid': 21, 'heroname': 'Hayabusa'}, {'heroid': 101, 'heroname': 'Yve'}, {'heroid': 39, 'heroname': 'Roger'}, {'heroid': 30, 'heroname': 'Yi Sun-shin'}, {'heroid': 67, 'heroname': 'Leomord'}, {'heroid': 23, 'heroname': 'Gord'}, {'heroid': 115, 'heroname': 'Xavier'}]"
73,h074,Minsitthar,https://akmweb.youngjoygame.com/web/svnres/img/mlbb/homepage/100_c5d24a1dad6cef21de2698a4ed1d80ce.png,"['exp lane, roam']",Fighter,"[{'skill_name': 'Mark of the King', 'skill_icon': 'hero-skills-images/minsitthar/passive.png', 'type': 'passive', 'cooldown': 'null', 'manacost': 'null', 'description': ""Mark of the KingCC\xa0DamageMinsitthar's Basic Attacks and skills apply a stack of Mark of the King, up to 5 stacks. Upon reaching max stacks, the next attack detonates all Mark of the King stacks, dealing 300 (+6% Total HP) Physical Damage and stunning the target for 0.8 seconds while healing Minsitthar for 300 (+6% Total HP) HP. Can only trigger once every 6 seconds on the same target.Skill terms\nExtra Physical Attack\nTotal Physical Attack bonuses from sources like equipment, Emblems, and skills""}, {'skill_name': 'Spear of Glory', 'skill_icon': 'hero-skills-images/minsitthar/skill_1.png', 'type': 'active', 'cooldown': '13.0', 'manacost': '95 / 105 / 115 / 125 / 135 / 145', 'description': 'Spear of GloryCC\xa0DamageMinsitthar thrusts forward with the Spear of Glory, dealing 175–300 (+180% Extra Physical Attack) Physical Damage and slowing enemies hit by 30%. Enemy heroes hit by the tip of the spear will be stunned for 0.6 seconds. After a short delay, Minsitthar pulls back the spear, dealing 175–300 (+180% Extra Physical Attack) Physical Damage to all enemies along the way and dragging enemy heroes hit to him.Skill terms\nExtra Physical Attack\nTotal Physical Attack bonuses from source'}, {'skill_name': 'Shield AssaultReduce DMG', 'skill_icon': 'hero-skills-images/minsitthar/skill_2.png', 'type': 'active', 'cooldown': '7.0', 'manacost': '50 / 55 / 60 / 65 / 70 / 75', 'description': 'Shield AssaultReduce DMG\xa0BuffMinsitthar awakens the power in his shield and releases it, dealing 300–450 (+160% Extra Physical Attack) Physical Damage to all enemies in a rectangular area and slowing them by 80% (decaying rapidly over 2 seconds). Meanwhile, he enters Phalanx state for 3 seconds, reducing damage taken from the front by 25%–50% and enhancing his Basic Attack to swiftly strike an area in front of him.Skill terms\nExtra Physical Attack\nTotal Physical Attack bonuses from sources like'}, {'skill_name': 'Low level', 'skill_icon': 'hero-skills-images/minsitthar/ultimate.png', 'type': 'active', 'cooldown': '60.0', 'manacost': '150 / 200 / 250', 'description': ""King's CallingSummon\xa0CCWhere will I be?Minsitthar charges forward and calls 4 Royal Guards to form a field around him. The Royal Guards cannot move but will attack enemies in the field for (+40% Total Physical Attack) Physical Damage.Enemies in the field are slowed by 20% and cannot use movement skills.Skill terms\nRoot\nLow level Crowd Control: Prevents a target from using Blink/Charge skills (excluding targeted Enhanced Basic Attacks with such effects). Cannot interrupt skills.\nPhysical Damage S""}]","['Initiator', 'Crowd Control']","[{'heroid': 24, 'heroname': 'Natalia'}, {'heroid': 70, 'heroname': 'Belerick'}, {'heroid': 130, 'heroname': 'Obsidia'}, {'heroid': 8, 'heroname': 'Karina'}, {'heroid': 43, 'heroname': 'Irithel'}, {'heroid': 45, 'heroname': 'Argus'}, {'heroid': 87, 'heroname': 'Baxia'}, {'heroid': 76, 'heroname': 'Faramis'}, {'heroid': 84, 'heroname': 'Ling'}, {'heroid': 83, 'heroname': 'X.Borg'}]","[{'heroid': 34, 'heroname': 'Estes'}, {'heroid': 20, 'heroname': 'Lolita'}, {'heroid': 49, 'heroname': 'Hylos'}, {'heroid': 2, 'heroname': 'Balmond'}, {'heroid': 124, 'heroname': 'Chip'}, {'heroid': 19, 'heroname': 'Minotaur'}, {'heroid': 14, 'heroname': 'Rafaela'}, {'heroid': 76, 'heroname': 'Faramis'}, {'heroid': 99, 'heroname': 'Barats'}, {'heroid': 93, 'heroname': 'Atlas'}]"
74,h075,Kadita,https://akmweb.youngjoygame.com/web/svnres/img/mlbb/homepage/100_42b40ae7741d2eb81148c8f1e1ff614c.png,['mid lane'],"Mage, Assassin","[{'skill_name': 'Thalassophobia', 'skill_icon': 'hero-skills-images/kadita/passive.png', 'type': 'passive', 'cooldown': 'null', 'manacost': 'null', 'description': 'ThalassophobiaHealKadita gains the Blessing of the Ocean every 30 seconds. The Blessing is triggered when she takes damage from enemy heroes and lasts 4 seconds, allowing her to recover 65% of the HP Lost within the duration afterward.'}, {'skill_name': 'Ocean Ode', 'skill_icon': 'hero-skills-images/kadita/skill_1.png', 'type': 'active', 'cooldown': '9.0', 'manacost': '80 / 90 / 100 / 110 / 120 / 130', 'description': ""Ocean OdeMobility\xa0AOE | Spell Vamp Ratio: 50%Kadita summons an ocean wave to carry herself in the target direction and back, dealing 250–450 (+90% Total Magic Power) Magic Damage to enemies hit and slowing them by 30%. While inside the wave, she gains Control Immunity and 50% Damage Reduction. This skill can pass through obstacles and terrain.Use Again: Kadita exits the wave without interrupting the wave's movement.Skill terms\nBlink\nMovement ability that can pass through obstacles.\nControl Immun""}, {'skill_name': 'Breath of the Ocean', 'skill_icon': 'hero-skills-images/kadita/skill_2.png', 'type': 'active', 'cooldown': '8.0', 'manacost': '90 / 100 / 110 / 120 / 130 / 140', 'description': 'Breath of the OceanAOE\xa0CC | Spell Vamp Ratio: 50%After a short delay, Kadita summons an ocean wave to erupt at the target location, dealing 350–550 (+140% Total Magic Power) Magic Damage to enemies hit and knocking them airborne for 1.5 seconds.Kadita can cast this skill during  Ocean Ode to summon an ocean wave beneath her with a shorter eruption delay.Skill terms\nAirborne\nHigh level Crowd Control: Prevents a target from moving, and using Basic Attacks and skills. Can interrupt a large number o'}, {'skill_name': 'Rough Waves', 'skill_icon': 'hero-skills-images/kadita/ultimate.png', 'type': 'active', 'cooldown': '40.0', 'manacost': '200 / 240 / 280', 'description': 'Rough WavesBurst\xa0Invincible | Spell Vamp Ratio: 50%Kadita dives into the ground and sends ocean waves in all directions, each dealing 270–330 (+60% Total Magic Power) Magic Damage to enemies hit and slowing them by 30%. Enemies hit by multiple waves take increased damage. After a short period, the waves return to Kadita, each dealing 180–220 (+40% Total Magic Power) Magic Damage to enemies hit.'}]","['Burst', 'Charge']","[{'heroid': 110, 'heroname': 'Valentina'}, {'heroid': 89, 'heroname': 'Wanwan'}, {'heroid': 62, 'heroname': 'Kaja'}, {'heroid': 4, 'heroname': 'Alice'}, {'heroid': 2, 'heroname': 'Balmond'}, {'heroid': 33, 'heroname': 'Cyclops'}, {'heroid': 76, 'heroname': 'Faramis'}, {'heroid': 130, 'heroname': 'Obsidia'}, {'heroid': 43, 'heroname': 'Irithel'}]","[{'heroid': 55, 'heroname': 'Angela'}, {'heroid': 108, 'heroname': 'Aulus'}, {'heroid': 112, 'heroname': 'Floryn'}, {'heroid': 124, 'heroname': 'Chip'}, {'heroid': 102, 'heroname': 'Mathilda'}, {'heroid': 107, 'heroname': 'Natan'}, {'heroid': 42, 'heroname': 'Harley'}, {'heroid': 14, 'heroname': 'Rafaela'}, {'heroid': 24, 'heroname': 'Natalia'}]"
75,h076,Faramis,https://akmweb.youngjoygame.com/web/svnres/img/mlbb/homepage/100_04e575d648d7f7ac1174f4369595c3a2.png,['mid lane'],"Support, Mage","[{'skill_name': 'Vicious Retrieval', 'skill_icon': 'hero-skills-images/faramis/passive.png', 'type': 'passive', 'cooldown': 'null', 'manacost': 'null', 'description': ""Vicious RetrievalBuffEvery 4 seconds, Faramis's next skill against enemy heroes and summoned objects generates a soul fragment on the spot. Faramis can absorb the soul fragment to restore 100 (+50% Total Magic Power) HP and gain 2 extra Magic Power (up to 40 stacks). Upon death, he consumes the absorbed soul fragments to reduce the respawn timer, each reducing the timer by 3% (up to 90%). Enemies that die around Faramis also have a chance[how much?] to drop soul fragments. Ultimate level scaling""}, {'skill_name': 'Shadow Stampede', 'skill_icon': 'hero-skills-images/faramis/skill_1.png', 'type': 'active', 'cooldown': '15.0', 'manacost': '70 / 80 / 90 / 100 / 110 / 120', 'description': 'Shadow StampedeBuff\xa0CCFaramis enters the Shadow state for 3 seconds, gaining 70% extra Movement Speed, 25 extra Physical and Magic Defense, 20% cooldown reduction of this skill, and the ability to move through terrain. Enemy heroes that come into contact with Faramis in this state are dealt 250–400 (+60% Total Magic Power) Magic Damage and applied with a Nether Mark. Upon leaving the Shadow state, Faramis drags all the marked enemy heroes toward him, dealing 250–400 (+60% Total Magic Power) Magi'}, {'skill_name': 'Ghost Bursters', 'skill_icon': 'hero-skills-images/faramis/skill_2.png', 'type': 'active', 'cooldown': '6.0', 'manacost': '75 / 85 / 95 / 105 / 115 / 125', 'description': 'Ghost BurstersAOE\xa0BurstFaramis gathers Nether energy in a fan-shaped area ahead, dealing 330–480 (+144% Total Magic Power) Magic Damage to enemies within. The energy will then split and bounce to nearby enemies, dealing 200–300 (+72% Total Magic Power) Magic Damage (splits up to 2 times on enemy hero hits and 1 time on non-enemy hero hits).Skill terms\nMagic Skill\nDeal Magic DMG to enemies. Triggers Spell Vamp.\n\nLevel scaling\n\n\nProperties\n\n1\n\n2\n\n3\n\n4\n\n5\n\n6\n\n\nCooldown\n\n6.0\n\n5.8\n\n5.6\n\n5.4\n\n5.2\n\n5.0'}, {'skill_name': 'Cult AltarDeath Immune', 'skill_icon': 'hero-skills-images/faramis/ultimate.png', 'type': 'active', 'cooldown': '80.0', 'manacost': '150 / 250 / 350', 'description': ""Cult AltarDeath Immune\xa0BuffFaramis turns his surroundings into the Nether Realm for 6s, making affected allied hero (including himself) enter the Specter state and granting them 400–800 plus 10 (+5% Total Magic Power)% extra HP and 50% extra Movement Speed for 1s. When Specter state breaks, the hero will clear all debuffs and enter a brief Resurrection state for 1s. An allied hero's Specter state ends when they leave the Nether Realm.""}]","['Guard', 'Charge']","[{'heroid': 34, 'heroname': 'Estes'}, {'heroid': 112, 'heroname': 'Floryn'}, {'heroid': 116, 'heroname': 'Julian'}, {'heroid': 46, 'heroname': 'Odette'}, {'heroid': 108, 'heroname': 'Aulus'}, {'heroid': 113, 'heroname': 'Yin'}, {'heroid': 111, 'heroname': 'Edith'}, {'heroid': 12, 'heroname': 'Bruno'}, {'heroid': 101, 'heroname': 'Yve'}, {'heroid': 110, 'heroname': 'Valentina'}]","[{'heroid': 112, 'heroname': 'Floryn'}, {'heroid': 124, 'heroname': 'Chip'}, {'heroid': 62, 'heroname': 'Kaja'}, {'heroid': 55, 'heroname': 'Angela'}, {'heroid': 41, 'heroname': 'Gatotkaca'}, {'heroid': 29, 'heroname': 'Ruby'}, {'heroid': 34, 'heroname': 'Estes'}, {'heroid': 93, 'heroname': 'Atlas'}, {'heroid': 12, 'heroname': 'Bruno'}, {'heroid': 20, 'heroname': 'Lolita'}]"
76,h077,Badang,https://akmweb.youngjoygame.com/web/svnres/img/mlbb/homepage/100_9fb1784545a48aef42241fc7a719c575.png,"['exp lane, roam']",Fighter,"[{'skill_name': 'Chivalry Fist', 'skill_icon': 'hero-skills-images/badang/passive.png', 'type': 'passive', 'cooldown': 'null', 'manacost': 'null', 'description': ""Chivalry FistCC\xa0DamageAfter every 4  Basic Attacks, Badang's next Basic Attack deals 50 (+30% Extra Physical Attack)  to enemies hit and knocks them back. Enemies that are knocked into obstacles will be stunned for 0.6s (minions and creeps are stunned directly).   Fist Wind generated by Badang's skills can also trigger this effect.Skill terms\nPhysical Basic Attack\nDeal Physical Damage to enemies. Triggers ATK Effects and Lifesteal.\nDisplacement\nTarget Displacement; Can interrupt certain skills a""}, {'skill_name': 'Fist Wind', 'skill_icon': 'hero-skills-images/badang/skill_1.png', 'type': 'active', 'cooldown': '10.4', 'manacost': 'null', 'description': 'Fist WindAOE\xa0SlowBadang unleashes a gust of  Fist Wind in the target direction, dealing 125–225 (+90% Extra Physical Attack) Physical Damage to enemies hit, slowing them by 30% for 1.5s, and knocking them back. The  Fist Wind will explode upon hitting an obstacle, dealing 100–175 (+60% Extra Physical Attack) Physical Damage to nearby enemies.  Fist Wind can trigger attack effects and grants Badang 1  Chivalry Fist stack upon cast.  Badang stores up to 2  Fist Wind charges and restores 1 charge e'}, {'skill_name': 'Fist Break', 'skill_icon': 'hero-skills-images/badang/skill_2.png', 'type': 'active', 'cooldown': '9.0', 'manacost': 'null', 'description': 'Fist BreakMobility\xa0CCBadang dashes in the target direction, dealing 230–330 Physical Damage to enemies in his path while gaining a 350–600 shield that lasts 5 seconds. He stops immediately upon hitting an enemy hero, slightly knock back while creating an obstacle that lasts 4 seconds behind them. Enemies hit by the obstacle are dealt 130–180 Physical Damage.  Use Again: Badang removes the obstacle he created.Skill terms\nPhysical Damage Skill\nDeal Physical DMG to enemies. Triggers Spell Vamp.\nDis'}, {'skill_name': 'Fist Crack', 'skill_icon': 'hero-skills-images/badang/ultimate.png', 'type': 'active', 'cooldown': '30.0', 'manacost': 'null', 'description': 'Fist CrackBurst\xa0AOEFight to protect and persist for benevolence.Badang throws a flurry of punches in the target direction, dealing 60–120 Physical Damage to enemies hit 9 times over 2.5 seconds (can trigger attack effects). The  Fist Wind generated by the punches will explode upon hitting an obstacle, dealing 30–60 Physical Damage to nearby enemies.  Badang is immune to control effects for the duration.Skill terms\nPhysical Basic Attack\nDeal Physical Damage to enemies. Triggers ATK Effects and Li'}]","['Charge', 'Burst']","[{'heroid': 81, 'heroname': 'Esmeralda'}, {'heroid': 106, 'heroname': 'Phoveus'}, {'heroid': 20, 'heroname': 'Lolita'}, {'heroid': 4, 'heroname': 'Alice'}, {'heroid': 48, 'heroname': 'Diggie'}, {'heroid': 70, 'heroname': 'Belerick'}, {'heroid': 127, 'heroname': 'Lukas'}, {'heroid': 87, 'heroname': 'Baxia'}, {'heroid': 41, 'heroname': 'Gatotkaca'}]","[{'heroid': 45, 'heroname': 'Argus'}, {'heroid': 27, 'heroname': 'Sun'}, {'heroid': 64, 'heroname': 'Aldous'}, {'heroid': 16, 'heroname': 'Zilong'}, {'heroid': 85, 'heroname': 'Dyrroth'}, {'heroid': 106, 'heroname': 'Phoveus'}, {'heroid': 83, 'heroname': 'X.Borg'}, {'heroid': 120, 'heroname': 'Arlott'}, {'heroid': 39, 'heroname': 'Roger'}, {'heroid': 69, 'heroname': 'Hanzo'}]"
77,h078,Khufra,https://akmweb.youngjoygame.com/web/svnres/img/mlbb/homepage/100_2fe99f4001211d18b3d2b95d0d3dc395.png,['roam'],Tank,"[{'skill_name': 'Spell Curse', 'skill_icon': 'hero-skills-images/khufra/passive.png', 'type': 'passive', 'cooldown': 'null', 'manacost': 'null', 'description': ""Spell CurseHeal\xa0DamageKhufra activates the Spell Curse left by Esmeralda every 12 seconds, enhancing his next Basic Attack. The enhanced Basic Attack gains extra attack range [Cast Range: 4.9] and deals [(+120% Total Physical Attack) (+target's 6% Max HP) Magic Damage]. Also slows the target by 30% for 1.5 seconds and heals Khufra by 8% of his Max HP on hit.Each time Khufra applies a control effect to an enemy hero with his skill, the cooldown of Spell Curse is reduced by 4 seconds.Skill terms\nM""}, {'skill_name': 'Skill 1', 'skill_icon': 'hero-skills-images/khufra/skill_1.png', 'type': 'active', 'cooldown': '15.0', 'manacost': '80 / 85 / 90 / 95 / 100 / 105', 'description': ""Tyrant's RevengeMobility\xa0CCKhufra pulls the bandage on his arms to launch himself in the specified direction, dealing  50–100 plus 7 (+1.5% Extra Physical Attack)% of his Max HP Physical Damage to all enemy units on the path. When blinking to the furthest distance or encountering a first enemy hero, Khufra will immediately stop, dealing 50–100 plus 7 (+1.5% Extra Physical Attack)% of his Max HP  Physical Damage to enemies nearby and then knocking them in the air for up to 1.1 seconds.Skill terms""}, {'skill_name': 'Bouncing Ball', 'skill_icon': 'hero-skills-images/khufra/skill_2.png', 'type': 'active', 'cooldown': '10.0', 'manacost': '70 / 75 / 80 / 85 / 90 / 95', 'description': 'Bouncing BallSlow\xa0BuffKhufra uses bandage to wrap himself into a magic bouncing ball, increasing his own Physical & Magic Defense by 30%–100&. Enemies trying to use blink skills to move across Khufra will be knocked airborne.[duration needed] Each time the magic bouncing ball hits the ground, it will deal Magic Damage equal to 50–100 plus 3 (+2% Extra Physical Attack)% of his Max HP to enemies nearby and slow them by 80%. Lasts 0.2 seconds.Skill terms\nAirborne\nHigh level Crowd Control: Prevents'}, {'skill_name': 'Ultimate', 'skill_icon': 'hero-skills-images/khufra/ultimate.png', 'type': 'active', 'cooldown': '50.0', 'manacost': '150 / 200 / 250', 'description': ""Tyrant's RageCC\xa0AOELet those who comply with me thrive and those who resist me perish.Khufra pulls back all enemy targets around him toward his front, dealing 300–600 (+100% Total Physical Attack) Physical Damage and slowing them down for 1.25–1.75 seconds. If the enemies are knocked against walls, extra Physical Damage equal to 150% of this skill's damage will be inflicted upon them, and they will be stunned, instead of slowed.Skill terms\nDisplacement\nTarget Displacement; Can interrupt certain""}]","['Initiator', 'Crowd Control']","[{'heroid': 4, 'heroname': 'Alice'}, {'heroid': 30, 'heroname': 'Yi Sun-shin'}, {'heroid': 19, 'heroname': 'Minotaur'}, {'heroid': 2, 'heroname': 'Balmond'}, {'heroid': 99, 'heroname': 'Barats'}, {'heroid': 76, 'heroname': 'Faramis'}, {'heroid': 48, 'heroname': 'Diggie'}, {'heroid': 62, 'heroname': 'Kaja'}, {'heroid': 65, 'heroname': 'Claude'}, {'heroid': 98, 'heroname': 'Khaleed'}]","[{'heroid': 24, 'heroname': 'Natalia'}, {'heroid': 103, 'heroname': 'Paquito'}, {'heroid': 16, 'heroname': 'Zilong'}, {'heroid': 3, 'heroname': 'Saber'}, {'heroid': 76, 'heroname': 'Faramis'}, {'heroid': 30, 'heroname': 'Yi Sun-shin'}, {'heroid': 74, 'heroname': 'Minsitthar'}, {'heroid': 73, 'heroname': 'Harith'}, {'heroid': 84, 'heroname': 'Ling'}, {'heroid': 118, 'heroname': 'Joy'}]"
78,h079,Granger,https://akmweb.youngjoygame.com/web/svnres/img/mlbb/homepage_1_9_22/100_a7729262d5b4abdc34ae5181e964c235.png,['gold lane'],Marksman,"[{'skill_name': 'Capriccio', 'skill_icon': 'hero-skills-images/granger/passive.png', 'type': 'passive', 'cooldown': 'null', 'manacost': 'null', 'description': ""CapriccioDamage\xa0BuffGranger's unique Demon Hunting Gun and Cannon are powered by Demonic Energy. Both his weapons have a staring Energy cap of 800. His Gun restores 8% Energy per second while his Cannon restores 2% Energy per second. Each Minion / Creep kill will permanently increase the Energy cap of Granger's Gun and Cannon by 6 / 6, and instantly restore their Energy by 5% / 5%, respectively. Every kill or assist on an enemy hero will permanently increase their Energy cap by 12 and instantly ""}, {'skill_name': 'Rhapsody', 'skill_icon': 'hero-skills-images/granger/skill_1.png', 'type': 'active', 'cooldown': '0.3', 'manacost': 'null', 'description': ""RhapsodyBurstGranger rapidly fires 6 shot(s) with his Gun, with each shot dealing 60–120 (+50% Total Physical Attack) Physical Damage and consuming 70 Gun Energy. The last bullet is guaranteed to Crit. Each bullet deals an additional 70 damage to Creeps and Minions. While firing, Granger's Movement Speed is increased by 15%.  Granger stops firing when he runs out Energy, or when the skill is cast again.  Rhapsody has a brief cooldown and can be cast once his Gun Energy is over 420. Icon\xa0variants""}, {'skill_name': 'Rondo', 'skill_icon': 'hero-skills-images/granger/skill_2.png', 'type': 'active', 'cooldown': '12.0', 'manacost': 'null', 'description': ""RondoMobility\xa0BuffGranger uses his Demon Hunter agility to dash in the target direction, instantly restoring 15%-25% Energy for his Gun.   Rondo can be cast while channeling  Rhapsody. Each time Rhapsody hits an enemy, Rondo's Cooldown is reduced by 0.5 second.\n\nIcon\xa0variants\n\n\n\n\n\n\nLevel scaling\n\n\nProperties\n\n1\n\n2\n\n3\n\n4\n\n5\n\n6\n\n\nCooldown\n\n12.0\n\n\nEnergy Regen\n\n15%\n\n17%\n\n19%\n\n21%\n\n23%\n\n25%""}, {'skill_name': 'Death Sonata', 'skill_icon': 'hero-skills-images/granger/ultimate.png', 'type': 'active', 'cooldown': '0.6', 'manacost': 'null', 'description': ""Death SonataBurst\xa0SlowGranger fires his Cannon in the target direction, dealing 150–300 (+100% Total Physical Attack) Physical Damage to the first enemy hero hit and other targets in the blast radius. Targets hit will be slowed and revealed for a brief duration. Granger can roll in the Joystick's direction after each shot.  Death Sonata can be cast while firing  Rhapsody. Death Sonata has a brief cooldown and consumes 250 of Granger's Cannon Energy per shot. Icon\xa0variants""}]","['Burst', 'Finisher']","[{'heroid': 17, 'heroname': 'Fanny'}, {'heroid': 35, 'heroname': 'Hilda'}, {'heroid': 84, 'heroname': 'Ling'}, {'heroid': 102, 'heroname': 'Mathilda'}, {'heroid': 20, 'heroname': 'Lolita'}, {'heroid': 51, 'heroname': 'Helcurt'}, {'heroid': 59, 'heroname': 'Uranus'}, {'heroid': 43, 'heroname': 'Irithel'}]","[{'heroid': 94, 'heroname': 'Popol and Kupa'}, {'heroid': 87, 'heroname': 'Baxia'}, {'heroid': 101, 'heroname': 'Yve'}, {'heroid': 124, 'heroname': 'Chip'}, {'heroid': 39, 'heroname': 'Roger'}, {'heroid': 108, 'heroname': 'Aulus'}, {'heroid': 116, 'heroname': 'Julian'}, {'heroid': 33, 'heroname': 'Cyclops'}, {'heroid': 7, 'heroname': 'Alucard'}, {'heroid': 27, 'heroname': 'Sun'}]"
79,h080,Guinevere,https://akmweb.youngjoygame.com/web/svnres/img/mlbb/homepage/100_901bdd5d4432a2c0290dfc71df615a5a.png,['exp lane'],Fighter,"[{'skill_name': 'Super Magic', 'skill_icon': 'hero-skills-images/guinevere/passive.png', 'type': 'passive', 'cooldown': 'null', 'manacost': 'null', 'description': ""Super MagicBuff\xa0DamageGuinevere deals 25% extra damage to airborne enemies.Guinevere deals (+80% Total Physical Attack) (+60% Total Magic Power) Magic Damage with her Basic Attacks and accumulates Super Magic each time she deals damage. When she's fully charged, her next Basic Attack becomes guided, dealing 80 (+100% Total Physical Attack) (+120% Total Magic Power) Magic Damage on hit and restoring 80 (+Guinevere's 8% Lost HP) HP. Enemies hit by Guinevere's enhanced Basic Attack,  Energy Wave, o""}, {'skill_name': 'Energy Wave', 'skill_icon': 'hero-skills-images/guinevere/skill_1.png', 'type': 'active', 'cooldown': '4.0', 'manacost': 'null', 'description': 'Energy WaveDamage\xa0BuffGuinevere releases an energy orb in the target direction, dealing 300–525 (+130% Total Magic Power) Magic Damage to the first enemy hit and slowing them by 50% for 1.2 seconds. Successfully hitting an enemy reduces all her skill cooldowns by 1 second.Skill terms\nMagic Skill\nDeal Magic DMG to enemies. Triggers Spell Vamp.\nMovement Speed\nMovement Speed on the battlefield. Usually Calculated and Actual Movement Speed is equal. But when Movement Speed is below 230 or over 420 b'}, {'skill_name': 'Spatial Migration', 'skill_icon': 'hero-skills-images/guinevere/skill_2.png', 'type': 'active', 'cooldown': '17.0', 'manacost': 'null', 'description': 'Spatial MigrationMobility\xa0CCGuinevere thumps at the target location for 250–400 (+80% Total Magic Power) Magic Damage[, slowing enemies within it by 50% for 1 second]. Enemy heroes and creeps hit will be knocked airborne for 1 second and take 125–200 (+50% Total Magic Power) additional Magic Damage. After cast, Guinevere can reactivate the skill in 5 seconds to blink toward the target direction [while invisible for 0.5 seconds] and leave an illusion behind. If the illusion takes damage, it resto'}, {'skill_name': 'Violet Requiem', 'skill_icon': 'hero-skills-images/guinevere/ultimate.png', 'type': 'active', 'cooldown': '52.0', 'manacost': 'null', 'description': 'Violet RequiemBurst\xa0CCWhere to find my bosom friend?Guinevere creates a force field around her [for 2 seconds], attacking nearby enemies 11 times within 2 seconds, dealing 650–910 (+500% Total Magic Power) Magic Damage in total. If the enemy hit is already airborne, they will be knocked airborne again, up to 6 additional times. Guinevere is immune to crowd control while casting this skill.Skill terms\nAirborne\nHigh level Crowd Control: Prevents a target from moving, and using Basic Attacks and sk'}]","['Burst', 'Magic Damage']","[{'heroid': 89, 'heroname': 'Wanwan'}, {'heroid': 78, 'heroname': 'Khufra'}, {'heroid': 88, 'heroname': 'Masha'}, {'heroid': 45, 'heroname': 'Argus'}, {'heroid': 1, 'heroname': 'Miya'}, {'heroid': 48, 'heroname': 'Diggie'}, {'heroid': 62, 'heroname': 'Kaja'}, {'heroid': 118, 'heroname': 'Joy'}, {'heroid': 97, 'heroname': 'Benedetta'}, {'heroid': 17, 'heroname': 'Fanny'}]","[{'heroid': 22, 'heroname': 'Freya'}, {'heroid': 108, 'heroname': 'Aulus'}, {'heroid': 27, 'heroname': 'Sun'}, {'heroid': 2, 'heroname': 'Balmond'}, {'heroid': 98, 'heroname': 'Khaleed'}, {'heroid': 124, 'heroname': 'Chip'}, {'heroid': 12, 'heroname': 'Bruno'}]"
80,h081,Esmeralda,https://akmweb.youngjoygame.com/web/svnres/img/mlbb/homepage/100_4661a64a2c6b724e7b67032fcbface27.png,['exp lane'],"Tank, Mage","[{'skill_name': 'Starmoon Casket', 'skill_icon': 'hero-skills-images/esmeralda/passive.png', 'type': 'passive', 'cooldown': 'null', 'manacost': 'null', 'description': ""Starmoon CasketBuff\xa0ShieldEsmeralda manipulates Stardust and Frostmoon: Stardust deals Physical Damage while Frostmoon deals Magic Damage and gives the target a shield equal to 135% of Frostmoon's damage dealt. Each Basic Attack deals (+100% Total Physical Attack) Physical Damage and 100 (+75% Total Magic Power) Magic Damage.The damage dealt by Esmeralda ignores all shield effects and gradually converts her shield into HP.[amount/conversion rate unknown]Skill terms\nPhysical Basic Attack\nDeal Phy""}, {'skill_name': 'Frostmoon Shield', 'skill_icon': 'hero-skills-images/esmeralda/skill_1.png', 'type': 'active', 'cooldown': '8.5', 'manacost': '60 / 70 / 80 / 90 / 100 / 110', 'description': 'Frostmoon ShieldShield\xa0BuffEsmeralda gains 300–750 (+150% Total Magic Power) shield and 40% Movement Speed which rapidly decays over its duration for 4 seconds. Meanwhile, she gradually transforms the shields of her nearby enemies into her own shield,[amount unknown] capped at 50% of her Max HP.Skill terms\nShield\nSpecial HP is preferentially deducted when taking damage. The shield with shorter duration or lower points is usually preferentially deducted when multiple shields are stacked.\nMovement'}, {'skill_name': 'Stardust Dance', 'skill_icon': 'hero-skills-images/esmeralda/skill_2.png', 'type': 'active', 'cooldown': '4.5', 'manacost': '75 / 80 / 85 / 90 / 95 / 100', 'description': ""Stardust DanceAOE\xa0BuffEsmeralda waves Stardust and Frostmoon, dealing 240–440 (+60% Total Physical Attack) Physical Damage and 300–550 (+120% Total Magic Power) Magic Damage to nearby enemies. Each time she deals damage to a hero, the cooldown of Frostmoon Shield is reduced by 1.5 seconds (damaging non-hero units grants a 0.5 seconds reduction) and the enemy's Movement Speed is reduced by 10% for 1.5 second.Skill terms\nPhysical Damage Skill\nDeal Physical DMG to enemies. Triggers Spell Vamp.\nMagi""}, {'skill_name': 'Falling Starmoon', 'skill_icon': 'hero-skills-images/esmeralda/ultimate.png', 'type': 'active', 'cooldown': '32.0', 'manacost': '150 / 200 / 250', 'description': 'Falling StarmoonBurst\xa0MobilityEsmeralda coheres the power of Astrospace into her two weapons - Stardust and Frostmoon. The longer this skill is channeled, the longer the cast range.Use Again: Esmeralda casts the Stardust at the target location, dealing 350–650 (+90% Total Physical Attack) Physical Damage, and then blinks to target location and casts Frostmoon, dealing 350–650 (+140% Total Magic Power) Magic Damage and immobilizing enemies in the area for 1 second.Skill terms\nImmobilize\nLow level'}]","['Regen', 'Mixed Damage']","[{'heroid': 4, 'heroname': 'Alice'}, {'heroid': 34, 'heroname': 'Estes'}, {'heroid': 117, 'heroname': 'Fredrinn'}, {'heroid': 68, 'heroname': 'Lunox'}, {'heroid': 29, 'heroname': 'Ruby'}, {'heroid': 108, 'heroname': 'Aulus'}, {'heroid': 40, 'heroname': 'Karrie'}, {'heroid': 85, 'heroname': 'Dyrroth'}, {'heroid': 121, 'heroname': 'Ixia'}, {'heroid': 116, 'heroname': 'Julian'}]","[{'heroid': 108, 'heroname': 'Aulus'}, {'heroid': 122, 'heroname': 'Nolan'}, {'heroid': 48, 'heroname': 'Diggie'}, {'heroid': 126, 'heroname': 'Suyou'}, {'heroid': 24, 'heroname': 'Natalia'}, {'heroid': 69, 'heroname': 'Hanzo'}, {'heroid': 102, 'heroname': 'Mathilda'}, {'heroid': 76, 'heroname': 'Faramis'}, {'heroid': 12, 'heroname': 'Bruno'}, {'heroid': 55, 'heroname': 'Angela'}]"
81,h082,Terizla,https://akmweb.youngjoygame.com/web/svnres/img/mlbb/homepage/100_c4bb270c28c7be663f57e993b0d6d3d8.png,['exp lane'],"Fighter, Tank","[{'skill_name': 'Body of Smith', 'skill_icon': 'hero-skills-images/terizla/passive.png', 'type': 'passive', 'cooldown': 'null', 'manacost': 'null', 'description': ""Body of SmithBuffTerizla gains  1% Damage Reduction for every 2.5% HP lost (up to 20% + Hero Level). He cannot gain Attack Speed and will convert every 1% attack speed he's supposed to recieve into 1 Physical Attack.Skill terms\nDamage Reduction\nDeduct the final damage (the damage that has deducted by Physical and Magic DEF) by [fixed points] or by percent. But cannot deduct the True Damage.\nExtra ATK Speed\nExtra ATK Speed gains from skills, items, and emblems.\nNotes\nReduction of Terizla's base A""}, {'skill_name': 'Revenge Strike', 'skill_icon': 'hero-skills-images/terizla/skill_1.png', 'type': 'active', 'cooldown': '7.0', 'manacost': '75 / 80 / 85 / 90 / 95 / 100', 'description': ""Revenge StrikeAOE\xa0Speed UpTerizla cracks the ground with his hammer and the fissure will spread out, dealing 300–450 (+80% Extra Physical Attack) Physical Damage. After the fissure hits the first target, it will drill into the target and slow them by 30%. At the same time, Terizla's Movement Speed will be increased by 25% for 3 seconds. The fissure on target will then explode, dealing 300–450 (+80% Extra Physical Attack) (+enemy's 20% Lost HP) Physical Damage.Skill terms\nPhysical Skill\nDeal Phys""}, {'skill_name': 'Execution Strike', 'skill_icon': 'hero-skills-images/terizla/skill_2.png', 'type': 'active', 'cooldown': '5.0', 'manacost': '25', 'description': 'Execution StrikeBurst\xa0SlowTerizla waves his hammer in a fan-shaped area ahead. This skill can be cast up to 3 times. The first two attacks deal 135–310 (+160–185% Total Physical Attack) Physical Damage each, while the third deals 225–450 (+220–320% Total Physical Attack) Physical Damage. Enemies hit will also be slowed by 15% for 1.5 seconds (the slow effect can stack).Deals only 60%-100% damage to minions.Skill terms\nPhysical Skill\nDeal Physical DMG to enemies. Triggers Spell Vamp.\nMovement Spe'}, {'skill_name': 'Penalty Zone', 'skill_icon': 'hero-skills-images/terizla/ultimate.png', 'type': 'active', 'cooldown': '40.0', 'manacost': '100 / 120 / 140', 'description': 'Penalty ZoneCC\xa0AOETerizla jumps to the designated area to smash down, causing 300–500 (+100% Total Physical Attack) Physical Damage[, knocking enemy heroes up for approximately 0.7 seconds] and slowing [them] by 45%-50%. Meanwhile, he summons Scaffold, which will reach out a hook to the [enemy heroes] and pull the target for [3] times, causing 150–250 (+30% Total Physical Attack) Physical Damage each time.Skill terms\nPhysical Skill\nDeal Physical DMG to enemies. Triggers Spell Vamp.\nMovement Spee'}]","['Burst', 'Crowd Control']","[{'heroid': 83, 'heroname': 'X.Borg'}, {'heroid': 40, 'heroname': 'Karrie'}, {'heroid': 23, 'heroname': 'Gord'}, {'heroid': 101, 'heroname': 'Yve'}, {'heroid': 102, 'heroname': 'Mathilda'}, {'heroid': 53, 'heroname': 'Lesley'}, {'heroid': 28, 'heroname': 'Alpha'}, {'heroid': 48, 'heroname': 'Diggie'}, {'heroid': 57, 'heroname': 'Valir'}, {'heroid': 115, 'heroname': 'Xavier'}]","[{'heroid': 27, 'heroname': 'Sun'}, {'heroid': 55, 'heroname': 'Angela'}, {'heroid': 24, 'heroname': 'Natalia'}, {'heroid': 108, 'heroname': 'Aulus'}, {'heroid': 112, 'heroname': 'Floryn'}, {'heroid': 62, 'heroname': 'Kaja'}, {'heroid': 34, 'heroname': 'Estes'}, {'heroid': 65, 'heroname': 'Claude'}, {'heroid': 69, 'heroname': 'Hanzo'}]"
82,h083,X.Borg,https://akmweb.youngjoygame.com/web/svnres/img/mlbb/homepage/100_efe9c7ed8d8f84f1bb0f88a3e08de5fc.png,['exp lane'],Fighter,"[{'skill_name': 'Firaga Armor', 'skill_icon': 'hero-skills-images/x.borg/passive.png', 'type': 'passive', 'cooldown': 'null', 'manacost': 'null', 'description': ""Firaga ArmorBuffX.Borg's [HP inherits (+20% Extra HP), and his Firaga Armor inherits (+120% Extra HP)] and absorbs all incoming damage when it's active. When the Armor is destroyed, X.Borg will disengage from it and roll in the direction of the Joystick (he is immune to damage [and control effects] in this process). The Armor's energy will gradually regenerate [for 3 energy per second] while X.Borg is in the Armorless State. At full energy, X.Borg re-equips the Armor and restore it to 30% of his""}, {'skill_name': 'Fire Missiles', 'skill_icon': 'hero-skills-images/x.borg/skill_1.png', 'type': 'active', 'cooldown': '4.0', 'manacost': 'null', 'description': 'Fire MissilesAOEX.Borg sprays fire, dealing 25–100 (+60% Total Physical Attack) (+40% Total Magic Power) Physical Damage 7 times over 2 seconds to enemies in range (75%–100% damage to Minions).Armorless state: The attack area becomes narrower but longer, while the damage is reduced to 60%.Skill terms\nPhysical Damage Skill\nDeal Physical DMG to enemies. Triggers Spell Vamp.\nTrue Damage\nIf there is no way to reduce damage taken, you can try increasing Max HP.\n\nIcon\xa0variants\n\n\nLevel scaling\n\n\nProper'}, {'skill_name': 'Fire Stake', 'skill_icon': 'hero-skills-images/x.borg/skill_2.png', 'type': 'active', 'cooldown': '12', 'manacost': 'null', 'description': 'Fire StakeCCX.Borg shoots 5 Fire Stakes at the edge of the fan-shaped indicator and retrieves them after 1.7 seconds, each dealing 50–100 (+20% Total Physical Attack) Physical Damage and pulling the enemies in the path toward him. Firaga Supplies in the path will also be retrieved if touched by Fire Stakes.Armorless State: X.Borg adjusts Fire Stake Launcher to increase its range and shorten the distance between Fire Stakes.Skill terms\nPhysical Skill\nDeal Physical DMG to enemies. Triggers Spell V'}, {'skill_name': 'Last Insanity', 'skill_icon': 'hero-skills-images/x.borg/ultimate.png', 'type': 'active', 'cooldown': '30.0', 'manacost': 'null', 'description': ""Last InsanityBurst\xa0MobilityMy hometown was once a beautiful place.X.Borg charges forward in the target direction while rotating and spraying fire, dealing 90–110 (+130% Extra Physical Attack) (+90% Total Magic Power) Physical Damage 12 times and slowing enemies by 25%. He stops upon running into an enemy hero and will slow them by an additional 40%. After 3 seconds from the start of the skill, X.Borg's  Firaga Armor will detonate, dealing [300–700 (+enemy's 15% Total HP) True Damage to nearby en""}]","['Regen', 'Burst']","[{'heroid': 16, 'heroname': 'Zilong'}, {'heroid': 110, 'heroname': 'Valentina'}, {'heroid': 103, 'heroname': 'Paquito'}, {'heroid': 118, 'heroname': 'Joy'}, {'heroid': 97, 'heroname': 'Benedetta'}, {'heroid': 84, 'heroname': 'Ling'}, {'heroid': 26, 'heroname': 'Chou'}, {'heroid': 17, 'heroname': 'Fanny'}, {'heroid': 51, 'heroname': 'Helcurt'}, {'heroid': 76, 'heroname': 'Faramis'}]","[{'heroid': 27, 'heroname': 'Sun'}, {'heroid': 40, 'heroname': 'Karrie'}, {'heroid': 77, 'heroname': 'Badang'}, {'heroid': 110, 'heroname': 'Valentina'}, {'heroid': 98, 'heroname': 'Khaleed'}, {'heroid': 78, 'heroname': 'Khufra'}]"
83,h084,Ling,https://akmweb.youngjoygame.com/web/svnres/img/mlbb/homepage_92/100_017bade52b9fc94bbc12615de6d75c08.png,['jungle'],Assassin,"[{'skill_name': 'Cloud Walker', 'skill_icon': 'hero-skills-images/ling/passive.png', 'type': 'passive', 'cooldown': 'null', 'manacost': 'null', 'description': ""Cloud WalkerBuffLing's superb Lightness Skill helps him leap among walls. When resting on the wall, He gains 4 Lightness Points per second when he's on a walland 5 extra Lightness Points each time he deals damage. Ling gains 1.6 times Crit Chance from all sources but only has 150% Critical Damage.Skill terms\nCrit Rate\nChance to cause Crit Damage with Basic ATK (including Physical and Magic). The default is 0. A Crit Damage is guaranteed when it is over 100%. Some skills trigger this effect. For""}, {'skill_name': 'Finch Poise', 'skill_icon': 'hero-skills-images/ling/skill_1.png', 'type': 'active', 'cooldown': '20.0', 'manacost': 'null', 'description': 'Finch PoiseMobility\xa0BuffPassive: Ling’s Critical Chance is permanently increased by 2.5%–12.5%.Active: Ling casts his Lightness Skill, leaping onto the designated wall, entering half-stealth state, restoring Lightness Points more quickly and gaining 30% Movement Speed. If Ling receives damage, he will leave the half-stealth state. If he is controlled, he will fall onto the ground and be slowed by 30% for 2 seconds. When using this skill to jump from a wall to another, it will reset the Cooldown'}, {'skill_name': 'Defiant Sword', 'skill_icon': 'hero-skills-images/ling/skill_2.png', 'type': 'active', 'cooldown': '2.5', 'manacost': 'null', 'description': ""Defiant SwordMobility\xa0DamageLing charges in a designated direction and stabs the nearby enemies at his destination, dealing 300–400 (+40% Total Physical Attack) Physical Damage.If Ling casts this skill when he is on the wall, he'll dash to the target location on the ground, dealing 300–400 (+40% Total Physical Attack) Physical Damage to enemies within a small area and slowing them down by 30% for 1.5 seconds. If this attack critically strikes, the enemies will be slowed by extra 45% for 0.75 sec""}, {'skill_name': 'Tempest of Blades', 'skill_icon': 'hero-skills-images/ling/ultimate.png', 'type': 'active', 'cooldown': '52.0', 'manacost': 'null', 'description': 'Tempest of BladesBurst\xa0CCLing leaps into the air, becoming invincible and gaining 10% extra Movement Speed for 1.5 seconds. He can move freely when in the air. He then lands on the ground, dealing 250–450 (+100% Total Physical Attack) Physical Damage to enemies in the area, knocking those in the center airborne for 1 second, and creating a Sword Field for 8 seconds.Four Tempest of Blades will also appear on the edge of the Sword Field. Ling can touch them to reduce the cooldown of  Finch Poise b'}]","['Chase', 'Burst']","[{'heroid': 24, 'heroname': 'Natalia'}, {'heroid': 33, 'heroname': 'Cyclops'}, {'heroid': 109, 'heroname': 'Aamon'}, {'heroid': 8, 'heroname': 'Karina'}, {'heroid': 12, 'heroname': 'Bruno'}, {'heroid': 3, 'heroname': 'Saber'}, {'heroid': 110, 'heroname': 'Valentina'}, {'heroid': 117, 'heroname': 'Fredrinn'}]","[{'heroid': 55, 'heroname': 'Angela'}, {'heroid': 107, 'heroname': 'Natan'}, {'heroid': 78, 'heroname': 'Khufra'}, {'heroid': 104, 'heroname': 'Gloo'}, {'heroid': 59, 'heroname': 'Uranus'}, {'heroid': 73, 'heroname': 'Harith'}, {'heroid': 88, 'heroname': 'Masha'}, {'heroid': 76, 'heroname': 'Faramis'}, {'heroid': 25, 'heroname': 'Kagura'}, {'heroid': 43, 'heroname': 'Irithel'}]"
84,h085,Dyrroth,https://akmweb.youngjoygame.com/web/svnres/img/mlbb/homepage_2_1_18/100_8ec13b59871b2862d773beac2d69fa3e.png,"['exp lane, jungle']",Fighter,"[{'skill_name': 'Wrath of the Abyss', 'skill_icon': 'hero-skills-images/dyrroth/passive.png', 'type': 'passive', 'cooldown': 'null', 'manacost': 'null', 'description': ""Wrath of the AbyssBuff\xa0HealWhen Dyrroth's Rage reaches 50%, he will enhance  Burst Strike and  Spectre Step.""}, {'skill_name': 'Burst Strike', 'skill_icon': 'hero-skills-images/dyrroth/skill_1.png', 'type': 'active', 'cooldown': '5.0', 'manacost': 'null', 'description': 'Burst StrikeAOE\xa0SlowDyrroth releases a burst strike in a designated direction. Each burst deals 200–450 (+60% Extra Physical Attack) Physical Damage to enemies and slows them by 25% for 1.5 seconds. (The damage decays against the same target and decreases to only 75% on minions.)Abyss Enhanced: Burst Strike has a longer range, deals 140% of the original damage, and its slow effect is doubled.Skill terms\nPhysical Skill\nDeal Physical DMG to enemies. Triggers Spell Vamp.\nMovement Speed\nMovement Spe'}, {'skill_name': 'Spectre Step', 'skill_icon': 'hero-skills-images/dyrroth/skill_2.png', 'type': 'active', 'cooldown': '8.0', 'manacost': 'null', 'description': 'Spectre StepMobility\xa0DamageDyrroth dashes in the designated direction. He will stop when he hits a [non-minion] target, dealing 230–355 (+60% Extra Physical Attack) Physical Damage to enemies. When he uses this skill again, he will lock onto a target and release a Fatal Strike, dealing [a total of] 345–570 (+120% Extra Physical Attack) Physical Damage. Enemy heroes or creeps hit by Fatal Strike will have their Physical Defense reduced by 40% for 4 seconds.Abyss Enhanced: Fatal Strike will deal 1'}, {'skill_name': 'Abysm Strike', 'skill_icon': 'hero-skills-images/dyrroth/ultimate.png', 'type': 'active', 'cooldown': '36.0', 'manacost': 'null', 'description': ""Abysm StrikeBurst\xa0SlowAfter a short delay, Dyrroth launches a destrucive strike in the target direction (cannot be interrupted), dealing 650–1250 (+250% Extra Physical Attack) (+enemies' 20% Lost HP) Physical Damage to enemies along the way and slowing them by 55% for 0.8 seconds.Skill terms\nLost HP\nLost HP = Max HP - Current HP.\nBlink\nMovement ability that can pass through obstacles.\nMovement Speed\nMovement Speed on the battlefield. Usually Calculated and Actual Movement Speed is equal. But whe""}]","['Charge', 'Burst']","[{'heroid': 78, 'heroname': 'Khufra'}, {'heroid': 86, 'heroname': 'Lylia'}, {'heroid': 126, 'heroname': 'Suyou'}, {'heroid': 48, 'heroname': 'Diggie'}, {'heroid': 36, 'heroname': 'Aurora'}, {'heroid': 74, 'heroname': 'Minsitthar'}, {'heroid': 6, 'heroname': 'Tigreal'}, {'heroid': 97, 'heroname': 'Benedetta'}, {'heroid': 45, 'heroname': 'Argus'}, {'heroid': 79, 'heroname': 'Granger'}]","[{'heroid': 104, 'heroname': 'Gloo'}, {'heroid': 20, 'heroname': 'Lolita'}, {'heroid': 77, 'heroname': 'Badang'}, {'heroid': 19, 'heroname': 'Minotaur'}, {'heroid': 69, 'heroname': 'Hanzo'}, {'heroid': 62, 'heroname': 'Kaja'}, {'heroid': 76, 'heroname': 'Faramis'}, {'heroid': 34, 'heroname': 'Estes'}, {'heroid': 98, 'heroname': 'Khaleed'}, {'heroid': 30, 'heroname': 'Yi Sun-shin'}]"
85,h086,Lylia,https://akmweb.youngjoygame.com/web/svnres/img/mlbb/homepage/100_706573f138055c3df3df94948b4f26bd.png,['mid lane'],Mage,"[{'skill_name': 'Angry Gloom', 'skill_icon': 'hero-skills-images/lylia/passive.png', 'type': 'passive', 'cooldown': 'null', 'manacost': 'null', 'description': 'Angry GloomBuff\xa0Speed UpLylia gets power from Gloom, increasing her movement speed by 15% whenever she is within the area of Gloom. Additionally, every time Gloom is upgraded, her movement speed is increased by 5%, stacking up to 4 times or 20% for a maximum of 35% movement speed increase.Skill terms\nMovement Speed\nMovement Speed on the battlefield. Usually Calculated and Actual Movement Speed is equal. But when Movement Speed is below 230 or over 420 both Slowdown and Speedup Effect will decay.'}, {'skill_name': 'Magic Shockwave', 'skill_icon': 'hero-skills-images/lylia/skill_1.png', 'type': 'active', 'cooldown': '4.0', 'manacost': '50 / 55 / 60 / 65 / 70 / 75', 'description': 'Magic ShockwaveAOE\xa0SlowLylia sends out Gloom in a line, dealing 250 / 300 / 350 / 400 / 450 / 500 (+100%Magic Power) Magic Damage to enemies along the path and slowing them by 40% for 1.5 seconds.   If Gloom touches  Shadow Energy, he will devour and detonate it.Skill terms\nMagic Skill\nDeal Magic DMG to enemies. Triggers Spell Vamp.\nMovement Speed\nMovement Speed on the battlefield. Usually Calculated and Actual Movement Speed is equal. But when Movement Speed is below 230 or over 420 both Slowdo'}, {'skill_name': 'Shadow Energy', 'skill_icon': 'hero-skills-images/lylia/skill_2.png', 'type': 'active', 'cooldown': '1.0', 'manacost': '40 / 50 / 60 / 70 / 80 / 90 / 100', 'description': 'Shadow EnergyAOE\xa0SlowLylia condenses Shadow Energy at a location, dealing 100 / 112 / 124 / 136 / 148 / 160 (+50% Total Magic Power) Magic Damage to enemies hit and slowing them by 80% for 0.5 seconds.   If Shadow Energy is detonated by Gloom or  Magic Shockwave, it will detonate to deal an additional 250 / 280 / 310 / 340 / 370 / 400 (+100% Magic Power) Magic Damage and turn the Shadow Energy to Gloom for 8 seconds. During this time, Gloom can then detonate additional Shadow Energies within his'}, {'skill_name': 'Black Shoes', 'skill_icon': 'hero-skills-images/lylia/ultimate.png', 'type': 'active', 'cooldown': '45.0', 'manacost': '120 / 60 / 0', 'description': ""Black ShoesBuff\xa0MobilityLylia returns to the Black Shoes' location 4 seconds ago and restoring all 5 Shadow Energy charges, 100%  of her HP and Mana to the previous state, and get an extra 10% / 15% / 20% Max HP. She also gains 20% extra Movement Speed by 20% for 2 / 3 / 4 seconds.Lylia will untargetable while teleporting.Skill terms\nMax HP\nThe maximum HP currently can have.\nMovement Speed\nMovement Speed on the battlefield. Usually Calculated and Actual Movement Speed is equal. But when Movement""}]","['Push', 'Damage']","[{'heroid': 118, 'heroname': 'Joy'}, {'heroid': 102, 'heroname': 'Mathilda'}, {'heroid': 14, 'heroname': 'Rafaela'}, {'heroid': 110, 'heroname': 'Valentina'}, {'heroid': 104, 'heroname': 'Gloo'}, {'heroid': 80, 'heroname': 'Guinevere'}, {'heroid': 3, 'heroname': 'Saber'}, {'heroid': 62, 'heroname': 'Kaja'}, {'heroid': 89, 'heroname': 'Wanwan'}, {'heroid': 76, 'heroname': 'Faramis'}]","[{'heroid': 42, 'heroname': 'Harley'}, {'heroid': 93, 'heroname': 'Atlas'}, {'heroid': 16, 'heroname': 'Zilong'}, {'heroid': 24, 'heroname': 'Natalia'}, {'heroid': 56, 'heroname': 'Gusion'}, {'heroid': 10, 'heroname': 'Franco'}, {'heroid': 113, 'heroname': 'Yin'}, {'heroid': 73, 'heroname': 'Harith'}, {'heroid': 63, 'heroname': 'Selena'}, {'heroid': 88, 'heroname': 'Masha'}]"
86,h087,Baxia,https://akmweb.youngjoygame.com/web/svnres/img/mlbb/homepage/100_80e408203869ca99302af195ac4f756c.png,['jungle'],Tank,"[{'skill_name': 'Baxia Mark', 'skill_icon': 'hero-skills-images/baxia/passive.png', 'type': 'passive', 'cooldown': 'null', 'manacost': 'null', 'description': ""Baxia MarkBuff\xa0DebuffBaxia activates the  Baxia Mark permanently, reducing the final damage received by 15 (+1 Hero Level).At the same time Baxia's will reduce the enemy hero's Shield and HP Regen by 50% for 4 seconds when hit by his skills.Skill terms\nDamage Reduction\nDeduct the final damage (the damage that has deducted by Physical and Magic DEF) by [fixed points] or by percent. But cannot deduct the True Damage.\nRegen Effect\nAttribute that affects the actual HP Regen and Shield. The default r""}, {'skill_name': 'Skill 1', 'skill_icon': 'hero-skills-images/baxia/skill_1.png', 'type': 'active', 'cooldown': '1.5', 'manacost': '100 / 110 / 120 / 130 / 140 / 150', 'description': 'Baxia-Shield UnitySpeed Up\xa0CCBaxia retracts himself into his shield and accelerates forward [for 9 seconds]. When hitting an enemy unit, he will deal 300–400 (+60% Total Magic Power) Magic Damage to it and nearby enemies, stunning the target for 0.8 second and slightly knocking other nearby enemies back.During the process of accelerating forward, use this skill again to launch Baxia upward so that he can cross obstacles and enemy minions. When leaping up, if there is an enemy hero under Baxia, h'}, {'skill_name': 'Shield of Spirit', 'skill_icon': 'hero-skills-images/baxia/skill_2.png', 'type': 'active', 'cooldown': '10.0', 'manacost': '25 / 30 / 35 / 40 / 45 / 50', 'description': ""Shield of SpiritDamage\xa0SlowBaxia throws his shield forward that will disappear upon hitting an enemy hero or creeps, dealing 180–255 (+120% Total Magic Power) (+target's 6% Total HP) Magic Damage to the target and minions on the path. Meanwhile, marks them for 5 seconds and slows them down by 50% for 1 second. The shield disappears upon hitting the first enemy hero or creep. Baxia can cast this skill again [for 5 seconds]. If an enemy hero or creep us hit by the skill, the cooldown will be reduc""}, {'skill_name': 'Ultimate', 'skill_icon': 'hero-skills-images/baxia/ultimate.png', 'type': 'active', 'cooldown': '40.0', 'manacost': '150 / 175 / 200', 'description': ""Tortoise's PuissanceSpeed Up\xa0AOEBaxia holds his shield to the front and begins sprinting frantically, gaining 30% extra Movement Speed for 10 seconds while leaving a lava path behind. Enemies on the path will take 40–50 (+30% Total Magic Power) Magic Damage and be slowed by 15% for 0.5 seconds every 0.5 seconds. For the duration, the Damage Reduction effect from  Baxia Mark is increased to 240% (85).Skill terms\nMovement Speed\nMovement Speed on the battlefield. Usually Calculated and Actual Movem""}]","['Support', 'Damage']","[{'heroid': 83, 'heroname': 'X.Borg'}, {'heroid': 17, 'heroname': 'Fanny'}, {'heroid': 20, 'heroname': 'Lolita'}, {'heroid': 97, 'heroname': 'Benedetta'}, {'heroid': 79, 'heroname': 'Granger'}, {'heroid': 115, 'heroname': 'Xavier'}, {'heroid': 47, 'heroname': 'Lancelot'}, {'heroid': 88, 'heroname': 'Masha'}, {'heroid': 102, 'heroname': 'Mathilda'}, {'heroid': 62, 'heroname': 'Kaja'}]","[{'heroid': 48, 'heroname': 'Diggie'}, {'heroid': 34, 'heroname': 'Estes'}, {'heroid': 121, 'heroname': 'Ixia'}, {'heroid': 55, 'heroname': 'Angela'}, {'heroid': 79, 'heroname': 'Granger'}, {'heroid': 24, 'heroname': 'Natalia'}, {'heroid': 101, 'heroname': 'Yve'}, {'heroid': 14, 'heroname': 'Rafaela'}, {'heroid': 119, 'heroname': 'Novaria'}, {'heroid': 102, 'heroname': 'Mathilda'}]"
87,h088,Masha,https://akmweb.youngjoygame.com/web/svnres/img/mlbb/homepage/100_c97a314dc260dfad1311512ddc03f936.png,['exp lane'],"Fighter, Tank","[{'skill_name': 'Ancient Strength', 'skill_icon': 'hero-skills-images/masha/passive.png', 'type': 'passive', 'cooldown': 'null', 'manacost': 'null', 'description': ""Ancient StrengthBuffBlessed by the Bear King, Masha has 3 HP bars and won't die until all of them are depleted. She can ignore an instance of damage each time she loses an HP bar. When Masha only has two HP bars left, skills will only require 50% of their original HP Cost to cast. When Masha only has one HP bar left, she doesn't need to spend HP to cast skills. Icon\xa0variants Notes Abilities on equipment and battle spells that scales with HP only calculates the total HP, current HP or lost HP of ""}, {'skill_name': 'Wild PowerSpeed Up', 'skill_icon': 'hero-skills-images/masha/skill_1.png', 'type': 'active', 'cooldown': '6.0', 'manacost': 'null', 'description': ""Wild PowerSpeed Up\xa0BuffPassive: Masha gains Power of the Wild which causes her \xa0Basic Attacks to deal extra Physical Damage equal to 1 (+0.5% Extra Physical Attack)% of the target's  HP (up to 60 against Creeps and doesn't take effect on Turrets or Base).  Active: Masha spends 24% HP to increase her Movement Speed by 60% for 1.5 seconds. She also increases the extra Physical Damage from Power of the Wild by 2–4 (+1% Extra Physical Attack)% of the target's  HP and gains 50% extra Attack Speed for""}, {'skill_name': 'Howl Shock', 'skill_icon': 'hero-skills-images/masha/skill_2.png', 'type': 'active', 'cooldown': '15.0', 'manacost': 'null', 'description': 'Howl ShockDebuff\xa0AOEMasha spends 24% HP to roar at enemies, dealing 200–300 (+100% Total Physical Attack) Physical Damage and reducing their Attack Speed by 50% for 2 seconds.Skill terms\nPhysical Damage Skill\nDeal Physical DMG to enemies. Triggers Spell Vamp.\nMovement Speed\nMovement Speed on the battlefield. Usually Calculated and Actual Movement Speed is equal. But when Movement Speed is below 230 or over 420 both Slowdown and Speedup Effect will decay. Calculated Movement Speed = Basic Movemen'}, {'skill_name': 'Thunderclap', 'skill_icon': 'hero-skills-images/masha/ultimate.png', 'type': 'active', 'cooldown': '40.0', 'manacost': 'null', 'description': 'ThunderclapBurst\xa0MobilityMasha spends 34% HP to lunge at an enemy hero (immune to control effects during the lunge), dealing 200–500 (+200% Total Physical Attack) Physical Damage, slowing them by 25% for 2 seconds, and knocking back nearby enemies. The cooldown of this skill will be reset each time Masha loses an HP bar.Skill terms\nDisplacement\nTarget Displacement; Can interrupt certain skills and Blink or Charge effects (interrupts the same skills as Knock Airborne effect). Including but not li'}]","['Push', 'Damage']","[{'heroid': 27, 'heroname': 'Sun'}, {'heroid': 45, 'heroname': 'Argus'}, {'heroid': 94, 'heroname': 'Popol and Kupa'}, {'heroid': 29, 'heroname': 'Ruby'}, {'heroid': 82, 'heroname': 'Terizla'}, {'heroid': 62, 'heroname': 'Kaja'}, {'heroid': 106, 'heroname': 'Phoveus'}, {'heroid': 99, 'heroname': 'Barats'}, {'heroid': 81, 'heroname': 'Esmeralda'}, {'heroid': 103, 'heroname': 'Paquito'}]","[{'heroid': 124, 'heroname': 'Chip'}, {'heroid': 70, 'heroname': 'Belerick'}, {'heroid': 20, 'heroname': 'Lolita'}, {'heroid': 9, 'heroname': 'Akai'}, {'heroid': 49, 'heroname': 'Hylos'}, {'heroid': 110, 'heroname': 'Valentina'}, {'heroid': 23, 'heroname': 'Gord'}, {'heroid': 98, 'heroname': 'Khaleed'}, {'heroid': 44, 'heroname': 'Grock'}, {'heroid': 87, 'heroname': 'Baxia'}]"
88,h089,Wanwan,https://akmweb.youngjoygame.com/web/svnres/img/mlbb/homepage_1_9_47/100_44bfa1dc44deb8d7620605faaa9ffae7.png,['gold lane'],Marksman,"[{'skill_name': 'Tiger Pace', 'skill_icon': 'hero-skills-images/wanwan/passive.png', 'type': 'passive', 'cooldown': 'null', 'manacost': 'null', 'description': ""Tiger PaceBuff\xa0Mobility | Attack Effects: 110%Enemy heroes hit by Wanwan's attacks will have their weakness[es] exposed and position revealed for 5 seconds. When hitting an enemy's weakness, Wanwan deals 67 (+3 × Hero Level) Extra True Damage and increases their damage taken from her subsequent attacks by 10% for 5 seconds.Wanwan can dash a short distance after each arrow fired from her  Basic Attack. The dash speed scales with her Attack Speed.Skill terms\nTrue Damage\nIf there is no way to reduc""}, {'skill_name': 'Skill 1', 'skill_icon': 'hero-skills-images/wanwan/skill_1.png', 'type': 'active', 'cooldown': '10.0', 'manacost': '85 / 90 / 95 / 100 / 105 / 110', 'description': ""Swallow's PathAOE\xa0CCWanwan throws a Fire Swallow in the target direction, triggering  Tiger Pace while dealing 120 (+40% Total Physical Attack) Physical Damage to enemies in its path. The Fire Swallow then turns into 3 rotating Swallow Daggers. After a short delay, these Swallow Daggers will fly back to Wanwan one after another, dealing 60 (+65% Total Physical Attack) Physical Damage to enemies on their way back and slowing them by 30% for 1.5 seconds. Enemies hit by the Swallow Dagger twice are""}, {'skill_name': 'Needles in Flowers', 'skill_icon': 'hero-skills-images/wanwan/skill_2.png', 'type': 'active', 'cooldown': '24.0', 'manacost': '100 / 95 / 90 / 85 / 80 / 75', 'description': 'Needles in FlowersRemove CC\xa0AOEWanwan removes all control effects on herself and triggers  Tiger Pace. Meanwhile, she shoots Deadly Needles in all directions, dealing 150 (+60% Total Physical Attack) Physical Damage to enemies hit.Skill terms\nExceptional Status\nDebuff applied to the enemy.\nPhysical Skill\nDeal Physical DMG to enemies. Triggers Spell Vamp.\n\nLevel scaling\n\n\nProperties\n\n1\n\n2\n\n3\n\n4\n\n5\n\n6\n\n\nCooldown\n\n24.0\n\n23.2\n\n22.4\n\n21.6\n\n20.8\n\n20.0\n\n\nMana Cost\n\n100\n\n95\n\n90\n\n85\n\n80\n\n75\n\n\nBase Damage'}, {'skill_name': 'Crossbow of Tang', 'skill_icon': 'hero-skills-images/wanwan/ultimate.png', 'type': 'active', 'cooldown': '50.0', 'manacost': '130 / 150 / 170', 'description': 'Crossbow of TangBurst | Attack Effects: 35%Wanwan leaps into the air and fires arrows at the target enemy hero for 2.5 seconds in rapid succession, dealing 60 (+35% Total Physical Attack) Physical Damage per arrow. If the target is killed during this attack, Wanwan will switch to another enemy hero in her attack range, gain 30% Attack Speed, and extend the skill duration by 1 second (this effect can trigger up to 3 times). Wanwan is untargetable and invincible for the duration and can trigger  T'}]","['Finisher', 'Burst']","[{'heroid': 106, 'heroname': 'Phoveus'}, {'heroid': 33, 'heroname': 'Cyclops'}, {'heroid': 12, 'heroname': 'Bruno'}, {'heroid': 8, 'heroname': 'Karina'}, {'heroid': 68, 'heroname': 'Lunox'}, {'heroid': 62, 'heroname': 'Kaja'}, {'heroid': 88, 'heroname': 'Masha'}, {'heroid': 48, 'heroname': 'Diggie'}, {'heroid': 78, 'heroname': 'Khufra'}, {'heroid': 94, 'heroname': 'Popol and Kupa'}]","[{'heroid': 94, 'heroname': 'Popol and Kupa'}, {'heroid': 55, 'heroname': 'Angela'}, {'heroid': 112, 'heroname': 'Floryn'}, {'heroid': 99, 'heroname': 'Barats'}, {'heroid': 96, 'heroname': 'Luo Yi'}, {'heroid': 52, 'heroname': 'Pharsa'}, {'heroid': 66, 'heroname': 'Vale'}, {'heroid': 126, 'heroname': 'Suyou'}, {'heroid': 88, 'heroname': 'Masha'}, {'heroid': 37, 'heroname': 'Lapu-Lapu'}]"
89,h090,Silvanna,https://akmweb.youngjoygame.com/web/svnres/img/mlbb/homepage/100_5e7b297af7c6e32a420b897aa4998071.png,['exp lane'],Fighter,"[{'skill_name': 'Deduction of Physical', 'skill_icon': 'hero-skills-images/silvanna/passive.png', 'type': 'passive', 'cooldown': 'null', 'manacost': 'null', 'description': ""Knightess' ResolveBuff\xa0DebuffSilvanna's Basic Attacks deal 25 (+45% Total Physical Attack) (+75% Total Magic Power) Magic Damage.Silvanna's attacks apply a mark on enemy heroes for 5 seconds on hit, each mark reducing their Physical & Magic Defense by 3–6 (up to 5 stacks).Silvanna deals 30% extra damage to enemy heroes with the max number of marks.Skill terms\nMagic Basic Attack\nDeal Magic DMG to enemies. It can trigger ATK Effect and Magic Lifesteal.\nPhysical Defense\nDeduction of Physical Damage""}, {'skill_name': 'Cometic Lance', 'skill_icon': 'hero-skills-images/silvanna/skill_1.png', 'type': 'active', 'cooldown': '11.0', 'manacost': '70 / 78 / 86 / 94 / 102 / 110', 'description': 'Cometic LanceMobility\xa0CCSilvanna dashes forward. Upon reaching the max range or hitting a non-minion enemy, she swings her lance, dealing 250 (+100% Total Magic Power) Magic Damage to nearby enemies and stunning them for 1 second.Skill terms\nStun\nBasic level Crowd Control: Prevents a target from moving, and using Basic Attacks and skills. Can interrupt some skills.\nBlink\nMovement ability that can pass through obstacles.\nMagic Skill\nDeal Magic DMG to enemies. Triggers Spell Vamp.\n\nLevel scaling'}, {'skill_name': 'Spiral Strangling', 'skill_icon': 'hero-skills-images/silvanna/skill_2.png', 'type': 'active', 'cooldown': '5.5', 'manacost': '35 / 40 / 45 / 50 / 55 / 60', 'description': 'Spiral StranglingAOE\xa0ShieldSilvanna thrusts her lance in the target direction and spins it 6 times while gaining a 350 (+150% Total Magic Power) shield. Each spin deals 165 (+45% Total Magic Power) Magic Damage and slightly pulls targets toward the center. Silvanna spins 1 additional time for every 50% of extra Attack Speed she possesses.The skill deals only 50% damage against Minions. Spiral Strangling counts as a  Basic Attack but cannot Crit.Skill terms\nShield\nSpecial HP is preferentially ded'}, {'skill_name': 'Imperial Justice', 'skill_icon': 'hero-skills-images/silvanna/ultimate.png', 'type': 'active', 'cooldown': '52.0', 'manacost': '130 / 140 / 150', 'description': 'Imperial JusticeCC\xa0AOESilvanna leaps to the target location and creates a Circle of Light upon landing, dealing 350 (+110% Total Magic Power) Magic Damage to enemies in the area, slowing them by 40% for 1.5 seconds, and restraining the closest enemy hero to the area for 3.5 seconds. (This skill cannot be interrupted)Silvanna gains 100% [extra] Attack Speed and 40% [extra] Lifesteal when in the Circle.Skill terms\nRestrain\nA state that prevents a target from moving out of a specific area.\nATK Spee'}]","['Initiator', 'Magic Damage']","[{'heroid': 99, 'heroname': 'Barats'}, {'heroid': 111, 'heroname': 'Edith'}, {'heroid': 82, 'heroname': 'Terizla'}, {'heroid': 70, 'heroname': 'Belerick'}, {'heroid': 36, 'heroname': 'Aurora'}, {'heroid': 97, 'heroname': 'Benedetta'}, {'heroid': 84, 'heroname': 'Ling'}, {'heroid': 128, 'heroname': 'Kalea'}]","[{'heroid': 20, 'heroname': 'Lolita'}, {'heroid': 35, 'heroname': 'Hilda'}, {'heroid': 77, 'heroname': 'Badang'}, {'heroid': 34, 'heroname': 'Estes'}, {'heroid': 14, 'heroname': 'Rafaela'}, {'heroid': 19, 'heroname': 'Minotaur'}, {'heroid': 98, 'heroname': 'Khaleed'}, {'heroid': 62, 'heroname': 'Kaja'}, {'heroid': 124, 'heroname': 'Chip'}, {'heroid': 92, 'heroname': 'Carmilla'}]"
90,h091,Cecilion,https://akmweb.youngjoygame.com/web/svnres/img/mlbb/homepage/100_045399c265021d47da6512e6de20b64f.png,['mid lane'],Mage,"[{'skill_name': 'Overflowing', 'skill_icon': 'hero-skills-images/cecilion/passive.png', 'type': 'passive', 'cooldown': 'null', 'manacost': 'null', 'description': 'OverflowingBuffCecilion increases his Max Mana by 10 and restores the same amount of Mana his skill hits an enemy target. Cooldown: 1 second.Cecilion has higher Max Mana and Mana Regen, and his skill damage scales with his Max Mana.Skill terms\nMax Mana\nThe maximum of mana can have currently.\nMana Regen\nMana regens every 1 second.\n\nIcon\xa0variants\n\n\nLevel scaling\n\n\nProperty\n\n1\n\n\nCooldown\n\n1.0\nUltimate level scalingInvalid input format. Expected format: Label: value1/value2/...Hero level scalingInva'}, {'skill_name': 'Bat Impact', 'skill_icon': 'hero-skills-images/cecilion/skill_1.png', 'type': 'active', 'cooldown': '1.5', 'manacost': '75', 'description': 'Bat ImpactAOE\xa0Speed UpCecilion orders a giant bat to dive in a designated direction, dealing 100–250 (+80% Total Magic Power) (+5% Total Mana) Magic Damage to enemies on the path. The giant bat will stay at its destination and launch another attack, dealing 200–500 (+160% Total Magic Power) (+10% Total Mana) Magic Damage to enemies and triggering  Overflowing extra 1 time.In 6 seconds, every time Cecilion casts this skill, the mana cost will be increased by 1.8 time(s) (capped at 4 times). While'}, {'skill_name': 'Sanguine Claws', 'skill_icon': 'hero-skills-images/cecilion/skill_2.png', 'type': 'active', 'cooldown': '12.0', 'manacost': '95 / 100 / 105 / 110 / 115 / 120', 'description': ""Sanguine ClawsCC\xa0AOECecilion summons a pair of claws in a designated location. After a short delay, the claws will move toward each other and pull enemies along the way to the center, dealing 200–300 (+45% Total Magic Power) (+1.2% Total Mana) Magic Damage and immobilizing them for 1 second.Skill terms\nImmobilized\nA state that prevents a target from moving. The target can't use Blink within the duration.\nMagic Skill\nDeal Magic DMG to enemies. Triggers Spell Vamp.\n\nIcon\xa0variants\n\n\nLevel scaling""}, {'skill_name': 'Bats Feast', 'skill_icon': 'hero-skills-images/cecilion/ultimate.png', 'type': 'active', 'cooldown': '44.0', 'manacost': '150 / 200 / 250', 'description': 'Bats FeastBurst\xa0Speed UpCecilion unleashes Blood Demon power [for 6 seconds], increasing his Movement Speed by 60% (decaying rapidly over 1.5 seconds) and gaining immunity to slow effects. Meanwhile, he shoots 40 bolts of blood energy at the enemies nearby, each dealing 35–45 (+8% Total Magic Power) (+0.3% Total Mana) Magic Damage and slowing them by 3% (up to 30%) for 1 second.Hitting an enemy heals him for 10 and 1% of his lost HP.Skill terms\nMovement Speed\nMovement Speed on the battlefield. U'}]","['Poke', 'Burst']","[{'heroid': 69, 'heroname': 'Hanzo'}, {'heroid': 21, 'heroname': 'Hayabusa'}, {'heroid': 113, 'heroname': 'Yin'}, {'heroid': 109, 'heroname': 'Aamon'}, {'heroid': 104, 'heroname': 'Gloo'}, {'heroid': 121, 'heroname': 'Ixia'}, {'heroid': 119, 'heroname': 'Novaria'}, {'heroid': 68, 'heroname': 'Lunox'}, {'heroid': 42, 'heroname': 'Harley'}, {'heroid': 64, 'heroname': 'Aldous'}]","[{'heroid': 42, 'heroname': 'Harley'}, {'heroid': 92, 'heroname': 'Carmilla'}, {'heroid': 56, 'heroname': 'Gusion'}, {'heroid': 53, 'heroname': 'Lesley'}, {'heroid': 58, 'heroname': 'Martis'}, {'heroid': 88, 'heroname': 'Masha'}, {'heroid': 73, 'heroname': 'Harith'}, {'heroid': 103, 'heroname': 'Paquito'}, {'heroid': 63, 'heroname': 'Selena'}, {'heroid': 100, 'heroname': 'Brody'}]"
91,h092,Carmilla,https://akmweb.youngjoygame.com/web/svnres/img/mlbb/homepage/100_6fb8f120dafdcbc1b5da2a2667016ad5.png,['roam'],"Support, Tank","[{'skill_name': 'Vampire Pact', 'skill_icon': 'hero-skills-images/carmilla/passive.png', 'type': 'passive', 'cooldown': 'null', 'manacost': 'null', 'description': 'Vampire PactBuff\xa0DebuffEach time Carmilla deals damage to an enemy hero, she steals 7–11 Physical Defense & Magic Defense (scales with level) from them. The stolen Physical and Magic Defense can stack up to 5 times and last 5 seconds. However, Carmilla can only steal defense from the same enemy hero once every 5 seconds.Skill terms\nPhysical Defense\nDeduction of Physical Damage taken. Physical Defense will be affected by the enemy’s Physical PEN but not lower than 0.  Actual Physical Damage taken'}, {'skill_name': 'Crimson Flower', 'skill_icon': 'hero-skills-images/carmilla/skill_1.png', 'type': 'active', 'cooldown': '9.0', 'manacost': '50 / 58 / 66 / 74 / 82 / 90', 'description': 'Crimson FlowerDamage\xa0Heal | Spell Vamp Ratio: 50%Carmilla summons two Crimson Flowers that circle around her for 5 seconds dealing 100–200 (+50% Total Magic Power) Magic Damage each time they hit an enemy and slowing them by 10% for 0.8 seconds (the slow effect stacks up to 50%). The circling speed of the Crimson Flowers also increases with each hit.[speed unknown]Carmilla recovers 75–150 (+35% Total Magic Power) HP each time a Crimson Flower deals damage (only recovers 30% of that amount when h'}, {'skill_name': 'BloodbathSpeed Up', 'skill_icon': 'hero-skills-images/carmilla/skill_2.png', 'type': 'active', 'cooldown': '12.0', 'manacost': '85 / 100 / 115 / 130 / 145 / 160', 'description': 'BloodbathSpeed Up\xa0CCCarmilla accumulates Bloodbath Energy, gaining 70% Movement Speed that decays over 4.5 seconds.Use Again: Carmilla unleashes the accumulated Bloodbath Energy on the target enemy hero or Creep, dealing 150–300 (+120% Total Magic Power) Magic Damage and stunning them for 0.6 seconds. The damage and stun duration scale with the accumulation time (up to 100%).Skill terms\nMovement Speed\nMovement Speed on the battlefield. Usually Calculated and Actual Movement Speed is equal. But w'}, {'skill_name': 'Curse of Blood', 'skill_icon': 'hero-skills-images/carmilla/ultimate.png', 'type': 'active', 'cooldown': '60.0', 'manacost': '150 / 175 / 200', 'description': 'Curse of BloodCC | Spell Vamp Ratio: 50%Carmilla casts Curse of Blood on the target location, slowing enemies hit by 50%. After 0.8 seconds, enemies still within the area will take 450–750 (+130% Total Magic Power) Magic Damage, and will be immobilized for 1 seconds, slowed by 30% and linked for 5 seconds.When a linked enemy takes damage or becomes controlled, all the other linked targets take 50% of the damage and become controlled for 100% of the duration. Enemies can move away from one anothe'}]","['Crowd Control', 'Damage']","[{'heroid': 110, 'heroname': 'Valentina'}, {'heroid': 83, 'heroname': 'X.Borg'}, {'heroid': 97, 'heroname': 'Benedetta'}, {'heroid': 119, 'heroname': 'Novaria'}, {'heroid': 102, 'heroname': 'Mathilda'}, {'heroid': 24, 'heroname': 'Natalia'}, {'heroid': 48, 'heroname': 'Diggie'}, {'heroid': 69, 'heroname': 'Hanzo'}, {'heroid': 84, 'heroname': 'Ling'}, {'heroid': 76, 'heroname': 'Faramis'}]","[{'heroid': 24, 'heroname': 'Natalia'}, {'heroid': 3, 'heroname': 'Saber'}, {'heroid': 16, 'heroname': 'Zilong'}, {'heroid': 76, 'heroname': 'Faramis'}, {'heroid': 91, 'heroname': 'Cecilion'}, {'heroid': 17, 'heroname': 'Fanny'}, {'heroid': 90, 'heroname': 'Silvanna'}, {'heroid': 26, 'heroname': 'Chou'}, {'heroid': 56, 'heroname': 'Gusion'}, {'heroid': 88, 'heroname': 'Masha'}]"
92,h093,Atlas,https://akmweb.youngjoygame.com/web/svnres/img/mlbb/homepage/100_d974ac796678180ff8724b88e192898b.png,['roam'],Tank,"[{'skill_name': 'Frigid Breath', 'skill_icon': 'hero-skills-images/atlas/passive.png', 'type': 'passive', 'cooldown': 'null', 'manacost': 'null', 'description': 'Frigid BreathBuff\xa0DebuffAtlas generates  Frigid Breath around him for 5 seconds each time he casts a skill. Enemies who stay in the area over 1.5 seconds will have their Movement Speed gradually reduced until they are frozen for 0.5 seconds.Atlas gains 16-30 extra Physical and Magic Defense when Frigid Breath is present.Skill terms\nPhysical Defense\nDeduction of Physical Damage taken. Physical Defense will be affected by the enemy’s Physical PEN but not lower than 0.  Actual Physical Damage taken'}, {'skill_name': 'Annihilate', 'skill_icon': 'hero-skills-images/atlas/skill_1.png', 'type': 'active', 'cooldown': '7.0', 'manacost': '60 / 66 / 72 / 78 / 84 / 90', 'description': 'AnnihilateAOEAtlas smashes the ground and causes 3 explosions. Each explosion deals 230–430 (+60% Total Magic Power) Magic Damage to enemies.Ejected State: If Atlas has ejected from his Mecha Sentry, both himself and his Mecha will cast  Annihilate.Skill terms\nMagic Skill\nDeal Magic DMG to enemies. Triggers Spell Vamp.\n\nLevel scaling\n\n\nProperties\n\n1\n\n2\n\n3\n\n4\n\n5\n\n6\n\n\nCooldown\n\n7.0\n\n6.5\n\n6.0\n\n5.5\n\n5.0\n\n4.5\n\n\nMana Cost\n\n60\n\n66\n\n72\n\n78\n\n84\n\n90\n\n\nBase Damage\n\n230\n\n270\n\n310\n\n350\n\n390\n\n430'}, {'skill_name': 'Perfect Match', 'skill_icon': 'hero-skills-images/atlas/skill_2.png', 'type': 'active', 'cooldown': '15.0', 'manacost': '75 / 80 / 85 / 90 / 95 / 100', 'description': 'Perfect MatchMobility\xa0CCAtlas enters Ejected State, gaining 40% Movement Speed and immunity to slow effects. In this state, the Mecha Sentry will follow the pilot at an increasing speed (can only be controlled by Suppression). Once they meet, Atlas will return to the Mecha, dealing 320–420 (+80% Total Magic Power) Magic Damage to enemies nearby and stunning them for 1 second.Ejected State: Atlas and his Mecha share the same HP bar and reduce 50% of the damage taken in this state.Skill terms\nSlow'}, {'skill_name': 'Fatal Links', 'skill_icon': 'hero-skills-images/atlas/ultimate.png', 'type': 'active', 'cooldown': '55.0', 'manacost': '130 / 150 / 170', 'description': 'Fatal LinksCC\xa0AOEAtlas hurls chains around and starts to channel (can only be interrupted by suppressing), dealing 225–475 (+75% Total Magic Power) Magic Damage to enemy heroes hit and slowing them by 40% for 3 seconds.Use this skill again while channeling: Atlas will drag the targets toward him and plunk them down on the designated location, dealing 360–760 (+180% Total Magic Power) Magic Damage.Use this skill in Ejected State: The Mecha Sentry will return to Atlas immediately, but the stun eff'}]","['Crowd Control', 'Initiator']","[{'heroid': 89, 'heroname': 'Wanwan'}, {'heroid': 110, 'heroname': 'Valentina'}, {'heroid': 4, 'heroname': 'Alice'}, {'heroid': 47, 'heroname': 'Lancelot'}, {'heroid': 84, 'heroname': 'Ling'}, {'heroid': 48, 'heroname': 'Diggie'}, {'heroid': 17, 'heroname': 'Fanny'}, {'heroid': 69, 'heroname': 'Hanzo'}]","[{'heroid': 108, 'heroname': 'Aulus'}, {'heroid': 28, 'heroname': 'Alpha'}, {'heroid': 116, 'heroname': 'Julian'}, {'heroid': 86, 'heroname': 'Lylia'}, {'heroid': 64, 'heroname': 'Aldous'}, {'heroid': 76, 'heroname': 'Faramis'}, {'heroid': 105, 'heroname': 'Beatrix'}, {'heroid': 38, 'heroname': 'Vexana'}, {'heroid': 88, 'heroname': 'Masha'}, {'heroid': 74, 'heroname': 'Minsitthar'}]"
93,h094,Popol and Kupa,https://akmweb.youngjoygame.com/web/svnres/img/mlbb/homepage/100_1acbb23b9a50f412104047a60eb18808.png,"['jungle, gold lane']",Marksman,"[{'skill_name': 'We Are Friends', 'skill_icon': 'hero-skills-images/popol_and_kupa/passive.png', 'type': 'passive', 'cooldown': 'null', 'manacost': 'null', 'description': ""We Are FriendsBuffPopol's good care allows Kupa to recover 10% Max HP per second after not taking damage for 5 seconds. When Kupa is down, Popol can pray for 3 seconds to bring it back to the battlefield. Cooldown: 30 seconds. After launching 3 consecutive attacks on the enemy, Kupa will enhance Popol's  next attack, allowing him to deal (+220% Total Physical Attack) Physical Damage on hit. Kupa has 2500 (+1200% Total Physical Attack) HP and inherits 100% of Popol's other attributes and equipmen""}, {'skill_name': 'Skill 1', 'skill_icon': 'hero-skills-images/popol_and_kupa/skill_1.png', 'type': 'active', 'cooldown': 'null', 'manacost': 'null', 'description': 'With KupaWithout Kupa'}, {'skill_name': 'Skill 2', 'skill_icon': 'hero-skills-images/popol_and_kupa/skill_2.png', 'type': 'active', 'cooldown': 'null', 'manacost': 'null', 'description': 'With KupaWithout Kupa'}, {'skill_name': 'Ultimate', 'skill_icon': 'hero-skills-images/popol_and_kupa/ultimate.png', 'type': 'active', 'cooldown': '38.0', 'manacost': '100 / 120 / 140', 'description': 'We Are Angry!BuffPopol and Kupa enter the Enraged state for 12 seconds:'}]","['Push', 'Burst']","[{'heroid': 60, 'heroname': 'Hanabi'}, {'heroid': 93, 'heroname': 'Atlas'}, {'heroid': 92, 'heroname': 'Carmilla'}, {'heroid': 96, 'heroname': 'Luo Yi'}, {'heroid': 37, 'heroname': 'Lapu-Lapu'}, {'heroid': 27, 'heroname': 'Sun'}, {'heroid': 99, 'heroname': 'Barats'}, {'heroid': 82, 'heroname': 'Terizla'}, {'heroid': 4, 'heroname': 'Alice'}]","[{'heroid': 79, 'heroname': 'Granger'}, {'heroid': 53, 'heroname': 'Lesley'}, {'heroid': 121, 'heroname': 'Ixia'}, {'heroid': 100, 'heroname': 'Brody'}, {'heroid': 13, 'heroname': 'Clint'}, {'heroid': 65, 'heroname': 'Claude'}, {'heroid': 105, 'heroname': 'Beatrix'}, {'heroid': 12, 'heroname': 'Bruno'}, {'heroid': 31, 'heroname': 'Moskov'}]"
94,h095,Yu Zhong,https://akmweb.youngjoygame.com/web/svnres/img/mlbb/homepage_92/100_9823ce4fe5eb89c0082b24f6d5ea67f6.png,['exp lane'],Fighter,"[{'skill_name': 'Cursing Touch', 'skill_icon': 'hero-skills-images/yu_zhong/passive.png', 'type': 'passive', 'cooldown': 'null', 'manacost': 'null', 'description': ""Cursing TouchBuffYu Zhong applies Sha Residue to enemy heroes every time he deals Physical damage to them. Sha Residue erupts reaching 5 stacks a and begins consuming 1 stack every 0.5 seconds. Each stack consumed deals 30 (+20% Extra Physical Attack) (+target's 2% Lost HP) Physical Damage, restores 6% of Yu Zhong's lost HP and increased his Movement Speed by 30% for 2 seconds.Skill terms\nLost HP\nLost HP = Max HP - Current HP.\nCalculation\n\n  \n    \n      \n        \n          \n            e""}, {'skill_name': 'Dragon Tail', 'skill_icon': 'hero-skills-images/yu_zhong/skill_1.png', 'type': 'active', 'cooldown': '6.0', 'manacost': 'null', 'description': 'Dragon TailAOEYu Zhong infuses his power into his cloak and turns it into a weapon, which starts to attack nearby enemies after a short delay. The inner area of the cloak deals 220–400 (+100% Extra Physical Attack) Physical Damage, whereas the sharpened edge deals 275% damage and applies 2 stacks of Sha Residue.Skill terms\nPhysical Skill\nDeal Physical DMG to enemies. Triggers Spell Vamp.\nExtra Physical Attack\nTotal Physical Attack bonuses from sources like equipment, Emblems, and skills (does no'}, {'skill_name': 'Soul Grip', 'skill_icon': 'hero-skills-images/yu_zhong/skill_2.png', 'type': 'active', 'cooldown': '14.0', 'manacost': 'null', 'description': ""Soul GripSlow\xa0MobilityYu Zhong unleashes the Dragon Soul, dealing 150–300 (+120% Extra Physical Attack) Physical Damage to all enemies in front and slowing them by 60% for 1 second.Upon target hit, Yu Zhong's next Basic Attack will be enhanced [for 5 seconds], dealing 108–216 (+100% Total Physical Attack) Physical Damage [and (+100% Total Physical Attack) Physical Damage behind the target]. (Upon multiple target hit, Yu Zhong applies Sha Residue multiple times with the enhanced Basic Attack, dea""}, {'skill_name': 'Black Dragon FormMorph', 'skill_icon': 'hero-skills-images/yu_zhong/ultimate.png', 'type': 'active', 'cooldown': '85.0', 'manacost': 'null', 'description': 'Black Dragon FormMorph\xa0BuffAfter channeling for 0.7 seconds, Yu Zhong transforms into the Black Dragon Form. For up to 7 seconds, he cannot use skills but can move freely and will knock back enemy heroes in this path while dealing gains 180–310 (+80% Total Physical Attack) Physical Damage. He also gains 600–1000 (+200% Extra Physical Attack) Max HP, becomes immune to control effects, and ignores obstacles in this form.Upon exiting the Black Dragon form, Yu Zhong enters Dragonoid Form, gaining in'}]","['Regen', 'Damage']","[{'heroid': 88, 'heroname': 'Masha'}, {'heroid': 89, 'heroname': 'Wanwan'}, {'heroid': 123, 'heroname': 'Cici'}, {'heroid': 68, 'heroname': 'Lunox'}, {'heroid': 111, 'heroname': 'Edith'}, {'heroid': 40, 'heroname': 'Karrie'}, {'heroid': 76, 'heroname': 'Faramis'}, {'heroid': 48, 'heroname': 'Diggie'}]","[{'heroid': 27, 'heroname': 'Sun'}, {'heroid': 108, 'heroname': 'Aulus'}, {'heroid': 22, 'heroname': 'Freya'}, {'heroid': 28, 'heroname': 'Alpha'}, {'heroid': 112, 'heroname': 'Floryn'}, {'heroid': 55, 'heroname': 'Angela'}, {'heroid': 48, 'heroname': 'Diggie'}, {'heroid': 94, 'heroname': 'Popol and Kupa'}]"
95,h096,Luo Yi,https://akmweb.youngjoygame.com/web/svnres/img/mlbb/homepage/100_103541726507f5ce102689f04fe215e8.png,['mid lane'],Mage,"[{'skill_name': 'Duality', 'skill_icon': 'hero-skills-images/luo_yi/passive.png', 'type': 'passive', 'cooldown': 'null', 'manacost': 'null', 'description': ""DualityBurst\xa0CCLuo Yi's skills create Sigils of Yin/Yang on the battlefield. Each Sigil lasts up to 6 seconds.Sigils opposite attributes will trigger Yin-Yang Reaction when they are within a certain distance,[how much?] dealing 365 (+20 × Hero Level) (+190% Total Magic Power) Magic Damage to the marked [enemy heroes], stunning them for 1 second, and pulling them toward each other .Each time Luo Yi applies a new Sigil to a marked enemy [hero], she gains 300 (+10 × Hero Level) (+150% Total Magic P""}, {'skill_name': 'Dispersion', 'skill_icon': 'hero-skills-images/luo_yi/skill_1.png', 'type': 'active', 'cooldown': '1.2', 'manacost': '50 / 58 / 66 / 74 / 82 / 90', 'description': 'DispersionAOELuo Yi casts the energy of Yin/Yang in the target direction, dealing 210–410 (+120% Total Magic Power) Magic Damage to the first enemy hit ad those behind in a cone. Enemy heroes hit are marked with Sigil of Yin/Yang.Luo Yi stores up to 4 Dispersion charges and gains 1 charge every 8 seconds. She also gains 1 charge each time Yin-Yang Reaction is triggered.The state of this skill changes on each cast.Skill terms\nMagic Skill\nDeal Magic DMG to enemies. Triggers Spell Vamp.\nEnergy Char'}, {'skill_name': 'Rotation', 'skill_icon': 'hero-skills-images/luo_yi/skill_2.png', 'type': 'active', 'cooldown': '12.0', 'manacost': '120 / 130 / 140 / 150 / 160 / 170', 'description': 'RotationAOE\xa0SlowLuo Yi summons Fire of Yang/Aqua of Yin at a target location, dealing 250–350 (+50% Total Magic Power) Magic Damage to enemies hit and slowing them by 60% for 0.5 seconds.Fire of Yang/Aqua of Yin then remains at the location for 6 seconds, dealing 50–70 (+10% Total Magic Power) Magic Damage every 0.7 seconds. It can also trigger Yin-Yang Reaction with mark of opposite attributes.The state of this skill changes on each cast.Skill terms\nMagic Skill\nDeal Magic DMG to enemies. Trigge'}, {'skill_name': 'Ultimate', 'skill_icon': 'hero-skills-images/luo_yi/ultimate.png', 'type': 'active', 'cooldown': '6%', 'manacost': '0', 'description': 'DiversionTeleportActive: Luo Yi creates a Teleport Circle around herself and marks target location (within 20 units) as its destination. After 3 seconds delay, allied heroes (including herself) within the Circle will be teleported to the location.Passive: Luo Yi’s Cooldown Reduction is increased by 6%–10%.Skill terms\nBlink\nMovement ability that can pass through obstacles.\nCD Reduction\nAttribute for reducing the Skill Charging Time and Skill CD, the default of which is 0. It can be gained via ite'}]","['Support', 'Crowd Control']","[{'heroid': 119, 'heroname': 'Novaria'}, {'heroid': 69, 'heroname': 'Hanzo'}, {'heroid': 118, 'heroname': 'Joy'}, {'heroid': 23, 'heroname': 'Gord'}, {'heroid': 104, 'heroname': 'Gloo'}, {'heroid': 97, 'heroname': 'Benedetta'}, {'heroid': 105, 'heroname': 'Beatrix'}, {'heroid': 64, 'heroname': 'Aldous'}, {'heroid': 20, 'heroname': 'Lolita'}, {'heroid': 122, 'heroname': 'Nolan'}]","[{'heroid': 93, 'heroname': 'Atlas'}, {'heroid': 73, 'heroname': 'Harith'}, {'heroid': 89, 'heroname': 'Wanwan'}, {'heroid': 42, 'heroname': 'Harley'}, {'heroid': 31, 'heroname': 'Moskov'}, {'heroid': 34, 'heroname': 'Estes'}, {'heroid': 19, 'heroname': 'Minotaur'}, {'heroid': 49, 'heroname': 'Hylos'}, {'heroid': 65, 'heroname': 'Claude'}, {'heroid': 78, 'heroname': 'Khufra'}]"
96,h097,Benedetta,https://akmweb.youngjoygame.com/web/svnres/img/mlbb/homepage/100_b4a5e537894bdc00787e80e4d3ada5dd.png,['exp lane'],"Assassin, Fighter","[{'skill_name': 'Elapsed Daytime', 'skill_icon': 'hero-skills-images/benedetta/passive.png', 'type': 'passive', 'cooldown': 'null', 'manacost': 'null', 'description': ""Elapsed DaytimeMobility\xa0DamageWhen holding down the Basic Attack button, Benedetta enters the Swordout state and charges up Sword Intent. If the Basic Attack button released after the Sword Intent is fully charged, Benedetta will use Swordout Slash in the direction she's facing and dash forward, dealing (+215% Total Physical Attack) Physical Damage to enemies on the path (counts as Skill Damage and is reduced to 50% on Minions and Creeps)  Benedetta can only use Swordout Slash when her Sword Int""}, {'skill_name': 'Phantom Slash', 'skill_icon': 'hero-skills-images/benedetta/skill_1.png', 'type': 'active', 'cooldown': '10.0', 'manacost': '55 / 61 / 67 / 73 / 79 / 85', 'description': 'Phantom SlashAOE\xa0MobilityBenedetta withdraws swiftly and leaves a shadow in front. After a short delay, her shadow slashes forward in a fan-shaped area, dealing 200–360 (+75% Total Physical Attack) Physical Damage and slowing the enemies by 60% for 0.5 seconds.  Meanwhile, Benedetta dashes forward to slash, dealing 75–175 (+100% Total Physical Attack) Physical Damage. (If the target is hit by her shadow, damage caused by Benedetta herself will increase to 200%.)Skill terms\nPhysical Damage Skill'}, {'skill_name': 'An Eye for An Eye', 'skill_icon': 'hero-skills-images/benedetta/skill_2.png', 'type': 'active', 'cooldown': '15.0', 'manacost': '100 / 105 / 110 / 115 / 120 / 125', 'description': 'An Eye for An EyeMobility\xa0BuffBenedetta raises her weapon to defend, gaining Control Immunity and blocking damage from any source for 0.8 seconds. After this, she stabs in the designated direction, dealing 300–450 (+80% Total Physical Attack) Physical Damage.  If Benedetta successfully fends off any damage while defending, she will gain full Sword Intent. If she fends off any control effects, her subsequent stab stuns the target for 1.5 seconds.Skill terms\nControl Immunity\nYou are immune to enem'}, {'skill_name': 'Ultimate', 'skill_icon': 'hero-skills-images/benedetta/ultimate.png', 'type': 'active', 'cooldown': '45.0', 'manacost': '110 / 135 / 160', 'description': ""Alecto: Final BlowBurst\xa0Mobility | Spell Vamp Ratio: 25%Benedetta clenches Alecto, dashes forward (Benedetta is untargetable during the dash), and performs a slash after a short delay,[duration needed] detonating the Sword Intent along the path. For 2.5 seconds, the Sword Intent deals up to a total of 1560–2080 (+1105% Extra Physical Attack) Physical Damage to enemies within and slows them by 50%.Skill terms\nUntargetable\nYou are immune to enemy damage effects within the duration. It doesn't remo""}]","['Chase', 'Burst']","[{'heroid': 106, 'heroname': 'Phoveus'}, {'heroid': 123, 'heroname': 'Cici'}, {'heroid': 130, 'heroname': 'Obsidia'}, {'heroid': 3, 'heroname': 'Saber'}, {'heroid': 33, 'heroname': 'Cyclops'}, {'heroid': 43, 'heroname': 'Irithel'}, {'heroid': 110, 'heroname': 'Valentina'}, {'heroid': 12, 'heroname': 'Bruno'}, {'heroid': 102, 'heroname': 'Mathilda'}, {'heroid': 68, 'heroname': 'Lunox'}]","[{'heroid': 108, 'heroname': 'Aulus'}, {'heroid': 117, 'heroname': 'Fredrinn'}, {'heroid': 28, 'heroname': 'Alpha'}, {'heroid': 99, 'heroname': 'Barats'}, {'heroid': 116, 'heroname': 'Julian'}, {'heroid': 112, 'heroname': 'Floryn'}, {'heroid': 27, 'heroname': 'Sun'}, {'heroid': 55, 'heroname': 'Angela'}, {'heroid': 8, 'heroname': 'Karina'}, {'heroid': 40, 'heroname': 'Karrie'}]"
97,h098,Khaleed,https://akmweb.youngjoygame.com/web/svnres/img/mlbb/homepage/100_540a6a9d343842674ce002082366ec9d.png,"['exp lane, roam']",Fighter,"[{'skill_name': 'Sand WalkSpeed Up', 'skill_icon': 'hero-skills-images/khaleed/passive.png', 'type': 'passive', 'cooldown': 'null', 'manacost': 'null', 'description': 'Sand WalkSpeed Up\xa0DamageKhaleed accumulates Desert Power while moving. After Desert Power is fully charged, he will glide on sand, increasing Movement Speed by 35%, making his next  Basic Attack deal 50 (+140% Total Physical Attack) Physical Damage to the target (cannot critically strike), and reducing the target\'s Movement Speed by 40% for 1.5 seconds. Notes This effect can trigger item effects such as \xa0Blade of the Heptaseas\' passive - ""Ambush"". Increase  Khaleed\'s attack range to 5. Khaleed m'}, {'skill_name': 'Desert Tornado', 'skill_icon': 'hero-skills-images/khaleed/skill_1.png', 'type': 'active', 'cooldown': '6.5', 'manacost': 'null', 'description': 'Desert TornadoAOEKhaleed whirls his scimitar, dealing 200–525 (+140% Total Physical Attack) Physical Damage to enemies in the area and pulling them toward him. This skill can be used up to 3 time(s) in a row.  This skill deals 50%-75% damage to Minions and Creeps.Skill terms\nPhysical Damage Skill\nDeal Physical DMG to enemies. Triggers Spell Vamp.\nBlink\nMovement ability that can pass through obstacles.\nPull\nTarget Displacement: Cannot interrupt skills or Blink.\n\nLevel scaling\n\n\nProperties\n\n1\n\n2'}, {'skill_name': 'Quicksand', 'skill_icon': 'hero-skills-images/khaleed/skill_2.png', 'type': 'active', 'cooldown': '22.0', 'manacost': 'null', 'description': 'Quicksand GuardReduce DMG\xa0HealKhaleed protects himself with the power of the quicksand, restoring 60-135 plus 5%-10% of his lost HP and 10 Desert Power every 0.5 seconds, reducing damage taken by 35%-50% for up to 4 seconds.  While channeling, quicksand appears under his feet, slowing the enemy by 60%. This skill is a Focused Cast.  Any other controls will interrupt this skill.Skill terms\nHealing Effect\nThe actual ratio of self HP Regen caused to shield values. The default is 100%. Actual Value'}, {'skill_name': 'Raging Sandstorm', 'skill_icon': 'hero-skills-images/khaleed/ultimate.png', 'type': 'active', 'cooldown': '46.0', 'manacost': 'null', 'description': 'Raging SandstormCC\xa0MobilityKhaleed rides the sandstorm and charges toward a designated location, dealing 100–250 (+50% Total Physical Attack) Physical Damage to enemies along the way and knocking them toward his destination. Khaleed is immune to control effects during this process.  Upon reaching the destination, Khaleed will smash the ground, dealing 450–750 (+160% Total Physical Attack) Physical Damage to enemies in the area and stunning them for 1 second, and fully charge his Desert Power.Ski'}]","['Damage', 'Regen']","[{'heroid': 106, 'heroname': 'Phoveus'}, {'heroid': 117, 'heroname': 'Fredrinn'}, {'heroid': 46, 'heroname': 'Odette'}, {'heroid': 118, 'heroname': 'Joy'}, {'heroid': 73, 'heroname': 'Harith'}, {'heroid': 53, 'heroname': 'Lesley'}, {'heroid': 99, 'heroname': 'Barats'}, {'heroid': 67, 'heroname': 'Leomord'}, {'heroid': 2, 'heroname': 'Balmond'}, {'heroid': 87, 'heroname': 'Baxia'}]","[{'heroid': 69, 'heroname': 'Hanzo'}, {'heroid': 27, 'heroname': 'Sun'}, {'heroid': 45, 'heroname': 'Argus'}, {'heroid': 108, 'heroname': 'Aulus'}, {'heroid': 16, 'heroname': 'Zilong'}, {'heroid': 83, 'heroname': 'X.Borg'}, {'heroid': 90, 'heroname': 'Silvanna'}, {'heroid': 88, 'heroname': 'Masha'}, {'heroid': 12, 'heroname': 'Bruno'}, {'heroid': 37, 'heroname': 'Lapu-Lapu'}]"
98,h099,Barats,https://akmweb.youngjoygame.com/web/svnres/img/mlbb/homepage/100_6495be044c2d28106e200f6918391d54.png,['jungle'],"Tank, Fighter","[{'skill_name': 'Big Guy', 'skill_icon': 'hero-skills-images/barats/passive.png', 'type': 'passive', 'cooldown': 'null', 'manacost': 'null', 'description': ""Big GuyBuffDetona gains a stack of Big Guy for 12 seconds each time it or Barats damages an enemy with their skills (up to 10 stacks). Each stack of Big Guy increases Detona's size, and grants 4–10 extra Hybrid Defense (scales with the level of Detona's Welcome) and 5% extra Resilience. At max stacks, Detona's Basic Attacks will be replaced with Trample, which deals (+140% Total Physical Attack) (+3.5% Total HP) Physical Damage to enemies in a circular area, slows them by 40% for 0.2 seconds, an""}, {'skill_name': 'Physical', 'skill_icon': 'hero-skills-images/barats/skill_1.png', 'type': 'active', 'cooldown': '7.0', 'manacost': '25 / 30 / 35 / 40 / 45 / 50', 'description': 'So-Called TeamworkAOE | Spell Vamp Ratio: 50%Detona spits contaminated oil in the target direction, dealing 60–160 (+7% Total HP) Physical Damage to enemies in a fan-shaped area. Barats then ignites the oil with a firecracker, dealing 120–320 (+200% Total Physical Attack) Physical Damage to enemies in the area.The area of effect of So-Called Teamwork increases with the number of Big Guy stacks.[how much?]Skill terms\nPhysical Damage Skill\nDeal Physical DMG to enemies. Triggers Spell Vamp.\nMax HP'}, {'skill_name': 'Skill 2', 'skill_icon': 'hero-skills-images/barats/skill_2.png', 'type': 'active', 'cooldown': '11.0', 'manacost': '70 / 76 / 82 / 88 / 94 / 100', 'description': 'Missile ""Expert""CC\xa0AOEBarats fires two missiles at the target location, dealing 100–175 (+75% Total Physical Attack) Physical Damage and slowing enemies by 40% for 1 second. The missiles expel fumes from their exhausts upon'}, {'skill_name': 'Ultimate', 'skill_icon': 'hero-skills-images/barats/ultimate.png', 'type': 'active', 'cooldown': '60.0', 'manacost': '100 / 120 / 140', 'description': ""Detona's WelcomeMobility\xa0CCAfter a short delay, Detona charges in the target direction, dealing 120–200 (+70% Total Physical Attack) (+1.2% Total HP) Physical Damage to the first enemy hit, devouring and suppressing them for 1.2 seconds before spitting them out. If the target hits an enemy hero or a wall after being spit out, the target will cause an explosion, they and nearby enemies will take an additional 180–300 (+105% Total Physical Attack) (+1.8% Total HP) Physical Damage and be stunned fo""}]","['Damage', 'Crowd Control']","[{'heroid': 83, 'heroname': 'X.Borg'}, {'heroid': 23, 'heroname': 'Gord'}, {'heroid': 101, 'heroname': 'Yve'}, {'heroid': 69, 'heroname': 'Hanzo'}, {'heroid': 28, 'heroname': 'Alpha'}, {'heroid': 57, 'heroname': 'Valir'}, {'heroid': 2, 'heroname': 'Balmond'}, {'heroid': 4, 'heroname': 'Alice'}, {'heroid': 40, 'heroname': 'Karrie'}, {'heroid': 86, 'heroname': 'Lylia'}]","[{'heroid': 34, 'heroname': 'Estes'}, {'heroid': 14, 'heroname': 'Rafaela'}, {'heroid': 55, 'heroname': 'Angela'}, {'heroid': 64, 'heroname': 'Aldous'}, {'heroid': 112, 'heroname': 'Floryn'}, {'heroid': 76, 'heroname': 'Faramis'}, {'heroid': 24, 'heroname': 'Natalia'}, {'heroid': 102, 'heroname': 'Mathilda'}, {'heroid': 103, 'heroname': 'Paquito'}]"
99,h100,Brody,https://akmweb.youngjoygame.com/web/svnres/img/mlbb/homepage/100_f18e45a9a4cb45897e1f614593ff4497.png,['gold lane'],Marksman,"[{'skill_name': 'Abyss Corrosion', 'skill_icon': 'hero-skills-images/brody/passive.png', 'type': 'passive', 'cooldown': 'null', 'manacost': 'null', 'description': 'Abyss CorrosionBuffWith his Basic Attacks resonated with the Abyss Power within his body, Brody is able to move while winding up his  Basic Attacks (which will be interrupted when casting skills), at the cost of having longer Basic Attack Animation and lower Attack Speed. Each Basic Attack deals  (+45 × Hero Level)(+140% Total Physical Attack) Physical Damage (of which the damage scaling with level cannot be critical), increases Movement Speed by 30% (which will decay rapidly in 1.2 seconds), an'}, {'skill_name': 'Abyss Impact', 'skill_icon': 'hero-skills-images/brody/skill_1.png', 'type': 'active', 'cooldown': '4.0', 'manacost': '40 / 50 / 60 / 70 / 80 / 90', 'description': 'Abyss ImpactAOE\xa0SlowBrody launches a shock wave in the designated direction, dealing 150–550 (+170% Total Physical Attack) Physical Damage, slowing the enemies by 30% for 1.2 seconds, and applying 1 stack of Abyss Mark.As the shock wave travels, for each enemy it hits, it deals an extra 10% damage, inflicts extra 5% slow effect, and applies an additional stack of Abyss Mark, capped at 130% damage, 45% slow effect, and 4 stacks. This skill deals only 80%-100% damage to minions.Skill terms\nPhysica'}, {'skill_name': 'Corrosive Strike', 'skill_icon': 'hero-skills-images/brody/skill_2.png', 'type': 'active', 'cooldown': '8.0', 'manacost': '75 / 80 / 85 / 90 / 95 / 100', 'description': 'Corrosive StrikeMobility\xa0CCBrody dashes to an enemy, dealing 200–350 (+70% Total Physical Attack) Physical Damage to the target, stunning the target for 0.8 seconds, and inflicting 1 stack of Abyss Mark on the target.'}, {'skill_name': 'Ultimate', 'skill_icon': 'hero-skills-images/brody/ultimate.png', 'type': 'active', 'cooldown': '24.0', 'manacost': '120 / 160 / 200', 'description': ""Torn-Apart MemoryBurst\xa0AOEMemories are nowhere to be placed. Everything is for me to protect.Brody locks on all the targets within 8 yard(s), dealing 340–580 (+180% Extra Physical Attack) Physical Damage to them. If the target has an Abyss Mark, all Abyss Marks will be reset, dealing 136–232 (+72% Extra Physical Attack) (+target's 4%–6% Lost HP) Physical Damage for each stack the target has.Skill terms\nPhysical Skill\nDeal Physical DMG to enemies. Triggers Spell Vamp.\nLost HP\nLost HP = Max HP - C""}]","['Burst', 'Finisher']","[{'heroid': 99, 'heroname': 'Barats'}, {'heroid': 27, 'heroname': 'Sun'}, {'heroid': 104, 'heroname': 'Gloo'}, {'heroid': 48, 'heroname': 'Diggie'}, {'heroid': 93, 'heroname': 'Atlas'}, {'heroid': 94, 'heroname': 'Popol and Kupa'}, {'heroid': 88, 'heroname': 'Masha'}, {'heroid': 76, 'heroname': 'Faramis'}, {'heroid': 62, 'heroname': 'Kaja'}]","[{'heroid': 94, 'heroname': 'Popol and Kupa'}, {'heroid': 112, 'heroname': 'Floryn'}, {'heroid': 34, 'heroname': 'Estes'}, {'heroid': 39, 'heroname': 'Roger'}, {'heroid': 71, 'heroname': 'Kimmy'}, {'heroid': 124, 'heroname': 'Chip'}, {'heroid': 14, 'heroname': 'Rafaela'}, {'heroid': 88, 'heroname': 'Masha'}, {'heroid': 117, 'heroname': 'Fredrinn'}, {'heroid': 55, 'heroname': 'Angela'}]"
100,h101,Yve,https://akmweb.youngjoygame.com/web/svnres/img/mlbb/homepage_92/100_d9b0a1d92b1c4b3643d6332fd66aa8e6.png,['mid lane'],Mage,"[{'skill_name': 'Galactic Power', 'skill_icon': 'hero-skills-images/yve/passive.png', 'type': 'passive', 'cooldown': 'null', 'manacost': 'null', 'description': 'Galactic PowerBuff\xa0ShieldYve gains a stack of Galactic Power each time she hits an enemy hero with  Void Blast or  Void Crystal (up to 10 stacks). Each stack of Galactic Power allows Yve to launch an extra attack on the next  Real World Manipulation cast and increases the amount of shield gained by 5%. Notes Outdated'}, {'skill_name': 'Void Blast', 'skill_icon': 'hero-skills-images/yve/skill_1.png', 'type': 'active', 'cooldown': '5.0', 'manacost': '65 / 70 / 75 / 80 / 85 / 90', 'description': 'Void BlastAOE\xa0BuffYve detonates Galactic Energy at the target location, dealing 350–600 (+150% Total Magic Power) Magic Damage to enemies in the area Successfully hitting an enemy grants Yve 55% extra Movement Speed (halved if a non-hero enemy is hit) that decays over 1 second.Skill terms\nMagic Skill\nDeal Magic DMG to enemies. Triggers Spell Vamp.\n\nLevel scaling\n\n\nProperties\n\n1\n\n2\n\n3\n\n4\n\n5\n\n6\n\n\nCooldown\n\n5.0\n\n4.5\n\n4.0\n\n3.5\n\n3.0\n\n2.5\n\n\nMana Cost\n\n65\n\n70\n\n75\n\n80\n\n85\n\n90\n\n\nBase Damage\n\n350\n\n400\n\n45'}, {'skill_name': 'Void Crystal', 'skill_icon': 'hero-skills-images/yve/skill_2.png', 'type': 'active', 'cooldown': '14.0', 'manacost': 'null', 'description': 'Void CrystalSlow\xa0AOEYve summons a Void Crystal at the target location, dealing 220–420 (+40% Total Magic Power) Magic Damage to nearby enemies.Use Again: Yve commands the Crystal to fire materialized energy in the target direction for 2.7 seconds, dealing 105–180 (+20% Total Magic Power) Magic Damage every 0.45 seconds to enemies hit and slowing them by 30%. Enemies hit multiple times are slowed by an extra 6% for each hit after the first (up to 60%).Skill terms\nMagic Skill\nDeal Magic DMG to ene'}, {'skill_name': 'Real World Manipulation', 'skill_icon': 'hero-skills-images/yve/ultimate.png', 'type': 'active', 'cooldown': '60.0', 'manacost': '180 / 220 / 260', 'description': 'Real World ManipulationBurst\xa0CCYve creates a Starfield that lasts [for] 15 seconds, gaining Displacement Immunity and a 400–800 (+120% Total Magic Power) shield. Within the duration, you can Tap or Slide the screen to launch up to 15 attacks.Tap: Deals 340–540 (+120% Total Magic Power) Magic Damage to enemies in the target area.Slide: Deals 65–125 (+10% Total Magic Power) Magic Damage every 0.45 seconds to enemies in the target area for 2.7 seconds and slows them by 50%.Enemies leaving or enteri'}]","['Poke', 'Burst']","[{'heroid': 69, 'heroname': 'Hanzo'}, {'heroid': 21, 'heroname': 'Hayabusa'}, {'heroid': 17, 'heroname': 'Fanny'}, {'heroid': 118, 'heroname': 'Joy'}, {'heroid': 22, 'heroname': 'Freya'}, {'heroid': 16, 'heroname': 'Zilong'}, {'heroid': 23, 'heroname': 'Gord'}, {'heroid': 103, 'heroname': 'Paquito'}, {'heroid': 110, 'heroname': 'Valentina'}, {'heroid': 51, 'heroname': 'Helcurt'}]","[{'heroid': 48, 'heroname': 'Diggie'}, {'heroid': 102, 'heroname': 'Mathilda'}, {'heroid': 87, 'heroname': 'Baxia'}, {'heroid': 79, 'heroname': 'Granger'}, {'heroid': 73, 'heroname': 'Harith'}, {'heroid': 124, 'heroname': 'Chip'}, {'heroid': 37, 'heroname': 'Lapu-Lapu'}, {'heroid': 14, 'heroname': 'Rafaela'}, {'heroid': 112, 'heroname': 'Floryn'}, {'heroid': 121, 'heroname': 'Ixia'}]"
101,h102,Mathilda,https://akmweb.youngjoygame.com/web/svnres/img/mlbb/homepage/100_24d08ed788a9f5984bcf3b732ddcaf04.png,['roam'],"Support, Assassin","[{'skill_name': 'Ancestral Guidance', 'skill_icon': 'hero-skills-images/mathilda/passive.png', 'type': 'passive', 'cooldown': 'null', 'manacost': 'null', 'description': 'Ancestral GuidanceDamage\xa0Speed UpMathilda gains  stack while moving. When it is fully charged, her next Basic Attack will be enhanced, dealing 200 (+100% Total Physical Attack) (+100% Total Magic Power) Magic Damage to the target and granting her 80 Movement Speed that will decays over 2.5 seconds.Skill terms\nMagic Basic Attack\nDeal Magic DMG to enemies. It can trigger ATK Effect and Magic Lifesteal.\nMovement Speed\nMovement Speed on the battlefield. Usually Calculated and Actual Movement Speed i'}, {'skill_name': 'Soul Bloom', 'skill_icon': 'hero-skills-images/mathilda/skill_1.png', 'type': 'active', 'cooldown': '7.5', 'manacost': '60 / 70 / 80 / 90 / 100 / 110', 'description': ""Soul BloomBurstMathilda resonates with the power of her ancestors for 4 seconds, attracting wisps that as her movement distance increases (up to 6 wisps).At the end of the skill's duration, or when Mathilda cast this skill again, the wisps will seek the attack nearby enemies, each dealing 275–500 (+80% Total Magic Power) Magic Damage and revealing the enemies' positions briefly.[duration needed] Subsequent damage dealt by wisps to the same target decays to 40%.Skill terms\nMagic Damage Skill\nDeal""}, {'skill_name': 'Guiding Wind', 'skill_icon': 'hero-skills-images/mathilda/skill_2.png', 'type': 'active', 'cooldown': '12.0', 'manacost': '75 / 80 / 85 / 90 / 95 / 100', 'description': 'Guiding WindMobility\xa0ShieldMathilda leaps in the target direction and creates a field around her, gaining a 500–1000 (+180% Total Magic Power) shield and a 25% extra Movement Speed for 3 seconds. Allied heroes who come in contact with the field will receive 60% shield and Guiding Wind. The first allied hero that triggers Guiding Wind will be guided to Mathilda, and both of them will gain the same Movement Speed boost.When casting this skill during  Circling Eagle, Mathilda will not change her po'}, {'skill_name': 'Circling Eagle', 'skill_icon': 'hero-skills-images/mathilda/ultimate.png', 'type': 'active', 'cooldown': '40.0', 'manacost': '150 / 180 / 210', 'description': ""Circling EagleMobility\xa0ShieldMathilda applies a Soul Mark to the target enemy hero and circles around the them for up to 3.5 seconds, during which her wisps will fly toward nearby enemy heroes, each  dealing 40 (+15% Total Magic Power) Magic Damage.  Soul Bloom will prioritize the target with Soul Mark.Within the duration, Mathilda can select an area to dash to. At the end of the duration, she'll dash at the target with Soul Mark, dealing 320–400 (+120% Total Magic Power) Magic Damage while knoc""}]","['Initiator', 'Guard']","[{'heroid': 81, 'heroname': 'Esmeralda'}, {'heroid': 46, 'heroname': 'Odette'}, {'heroid': 7, 'heroname': 'Alucard'}, {'heroid': 94, 'heroname': 'Popol and Kupa'}, {'heroid': 22, 'heroname': 'Freya'}, {'heroid': 114, 'heroname': 'Melissa'}, {'heroid': 62, 'heroname': 'Kaja'}, {'heroid': 12, 'heroname': 'Bruno'}, {'heroid': 33, 'heroname': 'Cyclops'}, {'heroid': 76, 'heroname': 'Faramis'}]","[{'heroid': 110, 'heroname': 'Valentina'}, {'heroid': 101, 'heroname': 'Yve'}, {'heroid': 24, 'heroname': 'Natalia'}, {'heroid': 46, 'heroname': 'Odette'}, {'heroid': 75, 'heroname': 'Kadita'}, {'heroid': 87, 'heroname': 'Baxia'}, {'heroid': 120, 'heroname': 'Arlott'}, {'heroid': 74, 'heroname': 'Minsitthar'}, {'heroid': 76, 'heroname': 'Faramis'}, {'heroid': 99, 'heroname': 'Barats'}]"
102,h103,Paquito,https://akmweb.youngjoygame.com/web/svnres/img/mlbb/homepage/100_e2b6d9c6d82b4a27f0bb2710c8ead3e8.png,['exp lane'],"Fighter, Assassin","[{'skill_name': 'Champ Stance', 'skill_icon': 'hero-skills-images/paquito/passive.png', 'type': 'passive', 'cooldown': 'null', 'manacost': 'null', 'description': ""Champ StanceBuff\xa0DamageI had no one to depend on except myself.After every 3 skill casts, Paquito enters Champ Stance, gaining an enhanced skill ignoring his current cooldowns. He gains 60% extra Movement Speed that decays over 2.5 seconds after casting the enhanced skill.Paquito's  Basic Attacks only deal (+85% Total Physical Attack) Physical Damage.Skill terms\nCD\nThe time needed for casting the skill one more time, which can be affected by CD Reduction (unless otherwise stated).\n\nIcon\xa0variants""}, {'skill_name': 'Heavy Left Punch', 'skill_icon': 'hero-skills-images/paquito/skill_1.png', 'type': 'active', 'cooldown': '8.0', 'manacost': 'null', 'description': 'Heavy Left PunchAOE\xa0ShieldPaquito throws a punch in the target direction, dealing 210–360 (+50% Total Physical Attack) Physical Damage to enemies hit. He gains 150–500 (+110% Total Physical Attack) shield for 2.5 seconds if an enenmy hero is hit.Champ Stance: The damage is increased to 350–600 (+100% Total Physical Attack) Physical Damage, while the shield value is increased to 120%. The regular and enhanced shields can stack.Skill terms\nShield\nSpecial HP is preferentially deducted when taking d'}, {'skill_name': 'Jab', 'skill_icon': 'hero-skills-images/paquito/skill_2.png', 'type': 'active', 'cooldown': '8.0', 'manacost': 'null', 'description': 'JabBurst\xa0MobilityPaquito dashes in the target direction and throws a jab, dealing 150–450 (+150% Total Physical Attack) Physical Damage to enemies hit. Paquito deals no damage to enemies in his path but will stop and throw the jab early upon colliding within an enemy hero or creep.Champ Stance:The damage is increased to 240–720 (+240% Total Physical Attack) Physical Damage.Skill terms\nBlink\nMovement ability that can pass through obstacles.\nPhysical Skill\nDeal Physical DMG to enemies. Triggers Sp'}, {'skill_name': 'Knockout Strike', 'skill_icon': 'hero-skills-images/paquito/ultimate.png', 'type': 'active', 'cooldown': '18.0', 'manacost': 'null', 'description': 'Knockout StrikeCC\xa0BurstPaquito launches an elbow strike in the target direction, dealing 250–350 (+50% Total Physical Attack) Physical Damage to enemies hit and knocking them back. He then throws a haymaker, dealing 350–600 (+100% Total Physical Attack) Physical Damage to enemies hit and slowing them by 75% for 1 second, as he darts backward.Champ Stance: Instead of a haymaker, Paquito launches an uppercut after the elbow strike, 400–750 (+120% Total Physical Attack) Physical Damage to enemies h'}]","['Chase', 'Damage']","[{'heroid': 81, 'heroname': 'Esmeralda'}, {'heroid': 106, 'heroname': 'Phoveus'}, {'heroid': 78, 'heroname': 'Khufra'}, {'heroid': 104, 'heroname': 'Gloo'}, {'heroid': 114, 'heroname': 'Melissa'}, {'heroid': 99, 'heroname': 'Barats'}, {'heroid': 82, 'heroname': 'Terizla'}, {'heroid': 62, 'heroname': 'Kaja'}, {'heroid': 117, 'heroname': 'Fredrinn'}]","[{'heroid': 27, 'heroname': 'Sun'}, {'heroid': 107, 'heroname': 'Natan'}, {'heroid': 108, 'heroname': 'Aulus'}, {'heroid': 116, 'heroname': 'Julian'}, {'heroid': 19, 'heroname': 'Minotaur'}, {'heroid': 76, 'heroname': 'Faramis'}, {'heroid': 11, 'heroname': 'Bane'}, {'heroid': 98, 'heroname': 'Khaleed'}, {'heroid': 78, 'heroname': 'Khufra'}, {'heroid': 117, 'heroname': 'Fredrinn'}]"
103,h104,Gloo,https://akmweb.youngjoygame.com/web/svnres/img/mlbb/homepage_1_9_642/100_c472fe0233e5ef84a3ac9ba4a229d09f.png,"['exp lane, roam']",Tank,"[{'skill_name': 'Passive', 'skill_icon': 'hero-skills-images/gloo/passive.png', 'type': 'passive', 'cooldown': 'null', 'manacost': 'null', 'description': ""Stick, StickSlow\xa0BuffEnemies gain a stack of Sticky each time they're hit by Gloo's skills, decreasing their Movement Speed by 4% for 6 seconds. Stacks up to 5.  Each stack of Sticky on an enemy reduces their damage dealt to Gloo by 4%.Skill terms\nDamage Reduction\nDeduct the final damage (the damage that has deducted by Physical and Magic DEF) by [fixed points] or by percent. But cannot deduct the True Damage.\nMovement Speed\nMovement Speed on the battlefield. Usually Calculated and Actual Moveme""}, {'skill_name': 'Skill 1', 'skill_icon': 'hero-skills-images/gloo/skill_1.png', 'type': 'active', 'cooldown': '10.0', 'manacost': '25 / 30 / 35 / 40 / 45 / 50', 'description': ""Slam, SlamAOE\xa0CC | Spell Vamp Ratio: 50%Gloo reaches out and slams the ground, dealing 80 (+80% Total Magic Power) Magic Damage to the enemy.  At the final, a Goo is left behind that explodes after 3 seconds to deal 300–450 (+12% Extra HP) Magic Damage to nearby enemies and immobilize them for 1 second. If Gloo touches the Goo, it will explode immediately, reset the skill's cooldown, and heal Gloo for 2.5%-5% of Max HP if the explosion hits an enemy (doubled if hits an enemy hero).""}, {'skill_name': 'Skill 2', 'skill_icon': 'hero-skills-images/gloo/skill_2.png', 'type': 'active', 'cooldown': '12.0', 'manacost': '80 / 88 / 96 / 104 / 112 / 120', 'description': 'Spread, SpreadCC\xa0AOE | Spell Vamp Ratio: 50%Gloo splits into Goos, dealing 100–200 (+80% Total Magic Power) Magic Damage to enemies in a fan-shaped area and immobilizing them for 0.5 seconds. While split, Gloo gains 10% Movement Speed and deals 80 (+15% Total Magic Power) Magic Damage every 0.25 seconds to enemies it touches, lasting 4 seconds. If this skill hits a Goo, Gloo will charge over to merge with it, dragging enemies in its path in the same direction for a distance.\n\nLevel scaling\n\n\nPro'}, {'skill_name': 'Ultimate', 'skill_icon': 'hero-skills-images/gloo/ultimate.png', 'type': 'active', 'cooldown': '50.0', 'manacost': '150', 'description': ""Grab, GrabAttach\xa0Heal | Spell Vamp Ratio: 50%One is all. (All is one.)Unlocked when any enemy hero has full Sticky stacks. Gloo attaches itself to the target enemy hero for up to 9 seconds, recovering 25%-30% of its Max HP. For the duration, its \xa0Basic Attacks are converted to deal 30–90 (+50% Total Magic Power) (+6% Extra HP) Magic Damage, and it transfers 80% of the damage it receives (excluding damage from turrets) to its host. If the target dies while attached, this skill's cooldown is reduc""}]","['Regen', 'Control']","[{'heroid': 76, 'heroname': 'Faramis'}, {'heroid': 4, 'heroname': 'Alice'}, {'heroid': 29, 'heroname': 'Ruby'}, {'heroid': 31, 'heroname': 'Moskov'}, {'heroid': 117, 'heroname': 'Fredrinn'}, {'heroid': 107, 'heroname': 'Natan'}, {'heroid': 17, 'heroname': 'Fanny'}, {'heroid': 48, 'heroname': 'Diggie'}, {'heroid': 84, 'heroname': 'Ling'}, {'heroid': 89, 'heroname': 'Wanwan'}]","[{'heroid': 64, 'heroname': 'Aldous'}, {'heroid': 45, 'heroname': 'Argus'}, {'heroid': 16, 'heroname': 'Zilong'}, {'heroid': 27, 'heroname': 'Sun'}, {'heroid': 108, 'heroname': 'Aulus'}, {'heroid': 102, 'heroname': 'Mathilda'}, {'heroid': 112, 'heroname': 'Floryn'}, {'heroid': 55, 'heroname': 'Angela'}, {'heroid': 78, 'heroname': 'Khufra'}, {'heroid': 88, 'heroname': 'Masha'}]"
104,h105,Beatrix,https://akmweb.youngjoygame.com/web/svnres/img/mlbb/homepage/100_4687eca874feec9017b448a0b9110d65.png,['gold lane'],Marksman,"[{'skill_name': 'Passive', 'skill_icon': 'hero-skills-images/beatrix/passive.png', 'type': 'passive', 'cooldown': 'null', 'manacost': 'null', 'description': 'RennerBennettWeskerNibiru'}, {'skill_name': 'Masterful GunnerMorph', 'skill_icon': 'hero-skills-images/beatrix/skill_1.png', 'type': 'active', 'cooldown': '12', 'manacost': 'null', 'description': 'Masterful GunnerMorph\xa0BuffPassive: Beatrix can carry 2 weapons at once, and increase her Physical Attack by 5–30.Active: Beatrix takes 0.6 second to swap her primary weapon with the secondary weapon she has slung over her back, gaining an all-new way to attack and Ultimate.'}, {'skill_name': 'Tactical Reposition', 'skill_icon': 'hero-skills-images/beatrix/skill_2.png', 'type': 'active', 'cooldown': 'null', 'manacost': 'null', 'description': 'Tactical RepositionMobility\xa0BuffBeatrix: drops and rolls forward ( Renner); leaps and nimbly forward ( Bennett); rolls ahead sideways ( Wesker); slides forward ( Nibiru) and fully reloads her current weapon.Skill terms\nBlink\nMovement ability that can pass through obstacles.\n\nLevel scaling\n\n\nProperty\n\n1\n\n2\n\n3\n\n4\n\n5\n\n6\n\n\nCooldown\n\n8.0'}, {'skill_name': 'Ultimate', 'skill_icon': 'hero-skills-images/beatrix/ultimate.png', 'type': 'active', 'cooldown': 'null', 'manacost': 'null', 'description': 'RennerBennettWeskerNibiru'}]","['Finisher', 'Damage']","[{'heroid': 24, 'heroname': 'Natalia'}, {'heroid': 20, 'heroname': 'Lolita'}, {'heroid': 79, 'heroname': 'Granger'}, {'heroid': 118, 'heroname': 'Joy'}, {'heroid': 78, 'heroname': 'Khufra'}, {'heroid': 123, 'heroname': 'Cici'}, {'heroid': 89, 'heroname': 'Wanwan'}, {'heroid': 62, 'heroname': 'Kaja'}, {'heroid': 76, 'heroname': 'Faramis'}, {'heroid': 53, 'heroname': 'Lesley'}]","[{'heroid': 94, 'heroname': 'Popol and Kupa'}, {'heroid': 10, 'heroname': 'Franco'}, {'heroid': 93, 'heroname': 'Atlas'}, {'heroid': 14, 'heroname': 'Rafaela'}, {'heroid': 88, 'heroname': 'Masha'}, {'heroid': 39, 'heroname': 'Roger'}, {'heroid': 110, 'heroname': 'Valentina'}, {'heroid': 8, 'heroname': 'Karina'}, {'heroid': 15, 'heroname': 'Eudora'}, {'heroid': 64, 'heroname': 'Aldous'}]"
105,h106,Phoveus,https://akmweb.youngjoygame.com/web/svnres/img/mlbb/homepage_1_9_06/100_af21c0dd8b5308c27974bff900803a9a.png,['exp lane'],Fighter,"[{'skill_name': 'Demonic Force', 'skill_icon': 'hero-skills-images/phoveus/passive.png', 'type': 'passive', 'cooldown': 'null', 'manacost': 'null', 'description': ""Demonic ForceBuffPhoveus' next  Basic Attack allows him to charge at the enemy, knocking them back, dealing extra  Magic Damage equal to 4% of the enemy's Max HP, and gaining a Shield equal to 8% of his Max Hp. This effect has a 26-14 seconds cooldown (based on  Infernal Pursuit level).  Astaros' Gaze: Whenever an enemy hero blink, dashes, or is displaced within 8 units of Phoveus, the cooldown of  Demonic Force will be reduced by 20% and the cooldown of his other skills will be reduced by 0.5 s""}, {'skill_name': 'Demonic Impact', 'skill_icon': 'hero-skills-images/phoveus/skill_1.png', 'type': 'active', 'cooldown': '6.0', 'manacost': 'null', 'description': ""Demonic ImpactAOE\xa0SlowPhoveus slams his monolith into the ground, dealing 200–500 (+120% Total Physical Attack) Physical Damage to enemies in the area and slowing them by 70% for 0.5 second. If this skills hits an enemy, Phoveus' next  Demonic Impact will leave behind an  Astaros Eye.   Astaros Eye: Implodes after a short delay, dealing 100–250 (+60% Total Physical Attack) Magic Damage to the enemies.Skill terms\nDispacement\n\n\nLevel scaling\n\n\nProperties\n\n1\n\n2\n\n3\n\n4\n\n5\n\n6\n\n\nCooldown\n\n6.0\n\n\nBase Da""}, {'skill_name': 'Dark Wave', 'skill_icon': 'hero-skills-images/phoveus/skill_2.png', 'type': 'active', 'cooldown': '10.0', 'manacost': 'null', 'description': 'Dark WaveAOE\xa0CCPhoveus drops the stone and releases his demonic power in the target direction, knocking enemies airborne, dragging them along, and dealing 250–500 (+100% Extra Physical Attack) Magic Damage.Skill terms\nMovement Speed\nMovement Speed on the battlefield. Usually Calculated and Actual Movement Speed is equal. But when Movement Speed is below 230 or over 420 both Slowdown and Speedup Effect will decay. Calculated Movement Speed = Basic Movement Speed × (100% + All Speedup Effect% - Al'}, {'skill_name': 'Infernal Pursuit', 'skill_icon': 'hero-skills-images/phoveus/ultimate.png', 'type': 'active', 'cooldown': 'null', 'manacost': 'null', 'description': ""Infernal PursuitMobility\xa0BurstSinner:  Demonic Force,  Astaros Eye, and  Dark Wave can apply Sinner's Mark to the enemy hero hit.  Judgement: Phoveus leaps into the air and smashes down with his monolith at the enemy hero with Sinner's Mark, dealing 250–500 (+100% Total Physical Attack) plus extra Physical Damage equal to 5% of the target's Max HP to enemies in the area while Phoveus recovers 50 plus 6% of his Lost HP.  The HP recovered is reduced by 80% when hitting multiple enemies.""}]","['Regen', 'Damage']","[{'heroid': 28, 'heroname': 'Alpha'}, {'heroid': 74, 'heroname': 'Minsitthar'}, {'heroid': 83, 'heroname': 'X.Borg'}, {'heroid': 87, 'heroname': 'Baxia'}, {'heroid': 23, 'heroname': 'Gord'}, {'heroid': 81, 'heroname': 'Esmeralda'}, {'heroid': 99, 'heroname': 'Barats'}, {'heroid': 82, 'heroname': 'Terizla'}]","[{'heroid': 27, 'heroname': 'Sun'}, {'heroid': 77, 'heroname': 'Badang'}, {'heroid': 48, 'heroname': 'Diggie'}, {'heroid': 127, 'heroname': 'Lukas'}, {'heroid': 55, 'heroname': 'Angela'}, {'heroid': 110, 'heroname': 'Valentina'}, {'heroid': 107, 'heroname': 'Natan'}, {'heroid': 68, 'heroname': 'Lunox'}]"
106,h107,Natan,https://akmweb.youngjoygame.com/web/svnres/img/mlbb/homepage/100_da02742f59013365923b216420bc4082.png,['gold lane'],Marksman,"[{'skill_name': 'Theory of Everything', 'skill_icon': 'hero-skills-images/natan/passive.png', 'type': 'passive', 'cooldown': 'null', 'manacost': 'null', 'description': ""Theory of EverythingBuffTime is nothing more than a descriptor of space…Natan gains a stack of Entanglement each time he or his Reverse-Clone hits an enemy with a skill (up to 6 stacks). Each stack lasts 2.5 seconds and grants 7.5% extra Attack Speed and 7.5% Movement Speed.Natan's  Basic Attacks projectiles will return to Natan after reaching the maximum range, dealing an extra 30 (+50% Total Physical Attack) (+65% Total Magic Power) Magic Damage to enemies along the way (inherits 65% of Natan'""}, {'skill_name': 'Superposition', 'skill_icon': 'hero-skills-images/natan/skill_1.png', 'type': 'active', 'cooldown': '8.0', 'manacost': '50 / 55 / 60 / 65 / 70 / 75', 'description': 'SuperpositionBurstThere is no ""collapse"".Natan shoots a dense mass of energy, dealing 225–400 (+100% Total Physical Attack) (+130% Total Magic Power) Magic Damage to enemies along its path.Skill terms\nMagic Skill\nDeal Magic DMG to enemies. Triggers Spell Vamp.\n\nLevel scaling\n\n\nProperties\n\n1\n\n2\n\n3\n\n4\n\n5\n\n6\n\n\nCooldown\n\n8.0\n\n7.6\n\n7.2\n\n6.8\n\n6.4\n\n6.0\n\n\nMana Cost\n\n50\n\n55\n\n60\n\n65\n\n70\n\n75\n\n\nBase Damage\n\n225\n\n260\n\n295\n\n330\n\n365\n\n400\nNotes\n\n Superposition only benefits 50% of Natan\'s Physical and Magic Li'}, {'skill_name': 'Skill 2', 'skill_icon': 'hero-skills-images/natan/skill_2.png', 'type': 'active', 'cooldown': '12.0', 'manacost': '60 / 65 / 70 / 75 / 80 / 85', 'description': 'Interference!CCThere is only ""decoherence"".Natan launches a Gravitational Attractor which carries enemies on contact along the path and deals 150–300 (+50% Total Physical Attack) (+65% Total Magic Power) Magic Damage to them.The attractor explodes upon reaching the end, knocking back nearby enemies, stunning them for 0.1 second, and dealing 30–55 (+10% Total Physical Attack) (+13% Total Magic Power) Magic Damage to them.Skill terms\nMagic Skill\nDeal Magic DMG to enemies. Triggers Spell Vamp.\nKnoc'}, {'skill_name': 'Ultimate', 'skill_icon': 'hero-skills-images/natan/ultimate.png', 'type': 'active', 'cooldown': '24.0', 'manacost': '100 / 50 / 0', 'description': ""Entropy?Summon\xa0MobilityEntropy can decrease.Natan summons a Reverse-Clone at a target location 6 units away that lasts 10s, inherits 35% / 37.5% / 40% of his attack attributes (and 35% of Natan's attack effects), and will copy his moves and attacks in reverse.Use Again: Natan switches places with the Reverse-Clone. [Cooldown: 12 seconds.]Each cast reduces other skills' remaining cooldowns by 50%. The Reverse-Clone will disappear if Natan is too far away.Skill terms\nBlink\nMovement ability that ca""}]","['Burst', 'Magic Damage']","[{'heroid': 122, 'heroname': 'Nolan'}, {'heroid': 79, 'heroname': 'Granger'}, {'heroid': 120, 'heroname': 'Arlott'}, {'heroid': 20, 'heroname': 'Lolita'}, {'heroid': 87, 'heroname': 'Baxia'}, {'heroid': 8, 'heroname': 'Karina'}, {'heroid': 70, 'heroname': 'Belerick'}, {'heroid': 24, 'heroname': 'Natalia'}, {'heroid': 128, 'heroname': 'Kalea'}, {'heroid': 3, 'heroname': 'Saber'}]","[{'heroid': 17, 'heroname': 'Fanny'}, {'heroid': 113, 'heroname': 'Yin'}, {'heroid': 3, 'heroname': 'Saber'}, {'heroid': 24, 'heroname': 'Natalia'}, {'heroid': 110, 'heroname': 'Valentina'}, {'heroid': 120, 'heroname': 'Arlott'}, {'heroid': 119, 'heroname': 'Novaria'}, {'heroid': 124, 'heroname': 'Chip'}, {'heroid': 125, 'heroname': 'Zhuxin'}, {'heroid': 102, 'heroname': 'Mathilda'}]"
107,h108,Aulus,https://akmweb.youngjoygame.com/web/svnres/img/mlbb/homepage/100_40839957990dbb59a9e5ec4da9f85a8e.png,['jungle'],Fighter,"[{'skill_name': 'Fighting Spirit', 'skill_icon': 'hero-skills-images/aulus/passive.png', 'type': 'passive', 'cooldown': 'null', 'manacost': 'null', 'description': 'Fighting SpiritBuffA war axe that fights more fiercely as the battle continues.Aulus adds a stack of Fighting Spirit to his axe per second for 3 seconds after dealing damage to any enemy (up to 4 stacks). Each stack grants 9-15% extra Attack speed and 1-4 Physical Penetration (scales with \xa0Undying Fury level).  Aulus also gains 10% extra Movement Speed and 42-210 Basic Attack Damage at max Fighting Spirit stacks (scales with level).Skill terms\nPhysical ATK\nTotal current Physical ATK.\nPhysical PE'}, {'skill_name': 'Skill 1', 'skill_icon': 'hero-skills-images/aulus/skill_1.png', 'type': 'active', 'cooldown': '16.0', 'manacost': '50 / 55 / 60 / 65 / 70 / 75', 'description': 'Aulus, Charge!Speed Up\xa0SlowAulus removes all slow effects and gains 30-50% extra Movement Speed and 20-50% Damage Reduction against attacks from the front for 5 seconds.Skill terms\nMovement Speed\nMovement Speed on the battlefield. Usually Calculated and Actual Movement Speed is equal. But when Movement Speed is below 230 or over 420 both Slowdown and Speedup Effect will decay. Calculated Movement Speed = Basic Movement Speed × (100% + All Speedup Effect% - All Slowdown Effect%).\nDamage Reduction'}, {'skill_name': 'The Power of Axe', 'skill_icon': 'hero-skills-images/aulus/skill_2.png', 'type': 'active', 'cooldown': '5.0', 'manacost': '40 / 46 / 52 / 58 / 64 / 70', 'description': 'The Power of AxeBurst\xa0BuffAulus brandishes his axe, dealing 150–550 (+120% Extra Physical Attack) Physical Damage to enemies in a fan-shaped area, and enhancing his next Basic Attacks for 3 seconds after hitting enemy heroes or Creeps. Aulus recovers HP by 50-100 (+1% Total HP) Basic Attack.'}, {'skill_name': 'Undying Fury', 'skill_icon': 'hero-skills-images/aulus/ultimate.png', 'type': 'active', 'cooldown': '50.0', 'manacost': '150 / 180 / 210', 'description': ""Undying FurySlow\xa0BuffPassive: Every time  Undying Fury is upgraded, Aulus crafts a part for his axe in order. Blade Craft: Permanently increases his Basic Attacks' Physical Damage by 50. Handle Craft: Permanently increases his Attack Range by 65% and the range of  The Power of Axe. Hammer Craft: Permanently increases his Physical Penetration by 20%.""}]","['Damage', 'Crowd Control']","[{'heroid': 45, 'heroname': 'Argus'}, {'heroid': 101, 'heroname': 'Yve'}, {'heroid': 122, 'heroname': 'Nolan'}, {'heroid': 93, 'heroname': 'Atlas'}, {'heroid': 36, 'heroname': 'Aurora'}, {'heroid': 23, 'heroname': 'Gord'}, {'heroid': 87, 'heroname': 'Baxia'}, {'heroid': 69, 'heroname': 'Hanzo'}, {'heroid': 97, 'heroname': 'Benedetta'}, {'heroid': 96, 'heroname': 'Luo Yi'}]","[{'heroid': 104, 'heroname': 'Gloo'}, {'heroid': 124, 'heroname': 'Chip'}, {'heroid': 81, 'heroname': 'Esmeralda'}, {'heroid': 93, 'heroname': 'Atlas'}, {'heroid': 6, 'heroname': 'Tigreal'}, {'heroid': 120, 'heroname': 'Arlott'}, {'heroid': 79, 'heroname': 'Granger'}, {'heroid': 26, 'heroname': 'Chou'}, {'heroid': 80, 'heroname': 'Guinevere'}, {'heroid': 95, 'heroname': 'Yu Zhong'}]"
108,h109,Aamon,https://akmweb.youngjoygame.com/web/svnres/img/mlbb/homepage/100_b3a7602fe7ffd1e54bf8ea79ceadfa72.png,['jungle'],Assassin,"[{'skill_name': 'Invisible Armor', 'skill_icon': 'hero-skills-images/aamon/passive.png', 'type': 'passive', 'cooldown': 'null', 'manacost': 'null', 'description': ""Invisible ArmorConceal\xa0BuffFor generations, the Invisible Armor has been used as the symbol of the greatest power in House Paxley.Aamon enters the Camouflage state each time he hits an enemy with a skill, during which he cannot be targeted, restores 25 (+15% Total Magic Power) (+Aamon's 3% Lost HP) HP every 0.6 seconds, and gains 60% extra Movement Speed that rapidly decays over 3.5 seconds.Upon leaving the Camouflage state, Aamon immediately resets his  Basic Attack's cooldown and \xa0enhances his""}, {'skill_name': 'Soul Shards', 'skill_icon': 'hero-skills-images/aamon/skill_1.png', 'type': 'active', 'cooldown': '9.0', 'manacost': '60 / 66 / 72 / 78 / 84 / 90', 'description': 'Soul ShardsBurstPassive: Aamon charges his armor each time he casts a skill or hits an enemy with a skill or \xa0enhanced Basic Attack. At 5 charges, Aamon throws [6] shards at the target on his next attack, each shard dealing 40–100 (+15% Total Magic Power) Magic Damage. The shards will then scatter around the target.Active: Aamon throws a shard at a nearby enemy, dealing 150–300 (+60% Total Magic Power) Magic Damage.Skill terms\nMagic Skill\nDeal Magic DMG to enemies. Triggers Spell Vamp.\n\nIcon\xa0var'}, {'skill_name': 'Slayer Shards', 'skill_icon': 'hero-skills-images/aamon/skill_2.png', 'type': 'active', 'cooldown': '15.0', 'manacost': '110 / 104 / 98 / 92 / 86 / 80', 'description': 'Slayer ShardsConceal\xa0DamageAamon throws a shard forward, dealing 120-220 (+50% Total Magic Power) Magic Damage to the first non-minion enemy hit and slowing them by 50% for 2 seconds. The shard will then return to Aamon immediately.If the shard fails to hit an enemy, it will return to Aamon after a short delay and allow him to enter the Camouflage state.Skill terms\nMagic Skill\nDeal Magic DMG to enemies. Triggers Spell Vamp.\nMovement Speed\nMovement Speed on the battlefield. Usually Calculated and'}, {'skill_name': 'Endless Shards', 'skill_icon': 'hero-skills-images/aamon/ultimate.png', 'type': 'active', 'cooldown': '46.0', 'manacost': '150 / 170 / 190', 'description': ""Endless ShardsBurstAamon throws all shards at a designated enemy and slows them by 30% for 1.5 seconds. After a short delay, the shards will fly to the enemy's location again, each dealing 90–110 (+24% Total Magic Power)–150–180 (+40% Total Magic Power) Magic Damage.The number of shards increases with Aamon's armor charges and the shards on the ground (8-25). The damage dealt increases with the target's lost HP, to the maximum when the target's HP is below 30%. The same target takes [50%] less d""}]","['Chase', 'Magic Damage']","[{'heroid': 104, 'heroname': 'Gloo'}, {'heroid': 90, 'heroname': 'Silvanna'}, {'heroid': 20, 'heroname': 'Lolita'}, {'heroid': 125, 'heroname': 'Zhuxin'}, {'heroid': 93, 'heroname': 'Atlas'}, {'heroid': 46, 'heroname': 'Odette'}, {'heroid': 56, 'heroname': 'Gusion'}, {'heroid': 27, 'heroname': 'Sun'}, {'heroid': 3, 'heroname': 'Saber'}]","[{'heroid': 44, 'heroname': 'Grock'}, {'heroid': 129, 'heroname': 'Zetian'}, {'heroid': 20, 'heroname': 'Lolita'}, {'heroid': 119, 'heroname': 'Novaria'}, {'heroid': 81, 'heroname': 'Esmeralda'}, {'heroid': 106, 'heroname': 'Phoveus'}, {'heroid': 82, 'heroname': 'Terizla'}, {'heroid': 125, 'heroname': 'Zhuxin'}, {'heroid': 102, 'heroname': 'Mathilda'}, {'heroid': 62, 'heroname': 'Kaja'}]"
109,h110,Valentina,https://akmweb.youngjoygame.com/web/svnres/img/mlbb/homepage/100_24837021ec9d7aaf41b13fa55b6d13c9.png,['mid lane'],Mage,"[{'skill_name': 'Primal Force', 'skill_icon': 'hero-skills-images/valentina/passive.png', 'type': 'passive', 'cooldown': '2.0', 'manacost': 'null', 'description': ""Primal ForceBuff\xa0HealValentina gains 8–50 extra EXP each time she deals damage to an enemy hero. Cooldown: 2 seconds.If the enemy hero's level isn't higher than Valentina's, 30% of the damage dealt is converted into her HP. The EXP scales with Valentina's level.\n\nLevel scaling\n\n\nProperties\n\n1\n\n2\n\n3\n\n4\n\n5\n\n6\n\n7\n\n8\n\n9\n\n10\n\n11\n\n12\n\n13\n\n14\n\n15\n\n\nCooldown\n\n2.0\n\n\nEXP Increase\n\n8\n\n11\n\n14\n\n17\n\n20\n\n23\n\n26\n\n29\n\n32\n\n35\n\n38\n\n41\n\n44\n\n47\n\n50\nCalculation\n\n  \n    \n      \n        \n          E\n          X""}, {'skill_name': 'Shadow Strike', 'skill_icon': 'hero-skills-images/valentina/skill_1.png', 'type': 'active', 'cooldown': '7.0', 'manacost': '70 / 75 / 80 / 85 / 90 / 95', 'description': 'Shadow StrikeDamage\xa0CCValentina casts Shadow Strike in the target direction, dealing 340–665 (+185% Total Magic Power) Magic Damage to enemies hit and slowing them by 40% for 1 second.Enemy heroes hit by Shadow Strike are marked with a Shadow Sigil for 4 seconds and will be terrified for 1s when hit by Shadow Strike again within the duration (a unit can only be terrified once within 4 seconds.'}, {'skill_name': 'Arcane Shade', 'skill_icon': 'hero-skills-images/valentina/skill_2.png', 'type': 'active', 'cooldown': '12.0', 'manacost': '45 / 50 / 55 / 60 / 65 / 70', 'description': 'Arcane ShadeMobility\xa0BuffValentina dashes in the target direction, firing 3 Shadow Bolts at nearby enemies that deal 125–225 (+30% Total Magic Power) Magic Damage each. Valentina can cast this skill again within 6s (costs Mana). The cooldown of  Shadow Strike is reduced by 1 second each time a Shadow Bolt hits an enemy.'}, {'skill_name': 'I Am YouMorph', 'skill_icon': 'hero-skills-images/valentina/ultimate.png', 'type': 'active', 'cooldown': 'Varying (>= 10 seconds)', 'manacost': 'Varying', 'description': ""I Am YouMorph\xa0SlowValentina slows the target enemy hero by 70% for 0.5 seconds and gains the ability to cast their Ultimate. Casting the enemy's Ultimate turns Valentina into the enemy hero's form and allows her to inherit their Basic Attack type for up to 12 seconds. Her regular skills remain unchanged, unless the enemy's Ultimate has a Morph effect.The stolen Ultimate's level will be equal to Valentina's level and the cooldown will be 120%–100% of the target's cooldown (but not lower than 10 s""}]","['Burst', 'Finisher']","[{'heroid': 106, 'heroname': 'Phoveus'}, {'heroid': 78, 'heroname': 'Khufra'}, {'heroid': 74, 'heroname': 'Minsitthar'}, {'heroid': 99, 'heroname': 'Barats'}, {'heroid': 33, 'heroname': 'Cyclops'}, {'heroid': 70, 'heroname': 'Belerick'}, {'heroid': 4, 'heroname': 'Alice'}, {'heroid': 57, 'heroname': 'Valir'}, {'heroid': 128, 'heroname': 'Kalea'}, {'heroid': 105, 'heroname': 'Beatrix'}]","[{'heroid': 48, 'heroname': 'Diggie'}, {'heroid': 102, 'heroname': 'Mathilda'}, {'heroid': 4, 'heroname': 'Alice'}, {'heroid': 107, 'heroname': 'Natan'}, {'heroid': 112, 'heroname': 'Floryn'}, {'heroid': 30, 'heroname': 'Yi Sun-shin'}, {'heroid': 124, 'heroname': 'Chip'}, {'heroid': 88, 'heroname': 'Masha'}, {'heroid': 73, 'heroname': 'Harith'}, {'heroid': 118, 'heroname': 'Joy'}]"
110,h111,Edith,https://akmweb.youngjoygame.com/web/svnres/img/mlbb/homepage/100_daab57918de01a6d5bb2ed6f45808a7e.png,"['exp lane, roam']","Tank, Marksman","[{'skill_name': 'Overload', 'skill_icon': 'hero-skills-images/edith/passive.png', 'type': 'passive', 'cooldown': 'null', 'manacost': 'null', 'description': ""OverloadBuffAfter each skill cast, Edith and Phylax become Overloaded for 3 seconds, during which all Basic Attacks will trigger chain lightning, dealing extra Magic Damage equal to (+30% Total Magic Power)(+target's 4–8% Total HP) to up to 4 enemies.Chain lightning damage against Minions is increased to 150%.Skill terms\nMagic Damage Skill\nDeal Magic DMG to enemies. Triggers Spell Vamp.\nNotes\nChain lightning counts as Skill Damage.\nWhen the first target of its/her chain lightning is not a nearby""}, {'skill_name': 'Skill 1', 'skill_icon': 'hero-skills-images/edith/skill_1.png', 'type': 'active', 'cooldown': 'null', 'manacost': 'null', 'description': 'PhylaxEdith'}, {'skill_name': 'Skill 2', 'skill_icon': 'hero-skills-images/edith/skill_2.png', 'type': 'active', 'cooldown': 'null', 'manacost': 'null', 'description': 'PhylaxEdith'}, {'skill_name': 'Primal WrathMorph', 'skill_icon': 'hero-skills-images/edith/ultimate.png', 'type': 'active', 'cooldown': '40.0', 'manacost': 'null', 'description': 'Primal WrathMorph\xa0BuffPassive: When inside Phylax, Edith can accumulate Wrath according to the damage she receives (calculated before damage reduction).Active: Edith ejects herself forward from Phylax, knocking back nearby enemies. After that, she takes flight and can perform ranged Basic Attacks, each dealing 35–65 (+75% Total Physical Attack) (+25% Total Magic Power) Magic Damage. Edith also gains new skills in this state.  When in flight, Edith gains 350–650 (+5% Total HP)–350–650(+20% Total'}]","['Control', 'Burst']","[{'heroid': 20, 'heroname': 'Lolita'}, {'heroid': 23, 'heroname': 'Gord'}, {'heroid': 18, 'heroname': 'Layla'}, {'heroid': 57, 'heroname': 'Valir'}, {'heroid': 36, 'heroname': 'Aurora'}, {'heroid': 27, 'heroname': 'Sun'}, {'heroid': 69, 'heroname': 'Hanzo'}, {'heroid': 87, 'heroname': 'Baxia'}, {'heroid': 97, 'heroname': 'Benedetta'}, {'heroid': 67, 'heroname': 'Leomord'}]","[{'heroid': 34, 'heroname': 'Estes'}, {'heroid': 24, 'heroname': 'Natalia'}, {'heroid': 3, 'heroname': 'Saber'}, {'heroid': 69, 'heroname': 'Hanzo'}, {'heroid': 20, 'heroname': 'Lolita'}, {'heroid': 124, 'heroname': 'Chip'}, {'heroid': 17, 'heroname': 'Fanny'}, {'heroid': 51, 'heroname': 'Helcurt'}, {'heroid': 62, 'heroname': 'Kaja'}, {'heroid': 48, 'heroname': 'Diggie'}]"
111,h112,Floryn,https://akmweb.youngjoygame.com/web/svnres/img/mlbb/homepage/100_5a57b91e4914cf071a3849e352e530a5.png,['roam'],Support,"[{'skill_name': 'Passive', 'skill_icon': 'hero-skills-images/floryn/passive.png', 'type': 'passive', 'cooldown': 'null', 'manacost': 'null', 'description': ""Main article: Flower of Hope, Lantern of Hope DewBuffDew's Lantern will permanently increase Floryn's attributes by a small amount.After leaving combat in 5 seconds, Floryn can share the Flower of Hope with an allied hero (30 seconds cooldown), which will grant them a 150 (+80% Total Magic Power) shield each time they are healed by Floryn.Floryn will never sell the Lantern. Icon\xa0variants Notes Does not affect target ally's networth. The Lantern can be cast regardless of distance or even when dea""}, {'skill_name': 'Sow', 'skill_icon': 'hero-skills-images/floryn/skill_1.png', 'type': 'active', 'cooldown': '9.0', 'manacost': '90 / 100 / 110 / 120 / 130 / 140', 'description': 'SowDamage\xa0HealFloryn tosses an Energy Seed at a target enemy, dealing 180–330 (+100% Total Magic Power) Magic Damage. Healing Fruits will then spawn and bounce to nearby allied heroes, restoring [175–225 (+90% Total Magic Power) HP]. Icon\xa0variants'}, {'skill_name': 'Sprout', 'skill_icon': 'hero-skills-images/floryn/skill_2.png', 'type': 'active', 'cooldown': '13.0', 'manacost': '100 / 110 / 120 / 130 / 140 / 150', 'description': 'SproutCC\xa0DamageFloryn casts a blob of energy ahead and explodes upon hitting an enemy, dealing 175–350 (+90% Total Magic Power) Magic Damage to nearby enemies stunning them for 0.7 seconds (and revealing their positions briefly).[duration needed]Skill terms\nStun\nBasic level Crowd Control: Prevents a target from moving, and using Basic Attacks and skills. Can interrupt some skills.\n\nIcon\xa0variants\n\n\nLevel scaling\n\n\nProperties\n\n1\n\n2\n\n3\n\n4\n\n5\n\n6\n\n\nCooldown\n\n13.0\n\n12.4\n\n11.8\n\n11.2\n\n10.6\n\n10.0\n\n\nMana'}, {'skill_name': 'Bloom', 'skill_icon': 'hero-skills-images/floryn/ultimate.png', 'type': 'active', 'cooldown': '70.0', 'manacost': '150 / 175 / 200', 'description': ""BloomHeal\xa0DamageFloryn resonates with Dew's power, restoring 250–450 (+100% Total Magic Power) HP to all allied heroes 2 times no matter where they are on the battlefield. This effect removes any Healing Reduction or Shield Reduction effects on allied heroes, and makes them immune to the effects for 2 seconds. Icon\xa0variants""}]","['Poke', 'Guard']","[{'heroid': 113, 'heroname': 'Yin'}, {'heroid': 20, 'heroname': 'Lolita'}, {'heroid': 10, 'heroname': 'Franco'}, {'heroid': 90, 'heroname': 'Silvanna'}, {'heroid': 15, 'heroname': 'Eudora'}, {'heroid': 121, 'heroname': 'Ixia'}, {'heroid': 122, 'heroname': 'Nolan'}, {'heroid': 62, 'heroname': 'Kaja'}, {'heroid': 104, 'heroname': 'Gloo'}]","[{'heroid': 76, 'heroname': 'Faramis'}, {'heroid': 30, 'heroname': 'Yi Sun-shin'}, {'heroid': 24, 'heroname': 'Natalia'}, {'heroid': 99, 'heroname': 'Barats'}, {'heroid': 100, 'heroname': 'Brody'}, {'heroid': 37, 'heroname': 'Lapu-Lapu'}, {'heroid': 46, 'heroname': 'Odette'}, {'heroid': 125, 'heroname': 'Zhuxin'}, {'heroid': 67, 'heroname': 'Leomord'}, {'heroid': 110, 'heroname': 'Valentina'}]"
112,h113,Yin,https://akmweb.youngjoygame.com/web/svnres/img/mlbb/homepage_92/100_ee1c12c84f49514a30e405fb5c617796.png,"['jungle, exp lane']","Fighter, Assassin","[{'skill_name': 'Leave It to Me', 'skill_icon': 'hero-skills-images/yin/passive.png', 'type': 'passive', 'cooldown': 'null', 'manacost': 'null', 'description': ""Leave It to MeBuffIf there are no nearby allies within 4 units, Yin's damage is increased to 120% and gains 8% Spell Vamp. Icon\xa0variants""}, {'skill_name': 'Skill 1', 'skill_icon': 'hero-skills-images/yin/skill_1.png', 'type': 'active', 'cooldown': 'null', 'manacost': 'null', 'description': 'YinLieh'}, {'skill_name': 'Skill 2', 'skill_icon': 'hero-skills-images/yin/skill_2.png', 'type': 'active', 'cooldown': 'null', 'manacost': 'null', 'description': 'YinLieh'}, {'skill_name': 'My Turn', 'skill_icon': 'hero-skills-images/yin/ultimate.png', 'type': 'active', 'cooldown': '60.0', 'manacost': 'null', 'description': ""My TurnCC\xa0BuffAfter a short delay Yin pulls an enemy (excluding pets and clones) into his domain for up to 8 seconds and turns into Lieh. When in the domain, the two cannot be affected by other heroes' skills.Lieh has stronger skills and gains 50-80 Physical & Magic Defense that lasts for 8 seconds.The domain will end early if any of the two hero is killed. If Lieh successfully kills the enemy, he'll restore 20% Max HP, leave the domain with the cooldowns of  Frenzy Strike and Instant Blast Inst""}]","['Burst', 'Control']","[{'heroid': 89, 'heroname': 'Wanwan'}, {'heroid': 81, 'heroname': 'Esmeralda'}, {'heroid': 50, 'heroname': 'Zhask'}, {'heroid': 78, 'heroname': 'Khufra'}, {'heroid': 32, 'heroname': 'Johnson'}, {'heroid': 53, 'heroname': 'Lesley'}, {'heroid': 125, 'heroname': 'Zhuxin'}, {'heroid': 59, 'heroname': 'Uranus'}, {'heroid': 110, 'heroname': 'Valentina'}, {'heroid': 43, 'heroname': 'Irithel'}]","[{'heroid': 107, 'heroname': 'Natan'}, {'heroid': 114, 'heroname': 'Melissa'}, {'heroid': 64, 'heroname': 'Aldous'}, {'heroid': 104, 'heroname': 'Gloo'}, {'heroid': 111, 'heroname': 'Edith'}, {'heroid': 71, 'heroname': 'Kimmy'}, {'heroid': 14, 'heroname': 'Rafaela'}, {'heroid': 1, 'heroname': 'Miya'}, {'heroid': 57, 'heroname': 'Valir'}, {'heroid': 102, 'heroname': 'Mathilda'}]"
113,h114,Melissa,https://akmweb.youngjoygame.com/web/svnres/img/mlbb/homepage/100_1fa7436301fea3f13fbcd4772051d22d.png,['gold lane'],Marksman,"[{'skill_name': 'Doll Buster', 'skill_icon': 'hero-skills-images/melissa/passive.png', 'type': 'passive', 'cooldown': 'null', 'manacost': 'null', 'description': 'Doll BusterBuffUh-oh, Melissa\'s taken apart another bunch of dolls!""My tailor shop excels at ""fixing"" dolls and ""fixing"" dolls. Am I right?, Muddles?""(Melissa deals 125% damage to minions, creeps and summoned units.) Icon\xa0variants Notes Additional damage dealt to summoned units and minions includes all types of damage from battle spells, talents, equipment, skills, and basic attacks.'}, {'skill_name': 'Skill 1', 'skill_icon': 'hero-skills-images/melissa/skill_1.png', 'type': 'active', 'cooldown': '7.5', 'manacost': '30 / 35 / 40 / 45 / 50 / 55', 'description': 'Falling!Mobility\xa0BuffMelissa is falling… In your dreams!""Watch me slide forward and increase my Attack Speed for 3 seconds—Ah, that was just boring…""""Muddles, go that way!""""Cuddles, come here!""(The skill\'s cooldown is reduced by 0.5 seconds each time Melissa damages the enemy by attacking Muddles.)Skill terms\nBlink\nMovement ability that can pass through obstacles.\nATK Speed\nIt determines the attacking times (capped at 3 times) per second. Total current ATK Speed = Basic ATK Speed + Extra ATK Spe'}, {'skill_name': 'Skill 2', 'skill_icon': 'hero-skills-images/melissa/skill_2.png', 'type': 'active', 'cooldown': '9.0', 'manacost': '60 / 50 / 40 / 30 / 20 / 10', 'description': 'Eyes on You!Debuff\xa0AOEGo, Muddles!""The plan\'s like this: Throw Muddles out to hold the bad guys, and then… I come on stage!""""I puncture the bad guys, while Giggles hit Muddles to punish the bad guys! Hee, fantastic!""(Muddles deals 250–400 (+80% Total Physical Attack) Physical Damage on the first hit and links nearby [enemy heroes and summoned units] for up to 6 seconds. Linked enemies will be slowed by 60% that decays over 1.5 seconds and can break the link by moving out of the range. Muddles wi'}, {'skill_name': 'Ultimate', 'skill_icon': 'hero-skills-images/melissa/ultimate.png', 'type': 'active', 'cooldown': '50.0', 'manacost': '120 / 150 / 180', 'description': 'Go Away!Summon\xa0BuffDo you know? Hugs will give you the courage to face the darkness.""Cuddles, protect me! For 4 seconds, let no bad guys come close. Unless I say otherwise!""(When activated, the field knocks back Melissa creates a dome that continuously damages and repels  enemies in the area and deals 500–900 (+100% Total Magic Power) Magic Damage to them. It\'ll then continuously knock back enemies who attempt to enter the field. dealing 50–90 (+10% Total Magic Power) Magic Damage and briefly sl'}]","['Finisher', 'Damage']","[{'heroid': 70, 'heroname': 'Belerick'}, {'heroid': 30, 'heroname': 'Yi Sun-shin'}, {'heroid': 87, 'heroname': 'Baxia'}, {'heroid': 82, 'heroname': 'Terizla'}, {'heroid': 52, 'heroname': 'Pharsa'}, {'heroid': 79, 'heroname': 'Granger'}, {'heroid': 99, 'heroname': 'Barats'}, {'heroid': 41, 'heroname': 'Gatotkaca'}, {'heroid': 15, 'heroname': 'Eudora'}, {'heroid': 111, 'heroname': 'Edith'}]","[{'heroid': 42, 'heroname': 'Harley'}, {'heroid': 56, 'heroname': 'Gusion'}, {'heroid': 113, 'heroname': 'Yin'}, {'heroid': 58, 'heroname': 'Martis'}, {'heroid': 104, 'heroname': 'Gloo'}, {'heroid': 17, 'heroname': 'Fanny'}, {'heroid': 103, 'heroname': 'Paquito'}, {'heroid': 20, 'heroname': 'Lolita'}, {'heroid': 26, 'heroname': 'Chou'}, {'heroid': 34, 'heroname': 'Estes'}]"
114,h115,Xavier,https://akmweb.youngjoygame.com/web/svnres/img/mlbb/homepage/100_df0a8dfc494f85ed9bbc4512cc1e5d3c.png,['mid lane'],Mage,"[{'skill_name': 'Transcendence', 'skill_icon': 'hero-skills-images/xavier/passive.png', 'type': 'passive', 'cooldown': 'null', 'manacost': 'null', 'description': ""TranscendenceBuffXavier enhances his subsequent skills each time his skill hits an enemy hero. Stage I: Increases Movement Speed by 50% when subsequent skills hit, decaying over 1.2 seconds. Stage II: Width of subsequent skills will be greatly increased. Stage III: Skill Cooldown reduced by 4 seconds (36 seconds for the  Ultimate). At Stage III, Xavier enters the Transcendence state.  Transcendence: All of Xavier's skills are enhanced to Stage III state for 5 seconds (this duration is extend by""}, {'skill_name': 'Infinite Extension', 'skill_icon': 'hero-skills-images/xavier/skill_1.png', 'type': 'active', 'cooldown': '6.5', 'manacost': '50 / 55 / 60 / 65 / 70 / 75', 'description': ""Infinite ExtensionAOE\xa0SlowXavier fires a Mystic Bullet that deals 480–650 (+100% Total Magic Power) Magic Damage to enemies it passes through.  The Bullet's flying distance increases each time it hits an enemy or the Mystic Barrier (up to 5 times).Skill terms\nMagic Skill\nDeal Magic DMG to enemies. Triggers Spell Vamp.\n\nIcon\xa0variants\n\n\nLevel scaling\n\n\nProperties\n\n1\n\n2\n\n3\n\n4\n\n5\n\n6\n\n\nCooldown\n\n6.5\n\n6.4\n\n6.3\n\n6.2\n\n6.1\n\n6.0\n\n\nMana Cost\n\n50\n\n55\n\n60\n\n65\n\n70\n\n75\n\n\nBase Damage\n\n480\n\n514\n\n548\n\n582\n\n616\n\n6""}, {'skill_name': 'Mystic Field', 'skill_icon': 'hero-skills-images/xavier/skill_2.png', 'type': 'active', 'cooldown': '13.0', 'manacost': '80 / 88 / 96 / 104 / 112 / 120', 'description': ""Mystic FieldAOEXavier conjures a Mystic Barrier that lasts 5 seconds. Enemies that come into contact with the Barrier will take 220–340  and be slowed by 50%, while allies will gain extra Movement Speed that decays over 1.2 seconds.  When hit by Xavier's other skills, the Barrier expands into a forbidden field for 3 seconds, dealing 220–340 (+65% Total Magic Power) Magic Damage to enemies within and immobilizing them for 1.2 seconds.Skill terms\nImmobilized\nA state that prevents a target from mov""}, {'skill_name': 'Dawning Light', 'skill_icon': 'hero-skills-images/xavier/ultimate.png', 'type': 'active', 'cooldown': '56.0', 'manacost': '120 / 160 / 200', 'description': ""Dawning LightBurst\xa0BuffXavier unleashes a beam of Mystic magic that deals 600–1100 (+180% Total Magic Power) Magic Damage to all enemies along its path.  Once cast, he also directly enters the Transcendence state and resets the state's duration. Icon\xa0variants""}]","['Damage', 'Burst']","[{'heroid': 24, 'heroname': 'Natalia'}, {'heroid': 51, 'heroname': 'Helcurt'}, {'heroid': 20, 'heroname': 'Lolita'}, {'heroid': 113, 'heroname': 'Yin'}, {'heroid': 109, 'heroname': 'Aamon'}, {'heroid': 16, 'heroname': 'Zilong'}, {'heroid': 64, 'heroname': 'Aldous'}, {'heroid': 55, 'heroname': 'Angela'}, {'heroid': 31, 'heroname': 'Moskov'}, {'heroid': 17, 'heroname': 'Fanny'}]","[{'heroid': 53, 'heroname': 'Lesley'}, {'heroid': 59, 'heroname': 'Uranus'}, {'heroid': 42, 'heroname': 'Harley'}, {'heroid': 116, 'heroname': 'Julian'}, {'heroid': 2, 'heroname': 'Balmond'}, {'heroid': 73, 'heroname': 'Harith'}, {'heroid': 123, 'heroname': 'Cici'}, {'heroid': 87, 'heroname': 'Baxia'}, {'heroid': 102, 'heroname': 'Mathilda'}, {'heroid': 88, 'heroname': 'Masha'}]"
115,h116,Julian,https://akmweb.youngjoygame.com/web/svnres/img/mlbb/homepage/100_5511ddc0ad2789b525f32ef572b017eb.png,['jungle'],"Assassin, Fighter","[{'skill_name': 'Passive', 'skill_icon': 'hero-skills-images/julian/passive.png', 'type': 'passive', 'cooldown': 'null', 'manacost': 'null', 'description': ""Smith's LegacyBuffAfter casting two different skills, Julian enhances his third skill. Casting the enhanced skill makes all his skills go on a 9–6 seconds cooldown (decreases with his level.After casting any skill, his Basic Attacks within the next 5 seconds to deal 100 (+100% Total Physical Attack) (+100% Total Magic Power) Magic Damage and pull the target toward him. Casting another skill extends the duration.Julian gains 15% extra Hybrid Lifesteal for 5 seconds each time he hits an enemy hero""}, {'skill_name': 'Skill 1', 'skill_icon': 'hero-skills-images/julian/skill_1.png', 'type': 'active', 'cooldown': 'null', 'manacost': 'null', 'description': 'DefaultEnhanced'}, {'skill_name': 'Skill 2', 'skill_icon': 'hero-skills-images/julian/skill_2.png', 'type': 'active', 'cooldown': 'null', 'manacost': 'null', 'description': 'DefaultEnhanced'}]","['Chase', 'Magic Damage']","[{'heroid': 87, 'heroname': 'Baxia'}, {'heroid': 99, 'heroname': 'Barats'}, {'heroid': 80, 'heroname': 'Guinevere'}, {'heroid': 6, 'heroname': 'Tigreal'}, {'heroid': 92, 'heroname': 'Carmilla'}, {'heroid': 74, 'heroname': 'Minsitthar'}, {'heroid': 79, 'heroname': 'Granger'}, {'heroid': 101, 'heroname': 'Yve'}, {'heroid': 124, 'heroname': 'Chip'}, {'heroid': 49, 'heroname': 'Hylos'}]","[{'heroid': 93, 'heroname': 'Atlas'}, {'heroid': 97, 'heroname': 'Benedetta'}, {'heroid': 20, 'heroname': 'Lolita'}, {'heroid': 103, 'heroname': 'Paquito'}, {'heroid': 104, 'heroname': 'Gloo'}, {'heroid': 124, 'heroname': 'Chip'}, {'heroid': 32, 'heroname': 'Johnson'}, {'heroid': 79, 'heroname': 'Granger'}, {'heroid': 6, 'heroname': 'Tigreal'}, {'heroid': 120, 'heroname': 'Arlott'}]"
116,h117,Fredrinn,https://akmweb.youngjoygame.com/web/svnres/img/mlbb/homepage/100_dea170bfd5f26c41fb04e5edf72afedb.png,['jungle'],"Fighter, Tank","[{'skill_name': 'Crystalline Armor', 'skill_icon': 'hero-skills-images/fredrinn/passive.png', 'type': 'passive', 'cooldown': 'null', 'manacost': 'null', 'description': 'Crystalline ArmorBuff\xa0HealFredrinn gains 1  Combo Point that lasts 5 seconds each time his skill hits a non-minion enemy, up to 4 Combo Points. His Ultimate costs different numbers of  Combo Points at different skill levels. Fredrinn stores 100% of the damage he receives as Crystal Energy, which decays after 5 seconds at a rate of 10% Max HP per second. Fredrinn can convert the stored Crystal Energy into HP by 20% of his damage dealt (10% for damage dealt to minions). Gaining a  Combo Point rese'}, {'skill_name': 'Piercing Strike', 'skill_icon': 'hero-skills-images/fredrinn/skill_1.png', 'type': 'active', 'cooldown': '8.5', 'manacost': 'null', 'description': 'Piercing StrikeDamageFredrinn thrusts his sword in the target direction, dealing 125 (+7% Total HP) Physical Damage to enemies hit and slowing them by 30% for 2 seconds. His next Basic Attack gains extra attack range and deals 85 (+100% Total Physical Attack) Physical Damage.[skill duration needed]This skill deals 150% damage to non-hero enemies. Icon\xa0variants'}, {'skill_name': 'Brave Assault', 'skill_icon': 'hero-skills-images/fredrinn/skill_2.png', 'type': 'active', 'cooldown': '8.5', 'manacost': 'null', 'description': 'Brave AssaultMobility\xa0CCFredrinn dashes in the target direction, dealing 200 (+80% Extra Physical Attack) Physical Damage to the first non-minion enemy hit. His next Basic Attack knocks the target airborne for 0.3 seconds.[skill duration needed] Icon\xa0variants'}, {'skill_name': 'Energy Eruption', 'skill_icon': 'hero-skills-images/fredrinn/ultimate.png', 'type': 'active', 'cooldown': '30.0', 'manacost': 'null', 'description': 'Energy EruptionCC\xa0AOEFredrinn deals 300 (+100% Extra Physical Attack) Physical Damage to nearby enemies and taunts them for 1 second. Hitting a non-minion enemy grants Fredrinn 15-35 Physical and Magic Defense for 3 seconds and reduces the cooldowns of  Piercing Strike and  Brave Assault by 75%.This skill costs 1  Combo Point. Icon\xa0variants'}]","['Damage', 'Chase']","[{'heroid': 57, 'heroname': 'Valir'}, {'heroid': 69, 'heroname': 'Hanzo'}, {'heroid': 23, 'heroname': 'Gord'}, {'heroid': 83, 'heroname': 'X.Borg'}, {'heroid': 40, 'heroname': 'Karrie'}, {'heroid': 60, 'heroname': 'Hanabi'}, {'heroid': 62, 'heroname': 'Kaja'}, {'heroid': 96, 'heroname': 'Luo Yi'}, {'heroid': 28, 'heroname': 'Alpha'}]","[{'heroid': 48, 'heroname': 'Diggie'}, {'heroid': 34, 'heroname': 'Estes'}, {'heroid': 14, 'heroname': 'Rafaela'}, {'heroid': 55, 'heroname': 'Angela'}, {'heroid': 121, 'heroname': 'Ixia'}, {'heroid': 97, 'heroname': 'Benedetta'}, {'heroid': 112, 'heroname': 'Floryn'}, {'heroid': 101, 'heroname': 'Yve'}, {'heroid': 120, 'heroname': 'Arlott'}, {'heroid': 88, 'heroname': 'Masha'}]"
117,h118,Joy,https://akmweb.youngjoygame.com/web/svnres/img/mlbb/homepage/100_d3a3a55c22000ae78732fed8cba2efef.png,['jungle'],Assassin,"[{'skill_name': 'Passive', 'skill_icon': 'hero-skills-images/joy/passive.png', 'type': 'passive', 'cooldown': 'null', 'manacost': 'null', 'description': ""Humph, Joy's Angry!BuffJoy becomes Angry! each time her skill hits a non-Minion enemy, dealing 100 (+80% Total Magic Power) Magic Damage. Magic Damage and increasing her Movement Speed by 60% that decays over 4s (hitting the Leonin Crystal will also grant the Movement Speed effect). This effect has a cooldown of 4s for each target.Joy's Basic Attack will deal 65 (+65% Total Physical Attack) (+65% Total Magic Power) Magic Damage.""}, {'skill_name': 'Skill 1', 'skill_icon': 'hero-skills-images/joy/skill_1.png', 'type': 'active', 'cooldown': '4.0', 'manacost': 'null', 'description': 'Look, Leonin Crystal!SummonJoy summons a Leonin Crystal at the target location, dealing 200 (+40% Total Magic Power) Magic Damage to nearby enemies and slowing them by 30% for 1s.The Leonin Crystal lasts 2 seconds and can be used as a springboard for her second skill,  Meow, Rhythm of Joy!.'}, {'skill_name': 'Skill 2', 'skill_icon': 'hero-skills-images/joy/skill_2.png', 'type': 'active', 'cooldown': '8.0', 'manacost': 'null', 'description': 'Meow, Rhythm of Joy!Mobility\xa0DamageJoy dashes in the target direction, dealing 120 (+40% Total Magic Power) Magic Damage to enemies in her path. Hitting an enemy or the Leonin Crystal allows Joy to cast this skill again within 0.8 seconds and gain 1 Beat Energy. Casting this skill on the beat increases the skill damage by 100% and grants a 80 (+60% Total Magic Power) Magic Damage shield that lasts 3s.This skill can be cast up to 4 times in succession.'}, {'skill_name': 'Ultimate', 'skill_icon': 'hero-skills-images/joy/ultimate.png', 'type': 'active', 'cooldown': '28.0', 'manacost': 'null', 'description': ""Ha, Electrifying Beats!AOE\xa0Speed UpJoy increases her Physical & Magic Defense by 15 (+10% Total Magic Power) Magic Damage and gains 30% Movement Speed. Over the next 4s, she pulses 8 times, dealing 120 (+40% Total Magic Power) Magic Damage each time to nearby enemies.Each Meow, Rhythm of Joy! cast on the beat increases this skill's damage by 40%. If perfect rhythm is achieved by hitting every beat with Meow, Rhythm of Joy!, Joy also gains 40% Spell Vamp while this skill is active.This skill unlo""}]","['Chase', 'Damage']","[{'heroid': 33, 'heroname': 'Cyclops'}, {'heroid': 31, 'heroname': 'Moskov'}, {'heroid': 15, 'heroname': 'Eudora'}, {'heroid': 117, 'heroname': 'Fredrinn'}, {'heroid': 42, 'heroname': 'Harley'}, {'heroid': 12, 'heroname': 'Bruno'}, {'heroid': 76, 'heroname': 'Faramis'}, {'heroid': 48, 'heroname': 'Diggie'}, {'heroid': 62, 'heroname': 'Kaja'}, {'heroid': 46, 'heroname': 'Odette'}]","[{'heroid': 110, 'heroname': 'Valentina'}, {'heroid': 123, 'heroname': 'Cici'}, {'heroid': 88, 'heroname': 'Masha'}, {'heroid': 103, 'heroname': 'Paquito'}, {'heroid': 102, 'heroname': 'Mathilda'}, {'heroid': 55, 'heroname': 'Angela'}, {'heroid': 125, 'heroname': 'Zhuxin'}, {'heroid': 78, 'heroname': 'Khufra'}, {'heroid': 48, 'heroname': 'Diggie'}, {'heroid': 25, 'heroname': 'Kagura'}]"
118,h119,Novaria,https://akmweb.youngjoygame.com/web/svnres/img/mlbb/homepage/100_57eeea6d5bd8d21229de8df79751db9f.png,['mid lane'],Mage,"[{'skill_name': 'Star Trail', 'skill_icon': 'hero-skills-images/novaria/passive.png', 'type': 'passive', 'cooldown': 'null', 'manacost': 'null', 'description': 'Star TrailBuffAstral Spheres summoned by Novaria will continuously slow nearby enemies by 20% and grant vision of them [for 2 seconds].'}, {'skill_name': 'Astral Meteor', 'skill_icon': 'hero-skills-images/novaria/skill_1.png', 'type': 'active', 'cooldown': '8.0', 'manacost': '60 / 70 / 80 / 90 / 100 / 110', 'description': ""Astral MeteorSlow\xa0AOENovaria summons an Astral Sphere at the target location. continuously dealing 75–150 (+25% Total Magic Power) Magic Damage to nearby enemies [six times]. After 2 seconds, the sphere will explode, dealing 260–385 (+50% Total Magic Power) (+enemy's 4%–6% Total HP) Magic Damage to nearby enemies, and increasing Astral Sphere's slow effect to 2.5 times the original slow effect (50% slow).""}, {'skill_name': 'Astral Recall', 'skill_icon': 'hero-skills-images/novaria/skill_2.png', 'type': 'active', 'cooldown': '8.0', 'manacost': '120 / 150 / 180 / 210 / 240 / 270', 'description': ""Astral RecallBurst\xa0BuffNovaria summons an Astral Sphere at a distance and draws it towards her. At the same time, Novaria gains 20% Movement Speed and can pass through terrain. Passing through a wall will increase the Movement bonus to 60%.When the Astral Sphere reaches Novaria, she can launch it in a target direction within 5 seconds. The sphere will explode when hitting an enemy hero, dealing 260–385 (+50% Total Magic Power) (+enemy's 4%–6% Total HP) Magic Damage. The damage will increase base""}, {'skill_name': 'Astral Echo', 'skill_icon': 'hero-skills-images/novaria/ultimate.png', 'type': 'active', 'cooldown': '45.0', 'manacost': '150 / 75 / 0', 'description': 'Astral EchoBuffNovaria scatters Astral Echo in the target direction, briefly slowing enemy heroes hit by 50% (for approximately 0.8 seconds) while applying Astral Ring on them, increasing their hitbox by 2.5 times and revealing their surrounding area. This effect lasts 5 seconds.Skill terms\nHitbox\nThe contact area of a unit that can be hit by non-lock-on attacks.\n\nLevel scaling\n\n\nProperties\n\n1\n\n2\n\n3\n\n\nCooldown\n\n45.0\n\n40.0\n\n35.0\n\n\nMana Cost\n\n150\n\n75\n\n0\nNotes\nHas the distance of 23 unit.\n Novaria'}]","['Burst', 'Poke']","[{'heroid': 24, 'heroname': 'Natalia'}, {'heroid': 16, 'heroname': 'Zilong'}, {'heroid': 69, 'heroname': 'Hanzo'}, {'heroid': 64, 'heroname': 'Aldous'}, {'heroid': 35, 'heroname': 'Hilda'}, {'heroid': 21, 'heroname': 'Hayabusa'}, {'heroid': 31, 'heroname': 'Moskov'}, {'heroid': 110, 'heroname': 'Valentina'}, {'heroid': 68, 'heroname': 'Lunox'}, {'heroid': 98, 'heroname': 'Khaleed'}]","[{'heroid': 107, 'heroname': 'Natan'}, {'heroid': 42, 'heroname': 'Harley'}, {'heroid': 109, 'heroname': 'Aamon'}, {'heroid': 73, 'heroname': 'Harith'}, {'heroid': 104, 'heroname': 'Gloo'}, {'heroid': 56, 'heroname': 'Gusion'}, {'heroid': 21, 'heroname': 'Hayabusa'}, {'heroid': 87, 'heroname': 'Baxia'}, {'heroid': 44, 'heroname': 'Grock'}, {'heroid': 3, 'heroname': 'Saber'}]"
119,h120,Arlott,https://akmweb.youngjoygame.com/web/svnres/img/mlbb/homepage/100_f666faa5ec6be5353f10dcd1d8997a42.png,['exp lane'],"Fighter, Assassin","[{'skill_name': 'Demon Gaze', 'skill_icon': 'hero-skills-images/arlott/passive.png', 'type': 'passive', 'cooldown': 'null', 'manacost': 'null', 'description': 'Demon GazeBuffArlott possesses a demonic eye that will Mark enemy units near Arlott that become affected by control effects for 7s.The eye will also automatically Mark a nearby enemy hero every 7s. Notes Demon Gaze is applied to enemies within 5.5 unit, even if  Arlott is unsighted to them. Demon Gaze will only auto apply to, and in the following priority: Enemies without Mark. Targetable enemies. Visible enemies. Nearest enemies. Become CC immune does not remove Mark disappears when the unit di'}, {'skill_name': 'Dauntless Strike', 'skill_icon': 'hero-skills-images/arlott/skill_1.png', 'type': 'active', 'cooldown': '8.0', 'manacost': '- / - / - / - / - / -', 'description': 'Dauntless StrikeCC\xa0AOEArlott swings his lance forward, dealing 200 (+60% Total Physical Attack) Physical Damage and briefly stunning the targets in the area.Targets hit by the further part of the AOE will be stunned for 1s instead.'}, {'skill_name': 'Vengeance', 'skill_icon': 'hero-skills-images/arlott/skill_2.png', 'type': 'active', 'cooldown': '10.0', 'manacost': '- / - / - / - / - / -', 'description': ""VengeanceDamage\xa0MobilityArlott charges at an enemy and deals 160 (+60% Total Physical Attack) Physical Damage (this skill cannot be interrupted during movement).If Arlott's target is Marked, this skill will deal double damage and refresh its cooldown , and restoring 0 (+90% Total Physical Attack) HP to Arlott (only restores 50% of that amount when used on a non-hero unit).""}, {'skill_name': 'Final Slash', 'skill_icon': 'hero-skills-images/arlott/ultimate.png', 'type': 'active', 'cooldown': '24.0', 'manacost': '100 / 120 / 140', 'description': 'Final SlashCC\xa0AOEArlott cleaves in front of him, dealing 400 (+80% Extra Physical Attack) Physical Damage to targets in the area and pushing them to the edge of the AOE and breifly revealing their location.'}]","['Charge', 'Burst']","[{'heroid': 27, 'heroname': 'Sun'}, {'heroid': 127, 'heroname': 'Lukas'}, {'heroid': 106, 'heroname': 'Phoveus'}, {'heroid': 50, 'heroname': 'Zhask'}, {'heroid': 60, 'heroname': 'Hanabi'}, {'heroid': 88, 'heroname': 'Masha'}, {'heroid': 22, 'heroname': 'Freya'}, {'heroid': 49, 'heroname': 'Hylos'}]","[{'heroid': 124, 'heroname': 'Chip'}, {'heroid': 108, 'heroname': 'Aulus'}, {'heroid': 117, 'heroname': 'Fredrinn'}, {'heroid': 41, 'heroname': 'Gatotkaca'}, {'heroid': 27, 'heroname': 'Sun'}, {'heroid': 48, 'heroname': 'Diggie'}, {'heroid': 107, 'heroname': 'Natan'}, {'heroid': 11, 'heroname': 'Bane'}, {'heroid': 101, 'heroname': 'Yve'}, {'heroid': 102, 'heroname': 'Mathilda'}]"
120,h121,Ixia,https://akmweb.youngjoygame.com/web/svnres/img/mlbb/homepage/100_f070d82521ecd2e14d4ef3f25880830a.png,['gold lane'],Marksman,"[{'skill_name': 'Siphon Starlium', 'skill_icon': 'hero-skills-images/ixia/passive.png', 'type': 'passive', 'cooldown': 'null', 'manacost': 'null', 'description': ""Siphon StarliumDamage\xa0HealIxia's Basic Attacks and skills apply a stack of Starlium Charge to enemies on hit. When Ixia performs a Basic Attack on an enemy with two stacks of Starlium Charge, the attack will consume the stacks and be replaced with Siphon Starlium, dealing (+150% Total Physical Attack) (+200 × Lifesteal) plus  (+10 × Hero Level) Physical Damage to the target. Ixia recovers HP equal to the damage dealt by Siphon Starlium (only 20 (+100 × Lifesteal)% against non-hero units). Siphon""}, {'skill_name': 'Dual Beam', 'skill_icon': 'hero-skills-images/ixia/skill_1.png', 'type': 'active', 'cooldown': '8.0', 'manacost': '40 / 45 / 50 / 55 / 60 / 65', 'description': 'Dual BeamBurstIxia fires 2 Starlium-charged energy beams along the ground in the target direction, dealing 120–225 (+80% Total Physical Attack) Physical Damage to enemies in a rectangular area and slowing enemy heroes by 40%. Upon hitting an enemy hero, Ixia also gains 40% Movement Speed for 3 seconds.Enemies hit by both beams will take double damage.'}, {'skill_name': 'Star Helix', 'skill_icon': 'hero-skills-images/ixia/skill_2.png', 'type': 'active', 'cooldown': '11.0', 'manacost': '75 / 80 / 85 / 90 / 95 / 100', 'description': 'Star HelixCCIxia launches a canister of Starlium energy in the target direction, knocking back nearby enemies, and pulling enemies in range to the center line after a short delay (approximately 0.5 seconds) and dealing 200–300 (+60% Total Physical Attack) Physical Damage.'}, {'skill_name': 'Full Barrage', 'skill_icon': 'hero-skills-images/ixia/ultimate.png', 'type': 'active', 'cooldown': '54.0', 'manacost': '75 / 90 / 105', 'description': ""Full BarrageAOEIxia disassembles her weapon into 6 smaller weapons and enters the Barrage state for 4 seconds. In this state, Ixia's Basic Attacks and skills can hit enemies in a large fan-shaped area but not outside of it. Ixia's Basic Attacks can hit up to 6 enemy units (prioritizes heroes), and  Siphon Starlium will fire simultaneously with her normal Basic Attacks.""}]","['Finisher', 'Damage']","[{'heroid': 69, 'heroname': 'Hanzo'}, {'heroid': 75, 'heroname': 'Kadita'}, {'heroid': 89, 'heroname': 'Wanwan'}, {'heroid': 24, 'heroname': 'Natalia'}, {'heroid': 79, 'heroname': 'Granger'}, {'heroid': 65, 'heroname': 'Claude'}, {'heroid': 88, 'heroname': 'Masha'}]","[{'heroid': 48, 'heroname': 'Diggie'}, {'heroid': 87, 'heroname': 'Baxia'}, {'heroid': 94, 'heroname': 'Popol and Kupa'}, {'heroid': 39, 'heroname': 'Roger'}, {'heroid': 34, 'heroname': 'Estes'}, {'heroid': 101, 'heroname': 'Yve'}, {'heroid': 125, 'heroname': 'Zhuxin'}, {'heroid': 110, 'heroname': 'Valentina'}, {'heroid': 102, 'heroname': 'Mathilda'}, {'heroid': 117, 'heroname': 'Fredrinn'}]"
121,h122,Nolan,https://akmweb.youngjoygame.com/web/svnres/img/mlbb/homepage/100_9012ee9f73fbb4db4e1953e5fb5172e1.png,['jungle'],Assassin,"[{'skill_name': 'Dimensional Rift', 'skill_icon': 'hero-skills-images/nolan/passive.png', 'type': 'passive', 'cooldown': 'null', 'manacost': 'null', 'description': ""Dimensional RiftDamageThe father who swore to protect his shining star.Nolan's skills will leave a Rift that lasts 5 seconds and slows enemies by 30%. When a rift comes into contact with another rift, they will activate and pull enemies to their center and deal 220 (+140% Extra Physical Attack) Physical Damage after a short delay.Each time a rift activation hits an enemy hero or Creep, Nolan will gain 15 Energy and heals 150 (+120% Extra Physical Attack) for himself. If an enemy is hit by multip""}, {'skill_name': 'Expansion', 'skill_icon': 'hero-skills-images/nolan/skill_1.png', 'type': 'active', 'cooldown': '2.0', 'manacost': 'null', 'description': 'ExpansionAOEThe scholar that explored the edge of the universe.Nolan cuts a rectangular area in front of him with his cosmic gauge, dealing 230–480 (+40% Total Physical Attack) Physical Damage and leaving a rift at the first enemy hit. Icon\xa0variants'}, {'skill_name': 'Gauge', 'skill_icon': 'hero-skills-images/nolan/skill_2.png', 'type': 'active', 'cooldown': '2.0', 'manacost': 'null', 'description': 'GaugeMobilityThe wayfinder that measured the distance of the starNolan charges in the target direction and slashes with his cosmic gauge, dealing 70–220 (+13% Total Physical Attack) Physical Damage to enemies in his path and leaving a Rift. Icon\xa0variants'}, {'skill_name': 'Fracture', 'skill_icon': 'hero-skills-images/nolan/ultimate.png', 'type': 'active', 'cooldown': '21.0', 'manacost': 'null', 'description': 'FractureBurstThe hero that finally returned home.Nolan slashes the target location 3 times, 120–180 (+50% Extra Physical Attack) Physical Damage with each slash while leaving 3 Rifts and slowing the target hit by 30% for 0.5s. The rifts will be activated automatically while Nolan dashes backwards. Icon\xa0variants'}]","['Chase', 'Burst']","[{'heroid': 3, 'heroname': 'Saber'}, {'heroid': 35, 'heroname': 'Hilda'}, {'heroid': 24, 'heroname': 'Natalia'}, {'heroid': 21, 'heroname': 'Hayabusa'}, {'heroid': 54, 'heroname': 'Jawhead'}, {'heroid': 98, 'heroname': 'Khaleed'}, {'heroid': 103, 'heroname': 'Paquito'}, {'heroid': 76, 'heroname': 'Faramis'}]","[{'heroid': 81, 'heroname': 'Esmeralda'}, {'heroid': 112, 'heroname': 'Floryn'}, {'heroid': 110, 'heroname': 'Valentina'}, {'heroid': 125, 'heroname': 'Zhuxin'}, {'heroid': 12, 'heroname': 'Bruno'}, {'heroid': 48, 'heroname': 'Diggie'}, {'heroid': 124, 'heroname': 'Chip'}, {'heroid': 62, 'heroname': 'Kaja'}, {'heroid': 59, 'heroname': 'Uranus'}, {'heroid': 14, 'heroname': 'Rafaela'}]"
122,h123,Cici,https://akmweb.youngjoygame.com/web/svnres/img/mlbb/homepage/100_60e3e11da30f404c77fff9e22d3bdc72.png,['exp lane'],Fighter,"[{'skill_name': 'Passive', 'skill_icon': 'hero-skills-images/cici/passive.png', 'type': 'passive', 'cooldown': 'null', 'manacost': 'null', 'description': ""Performer's DelightBuffCici generates a stack of Delight after dealing damage, increasing her Movement Speed by 0.75% and Spell Vamp by 0.75% per stack up to 10 times, doubling the effects at full stacks. Stack scaling Property""}, {'skill_name': 'Skill 1', 'skill_icon': 'hero-skills-images/cici/skill_1.png', 'type': 'active', 'cooldown': '6.5', 'manacost': 'null', 'description': ""Yo-Yo BlitzBurstCici uses Yoyo to continuously attack the nearest enemy within range (prioritizing heroes) for 3.5 seconds, hitting them up to 10 times and dealing Physical Damage equal to 60–85 plus 3–4.5 (+1.2% Extra Physical Attack)% of the target's Max HP per hit. Cici can move and use other skills during this attack.If there's no enemy hero within the range, Yoyo will attack Turrets or the Base instead.The skill deals 20% extra damage to Minions.""}, {'skill_name': 'Buoyant Bounce', 'skill_icon': 'hero-skills-images/cici/skill_2.png', 'type': 'active', 'cooldown': '9.5', 'manacost': 'null', 'description': ""Buoyant BounceMobilityCici leaps to a target location. If she lands on any unit (not including Turrets and Base), she can leap again in the Joystick's direction. If she lands on an enemy with the first leap, she deals 200–300 (+40% Total Physical Attack) Physical Damage to them.""}, {'skill_name': 'Curtain Call', 'skill_icon': 'hero-skills-images/cici/ultimate.png', 'type': 'active', 'cooldown': '36.0', 'manacost': 'null', 'description': 'Curtain CallCC\xa0SlowCici throws Yoyo at the target enemy hero and links them with another nearby enemy hero, dealing 100 (+10% Total Physical Attack) Physical Damage, slowing them by 30%, and pulling them together.During this time, Cici can use  Yo-Yo Blitz to attack both linked targets at the same time. If only one is within the range of Yo-Yo Blitz, Cici will attack the target twice, but the damage of the second attack will be reduced to 20%'}]","['Damage', 'Regen']","[{'heroid': 34, 'heroname': 'Estes'}, {'heroid': 109, 'heroname': 'Aamon'}, {'heroid': 27, 'heroname': 'Sun'}, {'heroid': 83, 'heroname': 'X.Borg'}, {'heroid': 48, 'heroname': 'Diggie'}, {'heroid': 88, 'heroname': 'Masha'}, {'heroid': 46, 'heroname': 'Odette'}]","[{'heroid': 41, 'heroname': 'Gatotkaca'}, {'heroid': 118, 'heroname': 'Joy'}, {'heroid': 27, 'heroname': 'Sun'}, {'heroid': 11, 'heroname': 'Bane'}, {'heroid': 124, 'heroname': 'Chip'}, {'heroid': 48, 'heroname': 'Diggie'}, {'heroid': 126, 'heroname': 'Suyou'}, {'heroid': 98, 'heroname': 'Khaleed'}, {'heroid': 12, 'heroname': 'Bruno'}]"
123,h124,Chip,https://akmweb.youngjoygame.com/web/svnres/img/mlbb/homepage/100_79224d297f14377ad2eda8543432330d.png,['roam'],"Support, Tank","[{'skill_name': 'Passive', 'skill_icon': 'hero-skills-images/chip/passive.png', 'type': 'passive', 'cooldown': 'null', 'manacost': 'null', 'description': 'Snack Time!HealYummy...yummy...Chips starts eating potato chips when out of combat, regenerating HP equal to 150 plus 45% after finishing a whole bag (requires 5 bites). After eating a bag of chips, Chip cannot eat again for 5 seconds.'}, {'skill_name': 'Crash Course', 'skill_icon': 'hero-skills-images/chip/skill_1.png', 'type': 'active', 'cooldown': '5.5', 'manacost': '40 / 45 / 50 / 55 / 60 / 65', 'description': ""Crash CourseCC\xa0AOEChip rams his hovercraft into the ground, dealing Magic Damage equal to 220–370 plus target's Max HP and applying Chip's Mark on enemy heroes hit. Chip gains a 300–800 (+60% Total Magic Power) shield upon hitting an enemy hero, which increases by 20% for each additional energy hero hit. Chip's next  Basic Attack will become ranged and also hit all nearby enemies with Chip's Mark, detonating the mark to deal 200–350 (+40% Total Magic Power) Magic Damage and stun each target for ""}, {'skill_name': 'Skill 2', 'skill_icon': 'hero-skills-images/chip/skill_2.png', 'type': 'active', 'cooldown': '15.0', 'manacost': '20', 'description': ""OvertimeSpeed UpSunshine and beach, I'm here!Chip rushes forward for 2 seconds, gaining speed until he reaches 65% extra Movement Speed, after which he maintains the max speed for 2 seconds.  Chip's next  Basic Attack will cause him to charge at the enemy, dealing 200–300 (+30% Total Magic Power) Magic Damage and knocking them back slightly.""}, {'skill_name': 'ShortcutTeleport', 'skill_icon': 'hero-skills-images/chip/ultimate.png', 'type': 'active', 'cooldown': '70.0', 'manacost': '110', 'description': 'ShortcutTeleport\xa0CCGet it done so we can get off work.Chip drops the Main Portal on an enemy hero, dealing 200–300 (+60% Total Magic Power) Magic Damage and slowing them by 30% for 2.5 seconds. Meanwhile, he creates Connecting Portals near allied heroes (excluding allies within 8 units of Chip) and behind the allied Base. The Main Portal and Connecting Portals last up to 10 seconds.Connecting Portal: Heroes can teleport from Connecting Portals to the Main Portal, or stand on the Main Portal for '}]","['Support', 'Crowd Control']","[{'heroid': 4, 'heroname': 'Alice'}, {'heroid': 92, 'heroname': 'Carmilla'}, {'heroid': 108, 'heroname': 'Aulus'}, {'heroid': 60, 'heroname': 'Hanabi'}, {'heroid': 86, 'heroname': 'Lylia'}, {'heroid': 83, 'heroname': 'X.Borg'}, {'heroid': 99, 'heroname': 'Barats'}, {'heroid': 2, 'heroname': 'Balmond'}, {'heroid': 48, 'heroname': 'Diggie'}, {'heroid': 81, 'heroname': 'Esmeralda'}]","[{'heroid': 88, 'heroname': 'Masha'}, {'heroid': 22, 'heroname': 'Freya'}, {'heroid': 120, 'heroname': 'Arlott'}, {'heroid': 108, 'heroname': 'Aulus'}, {'heroid': 68, 'heroname': 'Lunox'}, {'heroid': 74, 'heroname': 'Minsitthar'}, {'heroid': 101, 'heroname': 'Yve'}, {'heroid': 76, 'heroname': 'Faramis'}, {'heroid': 46, 'heroname': 'Odette'}, {'heroid': 111, 'heroname': 'Edith'}]"
124,h125,Zhuxin,https://akmweb.youngjoygame.com/web/svnres/img/mlbb/homepage_92/100_595f85bc90df3889c711c6b1f02dc02d.png,['mid lane'],Mage,"[{'skill_name': 'Crimson Butterflies', 'skill_icon': 'hero-skills-images/zhuxin/passive.png', 'type': 'passive', 'cooldown': 'null', 'manacost': 'null', 'description': ""Crimson ButterfliesBuffEvery time Zhuxin channels Lantern Flare, she converts the Mana spent into up to 20 Crimson Butterflies to follow her Spirit Lantern. After Zhuxin stops channeling Lantern Flare, the Crimson Butterflies will gradually disappear, each restoring 4% of her Max Mana.Zhuxin has a naturally high base Max Mana, but it doesn't scale with her level. Notes Crimson Butterflies can only stack up on heroes and summoned units that are simultaneously applied with Soul Snare stacks from t""}, {'skill_name': 'Fluttering Grace', 'skill_icon': 'hero-skills-images/zhuxin/skill_1.png', 'type': 'active', 'cooldown': '12.0', 'manacost': 'null', 'description': 'Fluttering GraceAOE\xa0Buff | Spell Vamp Ratio: 50%Zhuxin deals 150–210 (+30% Total Magic Power) Magic Damage to all enemies in a fan-shaped area and applies 1 stack(s) of Soul Snare. Zhuxin also slows all enemy heroes hit by 20%–40% and gains 20%–40% of extra Movement Speed herself for 1.5 seconds.\n\nLevel scaling\n\n\nProperties\n\n1\n\n2\n\n3\n\n4\n\n5\n\n6\n\n\nCooldown\n\n12.0\n\n11.6\n\n11.2\n\n10.8\n\n10.4\n\n10.0\n\n\nBase Damage\n\n150\n\n162\n\n174\n\n186\n\n198\n\n210\n\n\nMovement Speed Boost\n\n20%\n\n24%\n\n28%\n\n32%\n\n36%\n\n40%\n\n\nMovement S'}, {'skill_name': 'Lantern Flare', 'skill_icon': 'hero-skills-images/zhuxin/skill_2.png', 'type': 'active', 'cooldown': '0.5', 'manacost': '90 / 96 / 102 / 108 / 114 / 120', 'description': 'Lantern FlareDamage\xa0CC | Spell Vamp Ratio: 50%Hold: Zhuxin can move the Spirit Lantern with the skill button, dealing 33–88 (+28% Total Magic Power) Magic Damage to all enemies within range every 0.25 seconds (damage to Minions increased by 28%) and applying Soul Snare to enemy heroes hit, each time consuming 90–120 Mana. When an enemy hero has 10 stacks of Soul Snare, the Crimson Butterflies will capture them, pulling them airborne for 1 second.Release: Throws all captured enemies to the target'}, {'skill_name': 'Crimson Beacon', 'skill_icon': 'hero-skills-images/zhuxin/ultimate.png', 'type': 'active', 'cooldown': '60.0', 'manacost': 'null', 'description': 'Crimson BeaconShield\xa0Mobility | Spell Vamp Ratio: 50%Zhuxin blinks to the target location while gaining a 400–700 (+100% Total Magic Power) shield. While flying, she creates a field around her for 6 seconds. The field deals 60–90 (+20% Total Magic Power) Magic Damage and applies 1 stack of Soul Snare to enemies every 1 second.'}]","['Damage', 'Crowd Control']","[{'heroid': 50, 'heroname': 'Zhask'}, {'heroid': 48, 'heroname': 'Diggie'}, {'heroid': 70, 'heroname': 'Belerick'}, {'heroid': 76, 'heroname': 'Faramis'}, {'heroid': 87, 'heroname': 'Baxia'}, {'heroid': 21, 'heroname': 'Hayabusa'}, {'heroid': 94, 'heroname': 'Popol and Kupa'}, {'heroid': 62, 'heroname': 'Kaja'}]","[{'heroid': 48, 'heroname': 'Diggie'}, {'heroid': 112, 'heroname': 'Floryn'}, {'heroid': 42, 'heroname': 'Harley'}, {'heroid': 121, 'heroname': 'Ixia'}, {'heroid': 69, 'heroname': 'Hanzo'}, {'heroid': 55, 'heroname': 'Angela'}, {'heroid': 63, 'heroname': 'Selena'}, {'heroid': 12, 'heroname': 'Bruno'}, {'heroid': 126, 'heroname': 'Suyou'}, {'heroid': 107, 'heroname': 'Natan'}]"
125,h126,Suyou,https://akmweb.youngjoygame.com/web/svnres/img/mlbb/homepage_1_9_20/100_5e4ca70172332dde18bb1dc158ccc5c8.png,['jungle'],"Assassin, Fighter","[{'skill_name': 'Transient Immortal', 'skill_icon': 'hero-skills-images/suyou/passive.png', 'type': 'passive', 'cooldown': 'null', 'manacost': 'null', 'description': 'Transient ImmortalBuffTap-casting any skill will put Suyou in his Mortal form, grant him 40 Movement Speed and decreasing the interval between Basic Attacks.  Hold-casting any skill will put Suyou in his Immortal form, increasing the damage of Basic Attacks to 125% and granting him 20% Physical Damage Reduction. In this form, for every 20 extra Physical Attack Suyou has, he gains 1% Physical Damage Reduction (up to 40%). Icon\xa0variants Calculation t o t a l P h y s i c a l D M G r e d u c t i o n'}, {'skill_name': 'Blade Surge', 'skill_icon': 'hero-skills-images/suyou/skill_1.png', 'type': 'active', 'cooldown': '8.5', 'manacost': 'null', 'description': ""Blade SurgeMobility\xa0CCTap: Suyou throws his weapon in the target direction, dealing 250–330 (+100% Extra Physical Attack) Physical Damage to enemies in its path. Suyou then blinks to the weapon's location, catches it, and performs a slash in the opposite direction, dealing 375–495 (+150% Extra Physical Attack) Physical Damage.  Hold: Suyou channels the Immortal's power and charges in the target direction, dealing 250–330 (+100% Extra Physical Attack) Physical Damage to enemies along the path. Wh""}, {'skill_name': 'Soul Sever', 'skill_icon': 'hero-skills-images/suyou/skill_2.png', 'type': 'active', 'cooldown': '8.5', 'manacost': 'null', 'description': ""Soul SeverAOE\xa0BurstTap: Suyou performs a sweeping attack with his weapon, dealing [300–492 (+200% Extra Physical Attack) (+target's 20% Lost HP) Physical Damage] to enemies in a fan-shaped area.  Hold: Suyou channels the Immortal's power to perform 3 cleaves in a fan-shaped area. The first two strikes deal 250–410 (+80% Extra Physical Attack) Physical Damage each, while the final strike deals 400–656 (+128% Extra Physical Attack) Physical Damage and recovers 150–230 (+50% Extra Physical Attack) ""}]","['Chase', 'Burst']","[{'heroid': 56, 'heroname': 'Gusion'}, {'heroid': 90, 'heroname': 'Silvanna'}, {'heroid': 109, 'heroname': 'Aamon'}, {'heroid': 118, 'heroname': 'Joy'}, {'heroid': 73, 'heroname': 'Harith'}, {'heroid': 59, 'heroname': 'Uranus'}, {'heroid': 102, 'heroname': 'Mathilda'}, {'heroid': 46, 'heroname': 'Odette'}, {'heroid': 107, 'heroname': 'Natan'}, {'heroid': 101, 'heroname': 'Yve'}]","[{'heroid': 110, 'heroname': 'Valentina'}, {'heroid': 81, 'heroname': 'Esmeralda'}, {'heroid': 59, 'heroname': 'Uranus'}, {'heroid': 73, 'heroname': 'Harith'}, {'heroid': 101, 'heroname': 'Yve'}, {'heroid': 104, 'heroname': 'Gloo'}, {'heroid': 48, 'heroname': 'Diggie'}, {'heroid': 46, 'heroname': 'Odette'}, {'heroid': 102, 'heroname': 'Mathilda'}, {'heroid': 89, 'heroname': 'Wanwan'}]"
126,h127,Lukas,https://akmweb.youngjoygame.com/web/svnres/img/mlbb/homepage_1_9_20/100_63040edd0cf15b815fcbbb8b2d08d7f7.png,"['exp lane, jungle']",Fighter,"[{'skill_name': 'Passive', 'skill_icon': 'hero-skills-images/lukas/passive.png', 'type': 'passive', 'cooldown': 'null', 'manacost': 'null', 'description': ""Hero's ResolveBuffLukas gains 1 Resolve per second and an additional 2 Resolve when dealing damage to heroes.Lukas consumes 10 Resolve per second while in Sacred Beast form. Icon\xa0variants Notes Lukas also gains Hero's Resolve when attacking: an untargetable enemy Vexana's  Eternal Guard. Zhask's  Nightmaric Spawn. Sun's clones. Kupa. Hanzo's  Kinjutsu Pinnacle Ninja.""}, {'skill_name': 'Human FormSacred Beast Form Flash Combo', 'skill_icon': 'hero-skills-images/lukas/skill_1.png', 'type': 'active', 'cooldown': 'null', 'manacost': 'null', 'description': 'Human FormSacred Beast Form Flash ComboDamage\xa0CC | Spell Vamp Ratio: 50%Passive: Lukas can enhance Flash Combo with his Basic Attacks up to 2 times, lasting 4s.Lukas consumes all Vigor to unleash Pulverize, dealing 300 (+120% Total Physical Attack) Physical Damage, plus additional attacks depending on the Vigor consumed (recovers HP equal to 8% of Max HP when hitting a hero):1 Stack: Lukas briefly stuns the target and spins his tonfa hammers to deal 100 (+50% Total Physical Attack) Physical Dama'}, {'skill_name': 'Human FormSacred Beast Form Flash Step', 'skill_icon': 'hero-skills-images/lukas/skill_2.png', 'type': 'active', 'cooldown': 'null', 'manacost': 'null', 'description': 'Human FormSacred Beast Form Flash StepMobility\xa0BuffLukas dashes in the target direction and turns his next Basic Attack within 4s into Flash Strike.Flash Strike: Lukas blinks behind the enemy, dealing 60 (+125% Total Physical Attack) Physical Damage. He then increases his Attack Range, gains 20% Movement Speed and 20% Attack Speed, and summons lightning storms with Basic Attacks to deal 40 (+25% Total Physical Attack) extra  Physical Damage, lasting for 4s. Icon\xa0variants'}, {'skill_name': 'Human FormSacred Beast Form Unleash the BeastMorph', 'skill_icon': 'hero-skills-images/lukas/ultimate.png', 'type': 'active', 'cooldown': 'null', 'manacost': 'null', 'description': 'Human FormSacred Beast Form Unleash the BeastMorph\xa0BuffLukas transforms into his Sacred Beast form. While in this state, his base Movement Speed is increased by 30, all attributes are increased by 15%, and his skills gain new effects.Use Again: Lukas in Sacred Beast form fires a Shockwave Blast in the target direction that will explode upon hitting an enemy hero or reaching its maximum range, dealing 450 (+150% Total Physical Attack) Physical Damage.""All attributes"" include HP, Physical Attack, '}]","['Regen', 'Damage']","[{'heroid': 106, 'heroname': 'Phoveus'}, {'heroid': 87, 'heroname': 'Baxia'}, {'heroid': 2, 'heroname': 'Balmond'}, {'heroid': 99, 'heroname': 'Barats'}, {'heroid': 28, 'heroname': 'Alpha'}, {'heroid': 72, 'heroname': 'Thamuz'}, {'heroid': 83, 'heroname': 'X.Borg'}, {'heroid': 110, 'heroname': 'Valentina'}, {'heroid': 119, 'heroname': 'Novaria'}, {'heroid': 123, 'heroname': 'Cici'}]","[{'heroid': 55, 'heroname': 'Angela'}, {'heroid': 106, 'heroname': 'Phoveus'}, {'heroid': 124, 'heroname': 'Chip'}, {'heroid': 67, 'heroname': 'Leomord'}, {'heroid': 76, 'heroname': 'Faramis'}, {'heroid': 112, 'heroname': 'Floryn'}, {'heroid': 107, 'heroname': 'Natan'}, {'heroid': 80, 'heroname': 'Guinevere'}, {'heroid': 62, 'heroname': 'Kaja'}, {'heroid': 98, 'heroname': 'Khaleed'}]"
127,h128,Kalea,https://akmweb.youngjoygame.com/web/svnres/img/mlbb/homepage_1_9_64/100_4f3d4649e301c76daf20bd8811f3095c.png,['roam'],"Support, Fighter","[{'skill_name': 'Surge of Life', 'skill_icon': 'hero-skills-images/kalea/passive.png', 'type': 'passive', 'cooldown': 'null', 'manacost': 'null', 'description': 'Surge of LifeBuffAfter casting a skill, Kalea creates a Water Zone on the ground. When Kalea casts a skill within this zone, she will absorb it to enhance her next three Basic Attacks with different effects:First Basic Attack: Kalea dashes to the target, dealing (+100% Total Physical Attack) Physical Damage.Second Basic Attack: Kalea unleashes a flurry of attacks, dealing 300 (+100% Total Physical Attack) Physical Damage and recovering 120 (+10% Total HP) (+60% Total Magic Power) HP for herself '}, {'skill_name': 'Wavebreaker', 'skill_icon': 'hero-skills-images/kalea/skill_1.png', 'type': 'active', 'cooldown': '4.0', 'manacost': 'null', 'description': 'WavebreakerAOEKalea slams her fist into the ground, creating a wave that deals 250 (+5% Total HP) Physical Damage to nearby enemies and slows them by 40% for 1.5 seconds. Icon\xa0variants'}, {'skill_name': 'Tidal Strike', 'skill_icon': 'hero-skills-images/kalea/skill_2.png', 'type': 'active', 'cooldown': '13.0', 'manacost': 'null', 'description': 'Tidal StrikeMobility\xa0CCKalea charges forward and body slams the first enemy hero she encounters, knocking them airborne for 0.6s while dealing 150 (+60% Total Physical Attack) Physical Damage.If she collides with an obstacle or touches the edge of a Water Zone during her charge, Kalea will leap into the air. Cast the skill again to slam down at a target location, dealing 150 (+60% Total Physical Attack) Physical Damage and knocking enemies airborne for 0.6s. Icon\xa0variants'}, {'skill_name': 'Tsunami Slam', 'skill_icon': 'hero-skills-images/kalea/ultimate.png', 'type': 'active', 'cooldown': '55.0', 'manacost': 'null', 'description': ""Tsunami SlamCCKalea grabs an enemy hero with her tail and slams them down in the Joystick's direction, dealing 300 (+80% Total Physical Attack) Physical Damage to the target and nearby enemies. Icon\xa0variants""}]","['Control', 'Regen']","[{'heroid': 69, 'heroname': 'Hanzo'}, {'heroid': 60, 'heroname': 'Hanabi'}, {'heroid': 106, 'heroname': 'Phoveus'}, {'heroid': 74, 'heroname': 'Minsitthar'}, {'heroid': 48, 'heroname': 'Diggie'}, {'heroid': 2, 'heroname': 'Balmond'}, {'heroid': 27, 'heroname': 'Sun'}, {'heroid': 92, 'heroname': 'Carmilla'}, {'heroid': 101, 'heroname': 'Yve'}]","[{'heroid': 74, 'heroname': 'Minsitthar'}, {'heroid': 11, 'heroname': 'Bane'}, {'heroid': 24, 'heroname': 'Natalia'}, {'heroid': 30, 'heroname': 'Yi Sun-shin'}, {'heroid': 76, 'heroname': 'Faramis'}, {'heroid': 88, 'heroname': 'Masha'}, {'heroid': 107, 'heroname': 'Natan'}, {'heroid': 115, 'heroname': 'Xavier'}, {'heroid': 120, 'heroname': 'Arlott'}, {'heroid': 37, 'heroname': 'Lapu-Lapu'}]"
128,h129,Zetian,https://akmweb.youngjoygame.com/web/svnres/img/mlbb/homepage_1_9_90/100_8d965f05f84621a51f799aeb8fb5f4c4.png,['mid lane'],Mage,"[{'skill_name': 'Celestial Armament', 'skill_icon': 'hero-skills-images/zetian/passive.png', 'type': 'passive', 'cooldown': 'null', 'manacost': 'null', 'description': 'Celestial ArmamentShield\xa0CCPhoenix Crown: When Zetian hits enemy heroes with Phoenix Strike or Phoenix Descent, she gains 0.5% Spell Vamp for 5s, stacking up to 10 times.Celestial Robe: The power of the Phoenix periodically protects Zetian, knocking back and stunning any enemy hero who dares approach her while dealing 90 (+10*Hero Level) (+50% Total Magic Power) Magic Damage to them. She also gains a 300 (+20*Hero Level) (+50% Total Magic Power) Shield that lasts 3s. This effect has a 120s coold'}, {'skill_name': 'Phoenix Strike', 'skill_icon': 'hero-skills-images/zetian/skill_1.png', 'type': 'active', 'cooldown': '7.0', 'manacost': '70 / 80 / 90 / 100 / 110 / 120', 'description': 'Phoenix StrikeDamage\xa0Speed Up | Spell Vamp Ratio: 100%Zetian unleashes a Phoenix Wave in the target direction. If it hits an enemy, she automatically casts another wave, up to 3 times. While casting, Zetian can move with 10% increased Movement Speed and can use other skills.The three Phoenix Waves deal 185 (+30% Total Magic Power) Magic Damage/185 (+50% Total Magic Power) Magic Damage/330 (+70% Total Magic Power) Magic Damage, respectively. The third wave hits a larger area and includes a small '}, {'skill_name': 'Phoenix Descent', 'skill_icon': 'hero-skills-images/zetian/skill_2.png', 'type': 'active', 'cooldown': '15.0', 'manacost': '80 / 90 / 100 / 110 / 120 / 130', 'description': ""Phoenix DescentSlow\xa0Debuff | Spell Vamp Ratio: 50%Zetian summons a Phoenix Spirit at the target location, dealing 150 (+30% Total Magic Power) Magic Damage and applying a 50% Slow Effect to enemies in the area. The Phoenix Spirit hovers at the location for 3s, dealing 20 (+10% Total Magic Power) Magic Damage every 0.5s and reducing enemies' Magic Defense by 10%.While the Phoenix Spirit is active, Zetian can use this skill again to command it to charge toward a designated location, dealing 150 (+""}, {'skill_name': 'Fury of the Phoenix', 'skill_icon': 'hero-skills-images/zetian/ultimate.png', 'type': 'active', 'cooldown': '90.0', 'manacost': '150 / 180 / 210', 'description': 'Fury of the PhoenixCC\xa0Damage | Spell Vamp Ratio: 50%Zetian calls upon her divine mandate and the hearts of her people, granting all allied heroes 60% Movement Speed that gradually decays over 3s, while bringing divine retribution upon all enemy heroes, dealing 400 (+100% Total Magic Power) Magic Damage and stunning them for 1s. Zetian gains vision of all enemy heroes during this time.Zetian can cast other skills while channeling this skill.'}]","['Damage', 'Crowd Control']","[{'heroid': 104, 'heroname': 'Gloo'}, {'heroid': 59, 'heroname': 'Uranus'}, {'heroid': 73, 'heroname': 'Harith'}, {'heroid': 110, 'heroname': 'Valentina'}, {'heroid': 87, 'heroname': 'Baxia'}, {'heroid': 112, 'heroname': 'Floryn'}, {'heroid': 34, 'heroname': 'Estes'}, {'heroid': 30, 'heroname': 'Yi Sun-shin'}, {'heroid': 65, 'heroname': 'Claude'}, {'heroid': 35, 'heroname': 'Hilda'}]","[{'heroid': 42, 'heroname': 'Harley'}, {'heroid': 8, 'heroname': 'Karina'}, {'heroid': 24, 'heroname': 'Natalia'}, {'heroid': 109, 'heroname': 'Aamon'}, {'heroid': 116, 'heroname': 'Julian'}, {'heroid': 56, 'heroname': 'Gusion'}, {'heroid': 4, 'heroname': 'Alice'}, {'heroid': 63, 'heroname': 'Selena'}]"
129,h130,Obsidia,https://akmweb.youngjoygame.com/web/svnres/img/mlbb/homepage_2_1_18/100_9c3daef5625bfade5c4cb8a219845dd3.png,['gold lane'],Marksman,"[{'skill_name': 'Return to Bone', 'skill_icon': 'hero-skills-images/obsidia/passive.png', 'type': 'passive', 'cooldown': 'null', 'manacost': 'null', 'description': 'Return to BoneBuffWhen Obsidia deals damage to enemies, she gains Bone Energy (Basic Attacks against non-hero units grant 1 Energy, against hero units grant 2 Energy, and skills grant 3 times the Energy. No Energy is gained from hitting creeps). When Bone Energy reaches 30, it forms a Bone Shard, up to 25 shards. When Obsidia uses Basic Attacks, all Bone Shards strike the target, each dealing (7% Total Physical Attack) Physical Damage and inheriting 7% Attack Effects.'}, {'skill_name': 'Abyssal Bone Needle', 'skill_icon': 'hero-skills-images/obsidia/skill_1.png', 'type': 'active', 'cooldown': '4.5', 'manacost': '35 / 38 / 41 / 44 / 47 / 50', 'description': 'Abyssal Bone NeedleDamage\xa0AOEObsidia launches an Abyssal Bone Needle dealing 325 (+80% Total Physical Attack) Physical Damage to enemies hit and triggering Return to Bone on the first enemy hero attack.'}, {'skill_name': 'Skill 2', 'skill_icon': 'hero-skills-images/obsidia/skill_2.png', 'type': 'active', 'cooldown': '4.5', 'manacost': '35 / 40 / 45 / 50 / 55 / 60', 'description': 'Phantom ShadowmeldSpeed UpObsidia descends into the Abyss and enters Shadowmeld Form, gaining 500% Movement Speed for 0.3s.'}, {'skill_name': 'Hunt of Bone', 'skill_icon': 'hero-skills-images/obsidia/ultimate.png', 'type': 'active', 'cooldown': '40.0', 'manacost': '100 / 50 / 0', 'description': 'Hunt of BoneCC\xa0MobilityObsidia shoots Bones of Wrath, in the target direction, dealing 125 (+60% Total Physical Attack) Physical Damage and briefly stunning the first enemy hero hit, and pulls herself near them. The Bones of Wrath then tether to the enemy, preventing Obsidia from moving more than 4 units away from them. The enemy cannot use displacement skills, and their movement will pull Obsidia along. During this time, Obsidia gains 5 temporary Bone Shard(s). This effect lasts 3s. During this'}]","['Finisher', 'Damage']","[{'heroid': 87, 'heroname': 'Baxia'}, {'heroid': 70, 'heroname': 'Belerick'}, {'heroid': 1, 'heroname': 'Miya'}, {'heroid': 8, 'heroname': 'Karina'}, {'heroid': 59, 'heroname': 'Uranus'}, {'heroid': 94, 'heroname': 'Popol and Kupa'}, {'heroid': 46, 'heroname': 'Odette'}, {'heroid': 76, 'heroname': 'Faramis'}, {'heroid': 34, 'heroname': 'Estes'}, {'heroid': 15, 'heroname': 'Eudora'}]","[{'heroid': 23, 'heroname': 'Gord'}, {'heroid': 9, 'heroname': 'Akai'}, {'heroid': 17, 'heroname': 'Fanny'}, {'heroid': 5, 'heroname': 'Nana'}, {'heroid': 113, 'heroname': 'Yin'}, {'heroid': 2, 'heroname': 'Balmond'}, {'heroid': 20, 'heroname': 'Lolita'}, {'heroid': 104, 'heroname': 'Gloo'}, {'heroid': 69, 'heroname': 'Hanzo'}, {'heroid': 75, 'heroname': 'Kadita'}]"
130,h131,Sora,https://www.deviantart.com/wolvesdzn/art/New-Hero-Sora-Render-Png-By-Wolvesdzn-1255331825,['exp lane'],"Fighter, Assassin","[{'skill_name': 'Mystic Surge', 'skill_icon': 'hero-skills-images/sora/passive.png', 'type': 'passive', 'cooldown': 'null', 'manacost': 'null', 'description': 'Mystic SurgeBuffSora ascends to Thunder or Torrent via Ultimate. Dealing damage to heroes grants Cloudstep stacks (5 = True Art unlock). Thunder Form: Converts 30% Max HP into Physical Attack at 10% ratio, adopting an assassin style. Torrent Form: Converts each point of Physical Attack into 10 Max HP, adopting a tank style.'}, {'skill_name': 'Sundering Strike', 'skill_icon': 'hero-skills-images/sora/skill_1.png', 'type': 'active', 'cooldown': '5.0', 'manacost': 'null', 'description': 'Sundering StrikeDamage MobilityDefault: Strikes twice (140-220 + 50% PA), lunges forward (240-440 + 5% HP). Can dash after. Thunder (Thunderflash): Strikes four times (140-220 + 50% PA), lunges forward (240-440 + 5% HP). Free movement during. Torrent (Overwhelm): Strikes twice with 40% slow (140-220 + 50% PA), lunges with 0.5s stun (240-440 + 5% HP).'}, {'skill_name': 'Windstride', 'skill_icon': 'hero-skills-images/sora/skill_2.png', 'type': 'active', 'cooldown': '8.0', 'manacost': 'null', 'description': 'WindstrideMobility DamageDefault: Leaps forward (140-200 + 55% PA), slams ground with 40% slow 0.5s (140-200 + 8% HP). CD reduced 2s on hit. Thunder (Thunder Rush): Leaps forward (140-200 + 55% PA), summons storm with 50% slow 0.5s (140-200 + 8% HP). Recastable within 4s on hit. Torrent (Skyfall): Leaps with knockback (140-200 + 55% PA), smashes ground with 0.5s airborne (140-200 + 8% HP). CD reduced 2s on hit.'}, {'skill_name': 'Shifting Skies', 'skill_icon': 'hero-skills-images/sora/ultimate.png', 'type': 'active', 'cooldown': '24.0', 'manacost': 'null', 'description': ""Shifting SkiesTransformation DamageThunder Ascent: Becomes untargetable briefly, summons 3 lightning strikes (140-200 + 50% PA each). 10s duration. Torrent Ascent: Pulls nearby enemies after delay, deals damage (250-450 + 8% HP). 10s duration. Thunder True Art (Heaven's Wrath): Leaps and strikes area 15 times (60-100 + 40% PA per hit). Free movement. Torrent True Art (Stormbind): Leaps and strikes area 5 times (100-150 + 6% HP per hit) with stun. Free movement, ignores terrain.""}]","['Charge', 'Burst']",[],[]
131,h132,Marcel,https://www.mobilelegends.com/hero/detail?channelid=3280483&heroid=132,['roam'],Support,"[{'skill_name': 'Platinum Snap', 'skill_icon': 'hero-skills-images/marcel/passive.png', 'type': 'passive', 'cooldown': '12.0', 'manacost': 'null', 'description': ""Marcel's split soul, Clemar, enters the camera to freeze the moment. Marcel's Basic Attacks deal 50 (+40% Total Physical Attack) (+40% Total Physical Defense) (+40% Total Magic Defense) Physical Damage but cannot Crit. He cannot benefit from extra Attack Speed. Extra HP is converted into 1.5% Hybrid Defense. Clemar automatically snaps photos of nearby enemy heroes, causing a brief Frozen Moment and dealing True Damage equal to 20 + 5% of their Max HP (can trigger attack effects). It also grants a shield of the same amount to Marcel and a nearby allied hero. This effect has a 12s cooldown per target; Marcel Basic Attacks reduce that target's cooldown by 1s.""}, {'skill_name': 'Framed Moment', 'skill_icon': 'hero-skills-images/marcel/skill_1.png', 'type': 'active', 'cooldown': '12.5', 'manacost': '40', 'description': 'Clemar focuses on an area around Marcel, slowing enemy heroes in range by 20%. After 2.5s, he completes the shot, dealing 370–520 (+50% Total Physical Attack) (+100% Total Physical Defense) (+100% Total Magic Defense) Physical Damage to enemies within range and immobilizing them for 1s.'}, {'skill_name': 'Tracking Shot', 'skill_icon': 'hero-skills-images/marcel/skill_2.png', 'type': 'active', 'cooldown': '12.5', 'manacost': '70', 'description': 'Marcel enters Tracking Haste for 3s, gaining 15%–27.5% Movement Speed (increases to 75%–112.5% when moving toward an enemy hero). Use again: Marcel dashes in the target direction, leaving a framing phantom behind. If Framed Moment is active, Clemar remains at the original location to continue shooting.'}, {'skill_name': 'Golden Hour', 'skill_icon': 'hero-skills-images/marcel/ultimate.png', 'type': 'active', 'cooldown': '74.0', 'manacost': '150', 'description': 'Marcel and Clemar perform a joint shoot. After a short delay, Clemar takes a wide-angle shot of a designated area for 3s. During this time, Marcel enters Tracking Haste within the area. All other units are put into Frozen Moment and are immune to all effects except from Marcel. All ranged Basic Attacks and projectiles are also frozen and will resolve after a delay. Golden Hour resets the cooldown of Platinum Snap for each enemy hero.'}]","['Crowd Control', 'Support']",[],[]
132,h133,Hirara,https://www.deviantart.com/wolvesdzn/art/New-Hero-Hirara-Mlbb-Render-PNG-1307198169,['jungle'],Assassin,[],"['Chase', 'Finisher']","[{'heroid': 23, 'heroname': 'Cyclops'}, {'heroid': 7, 'heroname': 'Alucard'}, {'heroid': 3, 'heroname': 'Saber'}, {'heroid': 46, 'heroname': 'Odette'}, {'heroid': 111, 'heroname': 'Edith'}, {'heroid': 78, 'heroname': 'Khufra'}, {'heroid': 93, 'heroname': 'Atlas'}, {'heroid': 41, 'heroname': 'Gatotkaca'}, {'heroid': 104, 'heroname': 'Gloo'}, {'heroid': 117, 'heroname': 'Fredrinn'}]","[{'heroid': 55, 'heroname': 'Angela'}, {'heroid': 112, 'heroname': 'Floryn'}, {'heroid': 99, 'heroname': 'Barats'}, {'heroid': 8, 'heroname': 'Karina'}, {'heroid': 125, 'heroname': 'Zhuxin'}, {'heroid': 93, 'heroname': 'Atlas'}, {'heroid': 102, 'heroname': 'Mathilda'}, {'heroid': 9, 'heroname': 'Akai'}, {'heroid': 56, 'heroname': 'Gusion'}, {'heroid': 73, 'heroname': 'Harith'}]"
